store_name,store_postal,product_name,persona,size_type,description,price_cad,unit,available,price_approximate,collection_date,needs_manual_review
Real Canadian Superstore Seymour Blvd,V7J 2J4,Basmati Rice,South Asian,small,Suraj Aged Basmati Rice 1.81kg (closest to 2kg),6,each,TRUE,FALSE,2026-05-11,FALSE
Real Canadian Superstore Seymour Blvd,V7J 2J4,Basmati Rice,South Asian,bulk,Daawat Basmati Rice 4kg (no 10kg available),19.49,each,TRUE,FALSE,2026-05-11,FALSE
Real Canadian Superstore Seymour Blvd,V7J 2J4,Whole Wheat Atta,South Asian,small,Fortune Whole Wheat Flour Chakki Fresh Atta 9.07kg (no smaller atta; Low Stock),17.99,each,TRUE,FALSE,2026-05-11,FALSE
Real Canadian Superstore Seymour Blvd,V7J 2J4,Whole Wheat Atta,South Asian,bulk,Aashirvaad Whole Wheat Flour 9.07kg,22.99,each,TRUE,FALSE,2026-05-11,FALSE
Real Canadian Superstore Seymour Blvd,V7J 2J4,Toor Dal/Red Lentils,South Asian,small,Suraj Toor Dal Dry 907g,4.99,each,TRUE,FALSE,2026-05-11,FALSE
Real Canadian Superstore Seymour Blvd,V7J 2J4,Toor Dal/Red Lentils,South Asian,bulk,Suraj Split Pigeon Peas 3.63kg (closest to 4kg),15,each,TRUE,FALSE,2026-05-11,FALSE
Real Canadian Superstore Seymour Blvd,V7J 2J4,Whole Milk,South Asian,small,Dairyland 3.25% Milk 1L,3.04,each,TRUE,FALSE,2026-05-11,FALSE
Real Canadian Superstore Seymour Blvd,V7J 2J4,Whole Milk,South Asian,bulk,Dairyland 3.25% Milk 4L,6.11,each,TRUE,FALSE,2026-05-11,FALSE
Real Canadian Superstore Seymour Blvd,V7J 2J4,Yellow Onions,South Asian,small,Farmer's Market Yellow Onions 3lb bag (1.36kg; sale $2.94 limit 2),2.94,each,TRUE,FALSE,2026-05-11,FALSE
Real Canadian Superstore Seymour Blvd,V7J 2J4,Yellow Onions,South Asian,bulk,Farmer's Market Yellow Onions 10lb bag (4.54kg),9.5,each,TRUE,FALSE,2026-05-11,FALSE
Real Canadian Superstore Seymour Blvd,V7J 2J4,Roma Tomatoes,South Asian,small,Roma Tomatoes per kg - $7.69/kg sold by weight,7.69,per_kg,TRUE,FALSE,2026-05-11,FALSE
Real Canadian Superstore Seymour Blvd,V7J 2J4,Roma Tomatoes,South Asian,bulk,Roma Tomatoes per kg - $7.69/kg (no bulk bag; sold by weight),7.69,per_kg,TRUE,FALSE,2026-05-11,FALSE
Real Canadian Superstore Seymour Blvd,V7J 2J4,Chicken Thighs,South Asian,small,Chicken Thighs Club Pack $8.82/kg (sold by weight; on sale),8.82,per_kg,TRUE,FALSE,2026-05-11,FALSE
Real Canadian Superstore Seymour Blvd,V7J 2J4,Chicken Thighs,South Asian,bulk,No Name Club Pack Chicken Thighs Bone-In 2kg,22,each,TRUE,FALSE,2026-05-11,FALSE
Real Canadian Superstore Seymour Blvd,V7J 2J4,Plain/Balkan Yogurt,South Asian,small,Astro Original Balkan Style Plain Yogurt 6% 750g,3.27,each,TRUE,FALSE,2026-05-11,FALSE
Real Canadian Superstore Seymour Blvd,V7J 2J4,Plain/Balkan Yogurt,South Asian,bulk,"Olympic Organic Plain Yogurt 3.5% 1.75kg (sale $11.47; limit 2, after $13.99)",11.47,each,TRUE,FALSE,2026-05-11,FALSE
Real Canadian Superstore Seymour Blvd,V7J 2J4,Garlic,South Asian,small,Colossal Fresh Garlic - Out of Stock,,each,FALSE,FALSE,2026-05-11,TRUE
Real Canadian Superstore Seymour Blvd,V7J 2J4,Garlic,South Asian,bulk,Garlic Bulbs 1kg,6,each,TRUE,FALSE,2026-05-11,FALSE
Real Canadian Superstore Seymour Blvd,V7J 2J4,Canola Oil,South Asian,small,No Name 100% Pure Canola Oil 946ml,5.5,each,TRUE,FALSE,2026-05-11,FALSE
Real Canadian Superstore Seymour Blvd,V7J 2J4,Canola Oil,South Asian,bulk,"No Name 100% Pure Canola Oil 3L (sale $7.37; limit 2, after $8.79)",7.37,each,TRUE,FALSE,2026-05-11,FALSE
Real Canadian Superstore Seymour Blvd,V7J 2J4,Jasmine Rice,Chinese,small,Rooster Thai Hom Mali Scented Jasmine Rice 2kg,5,each,TRUE,FALSE,2026-05-11,FALSE
Real Canadian Superstore Seymour Blvd,V7J 2J4,Jasmine Rice,Chinese,bulk,Rooster Scented Jasmine Rice 8kg (no 10kg available),19.99,each,TRUE,FALSE,2026-05-11,FALSE
Real Canadian Superstore Seymour Blvd,V7J 2J4,Bok Choy,Chinese,small,Baby Bok Choy $6.61/kg sold by weight (approx 500g bunch ~$3.30),6.61,per_kg,TRUE,FALSE,2026-05-11,FALSE
Real Canadian Superstore Seymour Blvd,V7J 2J4,Bok Choy,Chinese,bulk,Baby Bok Choy $6.61/kg sold by weight (2kg = ~$13.22),6.61,per_kg,TRUE,FALSE,2026-05-11,FALSE
Real Canadian Superstore Seymour Blvd,V7J 2J4,Firm Tofu,Chinese,small,"Sunrise Tofu Extra Firm 350g (sale $3.44; limit 2, after $3.99)",3.44,each,TRUE,FALSE,2026-05-11,FALSE
Real Canadian Superstore Seymour Blvd,V7J 2J4,Firm Tofu,Chinese,bulk,"Sunrise Tofu, Firm 500g",3.49,each,TRUE,FALSE,2026-05-11,FALSE
Real Canadian Superstore Seymour Blvd,V7J 2J4,Kikkoman Soy Sauce,Chinese,small,Kikkoman Less Sodium Soy Sauce 295ml (no 250ml; closest size),5.99,each,TRUE,FALSE,2026-05-11,FALSE
Real Canadian Superstore Seymour Blvd,V7J 2J4,Kikkoman Soy Sauce,Chinese,bulk,Kikkoman Soy Sauce 591ml (no 1.89L Kikkoman available),6.79,each,TRUE,FALSE,2026-05-11,TRUE
Real Canadian Superstore Seymour Blvd,V7J 2J4,Silk Soy Milk,Chinese,small,Silk Soy Milk Alt. Unsweetened Shelf Stable 946ml,3.79,each,TRUE,FALSE,2026-05-11,FALSE
Real Canadian Superstore Seymour Blvd,V7J 2J4,Silk Soy Milk,Chinese,bulk,Silk Soy Milk Alt. Original Dairy Free 1.89L ($5.29; 2 for $9.00),5.29,each,TRUE,FALSE,2026-05-11,TRUE
Real Canadian Superstore Seymour Blvd,V7J 2J4,Eggs Large,Chinese,small,No Name Large Grade A Eggs 12ct,4.14,each,TRUE,FALSE,2026-05-11,FALSE
Real Canadian Superstore Seymour Blvd,V7J 2J4,Eggs Large,Chinese,bulk,"Foremost Large Size Eggs 18-Pack (sale $5.44; limit 1, reg $7.41)",5.44,each,TRUE,FALSE,2026-05-11,FALSE
Real Canadian Superstore Seymour Blvd,V7J 2J4,Green Onions,Chinese,small,"Green Onion 1 bunch (sale $0.77; limit 2, reg $1.79)",0.77,each,TRUE,FALSE,2026-05-11,FALSE
Real Canadian Superstore Seymour Blvd,V7J 2J4,Green Onions,Chinese,bulk,Green Onion individual bunches only (no 3-pack; 3x$1.79=$5.37 est.),5.37,each,TRUE,TRUE,2026-05-11,FALSE
Real Canadian Superstore Seymour Blvd,V7J 2J4,Sesame Oil,Chinese,small,Kadoya Pure Sesame Oil 327ml,6.99,each,TRUE,FALSE,2026-05-11,FALSE
Real Canadian Superstore Seymour Blvd,V7J 2J4,Sesame Oil,Chinese,bulk,Lee Kum Kee Pure Sesame Oil 443ml (no 1L available; largest size),8.99,each,TRUE,FALSE,2026-05-11,FALSE
Real Canadian Superstore Seymour Blvd,V7J 2J4,Pork Shoulder,Chinese,small,Pork Shoulder Blade Club Pack $16.51/kg sold by weight (~1kg),16.51,per_kg,TRUE,FALSE,2026-05-11,FALSE
Real Canadian Superstore Seymour Blvd,V7J 2J4,Pork Shoulder,Chinese,bulk,Pork Shoulder Blade Roast $15.41/kg sold by weight (~2-3kg; Low Stock),15.41,per_kg,TRUE,FALSE,2026-05-11,FALSE
Real Canadian Superstore Seymour Blvd,V7J 2J4,Napa Cabbage,Chinese,small,Chinese Napa Cabbage $4.39/kg sold by weight (approx 1 head),4.39,per_kg,TRUE,FALSE,2026-05-11,FALSE
Real Canadian Superstore Seymour Blvd,V7J 2J4,Napa Cabbage,Chinese,bulk,Chinese Napa Cabbage $4.39/kg sold by weight (no bag; larger head),4.39,per_kg,TRUE,FALSE,2026-05-11,FALSE
Real Canadian Superstore Seymour Blvd,V7J 2J4,Eggs Large,Filipino,small,No Name Large Grade A Eggs 12ct,4.14,each,TRUE,FALSE,2026-05-11,FALSE
Real Canadian Superstore Seymour Blvd,V7J 2J4,Eggs Large,Filipino,bulk,"Foremost Large Size Eggs 18-Pack (sale $5.44; limit 1, reg $7.41)",5.44,each,TRUE,FALSE,2026-05-11,FALSE
Real Canadian Superstore Seymour Blvd,V7J 2J4,Eggs Large,Korean,small,No Name Large Grade A Eggs 12ct,4.14,each,TRUE,FALSE,2026-05-11,FALSE
Real Canadian Superstore Seymour Blvd,V7J 2J4,Eggs Large,Korean,bulk,"Foremost Large Size Eggs 18-Pack (sale $5.44; limit 1, reg $7.41)",5.44,each,TRUE,FALSE,2026-05-11,FALSE
Real Canadian Superstore Seymour Blvd,V7J 2J4,Eggs Large,European,small,No Name Large Grade A Eggs 12ct,4.14,each,TRUE,FALSE,2026-05-11,FALSE
Real Canadian Superstore Seymour Blvd,V7J 2J4,Eggs Large,European,bulk,"Foremost Large Size Eggs 18-Pack (sale $5.44; limit 1, reg $7.41)",5.44,each,TRUE,FALSE,2026-05-11,FALSE
Real Canadian Superstore Seymour Blvd,V7J 2J4,Eggs Large,Indigenous,small,No Name Large Grade A Eggs 12ct,4.14,each,TRUE,FALSE,2026-05-11,FALSE
Real Canadian Superstore Seymour Blvd,V7J 2J4,Eggs Large,Indigenous,bulk,"Foremost Large Size Eggs 18-Pack (sale $5.44; limit 1, reg $7.41)",5.44,each,TRUE,FALSE,2026-05-11,FALSE
Real Canadian Superstore Seymour Blvd,V7J 2J4,Eggs Large,Others,small,No Name Large Grade A Eggs 12ct,4.14,each,TRUE,FALSE,2026-05-11,FALSE
Real Canadian Superstore Seymour Blvd,V7J 2J4,Eggs Large,Others,bulk,"Foremost Large Size Eggs 18-Pack (sale $5.44; limit 1, reg $7.41)",5.44,each,TRUE,FALSE,2026-05-11,FALSE
Real Canadian Superstore Seymour Blvd,V7J 2J4,Sesame Oil,Korean,small,Kadoya Pure Sesame Oil 327ml,6.99,each,TRUE,FALSE,2026-05-11,FALSE
Real Canadian Superstore Seymour Blvd,V7J 2J4,Sesame Oil,Korean,bulk,Lee Kum Kee Pure Sesame Oil 443ml (no 1L available; largest size),8.99,each,TRUE,FALSE,2026-05-11,FALSE
Real Canadian Superstore Seymour Blvd,V7J 2J4,Whole Milk,European,small,Dairyland 3.25% Milk 1L,3.04,each,TRUE,FALSE,2026-05-11,FALSE
Real Canadian Superstore Seymour Blvd,V7J 2J4,Whole Milk,European,bulk,Dairyland 3.25% Milk 4L,6.11,each,TRUE,FALSE,2026-05-11,FALSE
Real Canadian Superstore Seymour Blvd,V7J 2J4,Whole Milk,Indigenous,small,Dairyland 3.25% Milk 1L,3.04,each,TRUE,FALSE,2026-05-11,FALSE
Real Canadian Superstore Seymour Blvd,V7J 2J4,Whole Milk,Indigenous,bulk,Dairyland 3.25% Milk 4L,6.11,each,TRUE,FALSE,2026-05-11,FALSE
Real Canadian Superstore Seymour Blvd,V7J 2J4,Whole Milk,Others,small,Dairyland 3.25% Milk 1L,3.04,each,TRUE,FALSE,2026-05-11,FALSE
Real Canadian Superstore Seymour Blvd,V7J 2J4,Whole Milk,Others,bulk,Dairyland 3.25% Milk 4L,6.11,each,TRUE,FALSE,2026-05-11,FALSE
Real Canadian Superstore Seymour Blvd,V7J 2J4,Yellow Onions,Filipino,small,Farmer's Market Yellow Onions 3lb bag (1.36kg; sale $2.94 limit 2),2.94,each,TRUE,FALSE,2026-05-11,FALSE
Real Canadian Superstore Seymour Blvd,V7J 2J4,Yellow Onions,Filipino,bulk,Farmer's Market Yellow Onions 10lb bag (4.54kg),9.5,each,TRUE,FALSE,2026-05-11,FALSE
Real Canadian Superstore Seymour Blvd,V7J 2J4,Garlic,Filipino,small,Colossal Fresh Garlic - Out of Stock,,each,FALSE,FALSE,2026-05-11,TRUE
Real Canadian Superstore Seymour Blvd,V7J 2J4,Garlic,Filipino,bulk,Garlic Bulbs 1kg,6,each,TRUE,FALSE,2026-05-11,FALSE
Real Canadian Superstore Seymour Blvd,V7J 2J4,Canola Oil,Filipino,small,No Name 100% Pure Canola Oil 946ml,5.5,each,TRUE,FALSE,2026-05-11,FALSE
Real Canadian Superstore Seymour Blvd,V7J 2J4,Canola Oil,Filipino,bulk,"No Name 100% Pure Canola Oil 3L (sale $7.37; limit 2, after $8.79)",7.37,each,TRUE,FALSE,2026-05-11,FALSE
Real Canadian Superstore Seymour Blvd,V7J 2J4,Canola Oil,Others,small,No Name 100% Pure Canola Oil 946ml,5.5,each,TRUE,FALSE,2026-05-11,FALSE
Real Canadian Superstore Seymour Blvd,V7J 2J4,Canola Oil,Others,bulk,"No Name 100% Pure Canola Oil 3L (sale $7.37; limit 2, after $8.79)",7.37,each,TRUE,FALSE,2026-05-11,FALSE
Real Canadian Superstore Seymour Blvd,V7J 2J4,White Rice,Filipino,small,No Name Long Grain White Rice 2kg,5,each,TRUE,FALSE,2026-05-11,FALSE
Real Canadian Superstore Seymour Blvd,V7J 2J4,White Rice,Filipino,bulk,Rooster Extra Fancy Long Grain Rice 8kg (no 10kg available),17,each,TRUE,FALSE,2026-05-11,FALSE
Real Canadian Superstore Seymour Blvd,V7J 2J4,Frozen Tilapia,Filipino,small,Seaquest Tilapia Fillets 400g,8.99,each,TRUE,FALSE,2026-05-11,FALSE
Real Canadian Superstore Seymour Blvd,V7J 2J4,Frozen Tilapia,Filipino,bulk,Seaquest Tilapia Fillets Club Size 1kg,18.99,each,TRUE,FALSE,2026-05-11,FALSE
Real Canadian Superstore Seymour Blvd,V7J 2J4,Coconut Milk,Filipino,small,Aroy-D Coconut Milk 400ml canned,2.49,each,TRUE,FALSE,2026-05-11,FALSE
Real Canadian Superstore Seymour Blvd,V7J 2J4,Coconut Milk,Filipino,bulk,Aroy-D Coconut Milk 400ml x3 (no 6-pack; 3x$2.49=$7.47 est.),7.47,each,TRUE,TRUE,2026-05-11,FALSE
Real Canadian Superstore Seymour Blvd,V7J 2J4,Fish Sauce,Filipino,small,Cock Brand Fish Sauce 200ml (sale $1.50 limit 4; reg $1.99),1.5,each,TRUE,FALSE,2026-05-11,FALSE
Real Canadian Superstore Seymour Blvd,V7J 2J4,Fish Sauce,Filipino,bulk,Squid Brand Fish Sauce 725ml,3.49,each,TRUE,FALSE,2026-05-11,FALSE
Real Canadian Superstore Seymour Blvd,V7J 2J4,Pork Belly,Filipino,small,Pork Belly $13.21/kg sold by weight (~1kg),13.21,per_kg,TRUE,FALSE,2026-05-11,FALSE
Real Canadian Superstore Seymour Blvd,V7J 2J4,Pork Belly,Filipino,bulk,Pork Belly $13.21/kg sold by weight (~3kg),13.21,per_kg,TRUE,FALSE,2026-05-11,FALSE
Real Canadian Superstore Seymour Blvd,V7J 2J4,Eggplant,Filipino,small,Purple Eggplants $4.39/kg sold by weight (on sale; ~500g),4.39,per_kg,TRUE,FALSE,2026-05-11,FALSE
Real Canadian Superstore Seymour Blvd,V7J 2J4,Eggplant,Filipino,bulk,Long Eggplants $5.45/kg sold by weight (~2kg),5.45,per_kg,TRUE,FALSE,2026-05-11,FALSE
Real Canadian Superstore Seymour Blvd,V7J 2J4,Cane Vinegar,Filipino,small,Datu Puti White Vinegar 1L (no 385ml; 1L is smallest available),2.79,each,TRUE,FALSE,2026-05-11,FALSE
Real Canadian Superstore Seymour Blvd,V7J 2J4,Cane Vinegar,Filipino,bulk,Datu Puti White Vinegar 1L (no larger size; same product),2.79,each,TRUE,FALSE,2026-05-11,TRUE
Real Canadian Superstore Seymour Blvd,V7J 2J4,Short Grain Rice,Korean,small,No Name Medium Grain Calrose Rice 2kg,8.99,each,TRUE,FALSE,2026-05-11,FALSE
Real Canadian Superstore Seymour Blvd,V7J 2J4,Short Grain Rice,Korean,bulk,Diamond G Calrose Rice 6.8kg (no 9kg available; closest size),17.99,each,TRUE,FALSE,2026-05-11,FALSE
Real Canadian Superstore Seymour Blvd,V7J 2J4,Kimchi,Korean,small,Rooster Kimchi 1kg,11,each,TRUE,FALSE,2026-05-11,FALSE
Real Canadian Superstore Seymour Blvd,V7J 2J4,Kimchi,Korean,bulk,Rooster Kimchi 1kg x5 (no 5kg available; 5x$11.00 est.),55,each,TRUE,TRUE,2026-05-11,TRUE
Real Canadian Superstore Seymour Blvd,V7J 2J4,Gochujang,Korean,small,O Food Hot Pepper Paste (Gochujang) 500g,5.99,each,TRUE,FALSE,2026-05-11,FALSE
Real Canadian Superstore Seymour Blvd,V7J 2J4,Gochujang,Korean,bulk,O Food Hot Pepper Paste 500g x2 (no 1kg; 2x$5.99 est.),11.98,each,TRUE,TRUE,2026-05-11,FALSE
Real Canadian Superstore Seymour Blvd,V7J 2J4,Bean Sprouts,Korean,small,Bean Sprouts 340g,2.5,each,TRUE,FALSE,2026-05-11,FALSE
Real Canadian Superstore Seymour Blvd,V7J 2J4,Bean Sprouts,Korean,bulk,Bean Sprouts 340g x3 (no 1kg bag; 3x$2.50 est.),7.5,each,TRUE,TRUE,2026-05-11,FALSE
Real Canadian Superstore Seymour Blvd,V7J 2J4,Ground Beef,Korean,small,Butcher's Choice Lean Ground Beef 0.45kg,9,each,TRUE,FALSE,2026-05-11,FALSE
Real Canadian Superstore Seymour Blvd,V7J 2J4,Ground Beef,Korean,bulk,Lean Ground Beef $15.41/kg sold by weight (~2kg),15.41,per_kg,TRUE,FALSE,2026-05-11,FALSE
Real Canadian Superstore Seymour Blvd,V7J 2J4,Dried Seaweed Nori,Korean,small,T&T Korean Roasted Seaweed Laver 15g (plus tax; closest to 20g),1.79,each,TRUE,FALSE,2026-05-11,TRUE
Real Canadian Superstore Seymour Blvd,V7J 2J4,Dried Seaweed Nori,Korean,bulk,Jayone Seasoned & Roasted Seaweed 120g (sale $9.99 limit 4; reg $11.99; plus tax),9.99,each,TRUE,FALSE,2026-05-11,TRUE
Real Canadian Superstore Seymour Blvd,V7J 2J4,Silken Tofu,Korean,small,Rooster Silken Tofu 454g,2.89,each,TRUE,FALSE,2026-05-11,FALSE
Real Canadian Superstore Seymour Blvd,V7J 2J4,Silken Tofu,Korean,bulk,Rooster Silken Tofu 454g x2 (no 2-pack; 2x$2.89 est.),5.78,each,TRUE,TRUE,2026-05-11,FALSE
Real Canadian Superstore Seymour Blvd,V7J 2J4,Frozen Mackerel,Korean,small,Chub Mackerel 1kg (sale $7.00 reg $8.00; no 300g available),7,each,TRUE,FALSE,2026-05-11,TRUE
Real Canadian Superstore Seymour Blvd,V7J 2J4,Frozen Mackerel,Korean,bulk,Chub Mackerel 1kg (sale $7.00; same pack; no larger size),7,each,TRUE,FALSE,2026-05-11,TRUE
Real Canadian Superstore Seymour Blvd,V7J 2J4,Whole Wheat Bread,European,small,Wonder Whole Wheat Bread 570g,3,each,TRUE,FALSE,2026-05-11,FALSE
Real Canadian Superstore Seymour Blvd,V7J 2J4,Whole Wheat Bread,European,bulk,Wonder Whole Wheat Bread 570g x2 (no 2-loaf pack; 2x$3.00 est.),6,each,TRUE,TRUE,2026-05-11,FALSE
Real Canadian Superstore Seymour Blvd,V7J 2J4,Cheddar Cheese,European,small,Black Diamond Medium Cheddar Cheese Bar 400g (sale $5.49 limit 4; reg $6.49),5.49,each,TRUE,FALSE,2026-05-11,FALSE
Real Canadian Superstore Seymour Blvd,V7J 2J4,Cheddar Cheese,European,bulk,No Name Old Cheddar Cheese 700g (no 1kg block; closest size),8.79,each,TRUE,FALSE,2026-05-11,FALSE
Real Canadian Superstore Seymour Blvd,V7J 2J4,Ground Beef,European,small,Butcher's Choice Lean Ground Beef 0.45kg,9,each,TRUE,FALSE,2026-05-11,FALSE
Real Canadian Superstore Seymour Blvd,V7J 2J4,Ground Beef,European,bulk,Lean Ground Beef $15.41/kg sold by weight (~2kg),15.41,per_kg,TRUE,FALSE,2026-05-11,FALSE
Real Canadian Superstore Seymour Blvd,V7J 2J4,Russet Potatoes,European,small,President's Choice Russet Potatoes 5 lb Bag (2.27kg),5.5,each,TRUE,FALSE,2026-05-11,FALSE
Real Canadian Superstore Seymour Blvd,V7J 2J4,Russet Potatoes,European,bulk,Farmer's Market Russet Potatoes 10 lb Bag (4.54kg),7,each,TRUE,FALSE,2026-05-11,FALSE
Real Canadian Superstore Seymour Blvd,V7J 2J4,Carrots,European,small,Farmer's Market Carrots 2 lb bag (907g; no 3lb available),3.99,each,TRUE,FALSE,2026-05-11,FALSE
Real Canadian Superstore Seymour Blvd,V7J 2J4,Carrots,European,bulk,Farmer's Market Carrots 5LB (2.27kg; sale $4.90 limit 1; reg $7.00),4.9,each,TRUE,FALSE,2026-05-11,FALSE
Real Canadian Superstore Seymour Blvd,V7J 2J4,Olive Oil,European,small,PC Splendido Cold-Extracted Extra Virgin Olive Oil 500ml,9,each,TRUE,FALSE,2026-05-11,FALSE
Real Canadian Superstore Seymour Blvd,V7J 2J4,Olive Oil,European,bulk,No Name 100% Extra Virgin Olive Oil 1L x2 (no 2L; 2x$8.00 est.),16,each,TRUE,TRUE,2026-05-11,FALSE
Real Canadian Superstore Seymour Blvd,V7J 2J4,Diced Canned Tomatoes,European,small,Unico Diced Tomatoes 796ml (sale $1.79 limit 4; reg $1.99),1.79,each,TRUE,FALSE,2026-05-11,FALSE
Real Canadian Superstore Seymour Blvd,V7J 2J4,Diced Canned Tomatoes,European,bulk,No Name Diced Tomatoes 796ml x6 (no 6-pack; 6x$1.99 est.),11.94,each,TRUE,TRUE,2026-05-11,FALSE
Real Canadian Superstore Seymour Blvd,V7J 2J4,Greek Yogurt,European,small,President's Choice 0% MF Plain Greek Yogurt 750g (no 500g; smallest available),6,each,TRUE,FALSE,2026-05-11,FALSE
Real Canadian Superstore Seymour Blvd,V7J 2J4,Greek Yogurt,European,bulk,President's Choice Plain Greek Yogurt Club Size 1kg (no 1.5kg; largest available),6.99,each,TRUE,FALSE,2026-05-11,FALSE
Real Canadian Superstore Seymour Blvd,V7J 2J4,Gold Seal Salmon,Indigenous,small,GoldSeal Wild Pacific Pink Salmon 213g (sale $4.25 limit 6; reg $4.79),4.25,each,TRUE,FALSE,2026-05-11,FALSE
Real Canadian Superstore Seymour Blvd,V7J 2J4,Gold Seal Salmon,Indigenous,bulk,GoldSeal Wild Pacific Pink Salmon 213g x6 (no 6-pack; 6x$4.25=$25.50 est.),25.5,each,TRUE,TRUE,2026-05-11,FALSE
Real Canadian Superstore Seymour Blvd,V7J 2J4,Robin Hood Flour,Indigenous,small,Robin Hood Original All Purpose Flour 2.5kg (no 2kg; smallest available),5.99,each,TRUE,FALSE,2026-05-11,FALSE
Real Canadian Superstore Seymour Blvd,V7J 2J4,Robin Hood Flour,Indigenous,bulk,Robin Hood Original All Purpose Flour 10kg,18.97,each,TRUE,FALSE,2026-05-11,FALSE
Real Canadian Superstore Seymour Blvd,V7J 2J4,Wild Blueberries,Indigenous,small,President's Choice Canadian Wild Blueberries 400g (no 300g; closest size),5,each,TRUE,FALSE,2026-05-11,FALSE
Real Canadian Superstore Seymour Blvd,V7J 2J4,Wild Blueberries,Indigenous,bulk,President's Choice Wild Blueberries 1.5kg (no 1kg; closest large size),19.99,each,TRUE,FALSE,2026-05-11,FALSE
Real Canadian Superstore Seymour Blvd,V7J 2J4,Bison Ground Meat,Indigenous,small,PC Free From Bison Burgers 512g - Out of Stock,,each,FALSE,FALSE,2026-05-11,TRUE
Real Canadian Superstore Seymour Blvd,V7J 2J4,Bison Ground Meat,Indigenous,bulk,No bison available - Out of Stock,,each,FALSE,FALSE,2026-05-11,TRUE
Real Canadian Superstore Seymour Blvd,V7J 2J4,Russet Potatoes,Indigenous,small,PC Organics Organic Russet Potatoes 3 lb bag (1.36kg; no regular 3lb available),6.5,each,TRUE,FALSE,2026-05-11,TRUE
Real Canadian Superstore Seymour Blvd,V7J 2J4,Russet Potatoes,Indigenous,bulk,Farmer's Market Russet Potatoes 10 lb Bag (4.54kg),7,each,TRUE,FALSE,2026-05-11,FALSE
Real Canadian Superstore Seymour Blvd,V7J 2J4,Pinto Beans,Indigenous,small,Unico Pinto Beans 540ml (sale $1.79 limit 4; reg $1.99),1.79,each,TRUE,FALSE,2026-05-11,FALSE
Real Canadian Superstore Seymour Blvd,V7J 2J4,Pinto Beans,Indigenous,bulk,Unico Pinto Beans 540ml x6 (no 6-pack; 6x$1.99 est.),11.94,each,TRUE,TRUE,2026-05-11,FALSE
Real Canadian Superstore Seymour Blvd,V7J 2J4,Quaker Oats,Indigenous,small,Quaker Large Flake Oats 1kg (sale $3.75 limit 3; reg $4.29),3.75,each,TRUE,FALSE,2026-05-11,FALSE
Real Canadian Superstore Seymour Blvd,V7J 2J4,Quaker Oats,Indigenous,bulk,Quaker Quick Oats 2.25kg,7.79,each,TRUE,FALSE,2026-05-11,FALSE
Real Canadian Superstore Seymour Blvd,V7J 2J4,Crisco Shortening,Indigenous,small,Crisco All-Vegetable Shortening 454g,4.29,each,TRUE,FALSE,2026-05-11,FALSE
Real Canadian Superstore Seymour Blvd,V7J 2J4,Crisco Shortening,Indigenous,bulk,Crisco All-Vegetable Shortening 1.36kg,12.99,each,TRUE,FALSE,2026-05-11,FALSE
Real Canadian Superstore Seymour Blvd,V7J 2J4,Whole Wheat Bread,Others,small,Wonder Whole Wheat Bread 570g,3,each,TRUE,FALSE,2026-05-11,FALSE
Real Canadian Superstore Seymour Blvd,V7J 2J4,Whole Wheat Bread,Others,bulk,Wonder Whole Wheat Bread 570g x2 (no 2-loaf pack; 2x$3.00 est.),6,each,TRUE,TRUE,2026-05-11,FALSE
Real Canadian Superstore Seymour Blvd,V7J 2J4,Chicken Breast,Others,small,PC Blue Menu Extra Lean Chicken Breast Fillets 1 ea (~1kg; size varies),13,each,TRUE,FALSE,2026-05-11,TRUE
Real Canadian Superstore Seymour Blvd,V7J 2J4,Chicken Breast,Others,bulk,Sufra Halal Boneless Skinless Chicken Breast 1.505kg (no 1.8kg; closest),30,each,TRUE,FALSE,2026-05-11,TRUE
Real Canadian Superstore Seymour Blvd,V7J 2J4,Russet Potatoes,Others,small,President's Choice Russet Potatoes 5 lb Bag (2.27kg),5.5,each,TRUE,FALSE,2026-05-11,FALSE
Real Canadian Superstore Seymour Blvd,V7J 2J4,Russet Potatoes,Others,bulk,Farmer's Market Russet Potatoes 10 lb Bag (4.54kg),7,each,TRUE,FALSE,2026-05-11,FALSE
Real Canadian Superstore Seymour Blvd,V7J 2J4,Carrots,Others,small,Farmer's Market Carrots 2 lb bag (907g; no 3lb available),3.99,each,TRUE,FALSE,2026-05-11,FALSE
Real Canadian Superstore Seymour Blvd,V7J 2J4,Carrots,Others,bulk,Farmer's Market Carrots 5LB (2.27kg; sale $4.90 limit 1; reg $7.00),4.9,each,TRUE,FALSE,2026-05-11,FALSE
Real Canadian Superstore Seymour Blvd,V7J 2J4,Black Beans,Others,small,No Name Black Beans 540ml,1.5,each,TRUE,FALSE,2026-05-11,FALSE
Real Canadian Superstore Seymour Blvd,V7J 2J4,Black Beans,Others,bulk,No Name Black Beans 540ml x6 (no 6-pack; 6x$1.50 est.),9,each,TRUE,TRUE,2026-05-11,FALSE
Real Canadian Superstore Seymour Blvd,V7J 2J4,Quaker Oats,Others,small,Quaker Large Flake Oats 1kg (sale $3.75 limit 3; reg $4.29),3.75,each,TRUE,FALSE,2026-05-11,FALSE
Real Canadian Superstore Seymour Blvd,V7J 2J4,Quaker Oats,Others,bulk,Quaker Quick Oats 2.25kg,7.79,each,TRUE,FALSE,2026-05-11,FALSE
Real Canadian Superstore Seymour Blvd,V7J 2J4,Bananas,Others,small,Bananas Bunch $1.72/kg sold by weight (~1kg),1.72,per_kg,TRUE,FALSE,2026-05-11,FALSE
Real Canadian Superstore Seymour Blvd,V7J 2J4,Bananas,Others,bulk,Bananas Bunch $1.72/kg sold by weight (~3kg),1.72,per_kg,TRUE,FALSE,2026-05-11,FALSE
Superstore Guildford Surrey,V3R 7C1,Basmati Rice,South Asian,small,Suraj Aged Basmati Rice 1.81kg (sale),6,each,TRUE,FALSE,2026-05-12,FALSE
Superstore Guildford Surrey,V3R 7C1,Basmati Rice,South Asian,bulk,Suraj Aged Basmati Rice 18kg,44.99,each,TRUE,FALSE,2026-05-12,FALSE
Superstore Guildford Surrey,V3R 7C1,Whole Wheat Atta,South Asian,small,Aashirvaad Multigrain Atta 4.55kg (closest to 10lb; multigrain not plain),16.99,each,TRUE,FALSE,2026-05-12,TRUE
Superstore Guildford Surrey,V3R 7C1,Whole Wheat Atta,South Asian,bulk,Aashirvaad Whole Wheat Flour 9.07kg (20lb),22.99,each,TRUE,FALSE,2026-05-12,FALSE
Superstore Guildford Surrey,V3R 7C1,Toor Dal/Red Lentils,South Asian,small,Suraj Red Split Lentils 907g,3.49,each,TRUE,FALSE,2026-05-12,FALSE
Superstore Guildford Surrey,V3R 7C1,Toor Dal/Red Lentils,South Asian,bulk,Suraj Masoor Dal Red Club Pack 3.63kg,10.99,each,TRUE,FALSE,2026-05-12,FALSE
Superstore Guildford Surrey,V3R 7C1,Whole Milk,South Asian,small,Dairyland 3.25% Milk 1L (eco fees apply),3.04,each,TRUE,FALSE,2026-05-12,FALSE
Superstore Guildford Surrey,V3R 7C1,Whole Milk,South Asian,bulk,Dairyland 3.25% Milk 4L (eco fees apply),6.11,each,TRUE,FALSE,2026-05-12,FALSE
Superstore Guildford Surrey,V3R 7C1,Yellow Onions,South Asian,small,Farmer's Market Yellow Onions 3lb bag 1.36kg (sale $2.94 limit 2; reg $3.25),2.94,each,TRUE,FALSE,2026-05-12,FALSE
Superstore Guildford Surrey,V3R 7C1,Yellow Onions,South Asian,bulk,Farmer's Market Yellow Onions 10lb bag 4.54kg,9.5,each,TRUE,FALSE,2026-05-12,FALSE
Superstore Guildford Surrey,V3R 7C1,Roma Tomatoes,South Asian,small,Roma Tomatoes loose $7.69/kg (sold by weight ~1kg),7.69,per_kg,TRUE,FALSE,2026-05-12,FALSE
Superstore Guildford Surrey,V3R 7C1,Roma Tomatoes,South Asian,bulk,Roma Tomatoes loose $7.69/kg (sold by weight ~3kg),7.69,per_kg,TRUE,FALSE,2026-05-12,FALSE
Superstore Guildford Surrey,V3R 7C1,Chicken Thighs,South Asian,small,PC Bone-In Chicken Thighs 1 ea (~1kg),13,each,TRUE,FALSE,2026-05-12,FALSE
Superstore Guildford Surrey,V3R 7C1,Chicken Thighs,South Asian,bulk,Chicken Thighs Club Pack $8.82/kg (was $20.42; sale $16.37),8.82,per_kg,TRUE,FALSE,2026-05-12,FALSE
Superstore Guildford Surrey,V3R 7C1,Plain/Balkan Yogurt,South Asian,small,Astro Original Balkan Style Plain Yogurt 6% 750g,3.27,each,TRUE,FALSE,2026-05-12,FALSE
Superstore Guildford Surrey,V3R 7C1,Plain/Balkan Yogurt,South Asian,bulk,Elegant Balkan Yogurt 5.9% M.F. 1.8kg,10.99,each,TRUE,FALSE,2026-05-12,FALSE
Superstore Guildford Surrey,V3R 7C1,Garlic,South Asian,small,Fresh Garlic Bulbs 1kg bag (no individual bulbs; smallest available),6,each,TRUE,FALSE,2026-05-12,TRUE
Superstore Guildford Surrey,V3R 7C1,Garlic,South Asian,bulk,Fresh Garlic Bulbs 1kg x2 est. (no larger fresh bag available),12,each,TRUE,TRUE,2026-05-12,TRUE
Superstore Guildford Surrey,V3R 7C1,Canola Oil,South Asian,small,No Name 100% Pure Canola Oil 946ml,5.5,each,TRUE,FALSE,2026-05-12,FALSE
Superstore Guildford Surrey,V3R 7C1,Canola Oil,South Asian,bulk,No Name 100% Pure Canola Oil 3L (sale $7.37 limit 2; reg $8.79),7.37,each,TRUE,FALSE,2026-05-12,FALSE
Superstore Guildford Surrey,V3R 7C1,Jasmine Rice,Chinese,small,Rooster Thai Hom Mali Scented Jasmine Rice 2kg,5,each,TRUE,FALSE,2026-05-12,FALSE
Superstore Guildford Surrey,V3R 7C1,Jasmine Rice,Chinese,bulk,Jasmine Gold Thai Jasmine Rice 8kg (no 10kg; closest large size),18.99,each,TRUE,FALSE,2026-05-12,TRUE
Superstore Guildford Surrey,V3R 7C1,Bok Choy,Chinese,small,Shanghai Bok Choy $6.61/kg (sold by weight ~500g),6.61,per_kg,TRUE,FALSE,2026-05-12,FALSE
Superstore Guildford Surrey,V3R 7C1,Bok Choy,Chinese,bulk,Shanghai Bok Choy $6.61/kg (sold by weight ~2kg),6.61,per_kg,TRUE,FALSE,2026-05-12,FALSE
Superstore Guildford Surrey,V3R 7C1,Firm Tofu,Chinese,small,Sunrise Tofu Extra Firm 350g (sale $3.44 limit 2; reg $3.99),3.44,each,TRUE,FALSE,2026-05-12,FALSE
Superstore Guildford Surrey,V3R 7C1,Firm Tofu,Chinese,bulk,Rooster Firm Tofu 454g x2 est. (no 2-pack; 2x$2.89),5.78,each,TRUE,TRUE,2026-05-12,FALSE
Superstore Guildford Surrey,V3R 7C1,Kikkoman Soy Sauce,Chinese,small,Kikkoman Soy Sauce 591ml (no 250ml; smallest available),6.79,each,TRUE,FALSE,2026-05-12,TRUE
Superstore Guildford Surrey,V3R 7C1,Kikkoman Soy Sauce,Chinese,bulk,Lee Kum Kee Soy Sauce 1.9L (no Kikkoman 1.89L available),6.99,each,TRUE,FALSE,2026-05-12,TRUE
Superstore Guildford Surrey,V3R 7C1,Silk Soy Milk,Chinese,small,Silk Unsweetened Soy Milk Shelf Stable 946ml,3.79,each,TRUE,FALSE,2026-05-12,FALSE
Superstore Guildford Surrey,V3R 7C1,Silk Soy Milk,Chinese,bulk,Silk Original Soy Milk Alternative 1.89L,5.29,each,TRUE,FALSE,2026-05-12,FALSE
Superstore Guildford Surrey,V3R 7C1,Eggs Large,Chinese,small,No Name Large Size Eggs 12 Pack,4.14,each,TRUE,FALSE,2026-05-12,FALSE
Superstore Guildford Surrey,V3R 7C1,Eggs Large,Chinese,bulk,Foremost Large Size Eggs 18 Pack (sale $5.44 limit 1; reg $7.41),5.44,each,TRUE,FALSE,2026-05-12,FALSE
Superstore Guildford Surrey,V3R 7C1,Green Onions,Chinese,small,Green Onion 1 bunch (sale $0.77 limit 2; reg $1.79),0.77,each,TRUE,FALSE,2026-05-12,FALSE
Superstore Guildford Surrey,V3R 7C1,Green Onions,Chinese,bulk,Green Onion 3 bunches est. (3x$1.79; sale covers only 2),5.37,each,TRUE,TRUE,2026-05-12,FALSE
Superstore Guildford Surrey,V3R 7C1,Sesame Oil,Chinese,small,Kadoya Pure Sesame Oil 327ml,6.99,each,TRUE,FALSE,2026-05-12,FALSE
Superstore Guildford Surrey,V3R 7C1,Sesame Oil,Chinese,bulk,Lee Kum Kee Pure Sesame Oil 443ml (no 1L available; closest),8.99,each,TRUE,FALSE,2026-05-12,TRUE
Superstore Guildford Surrey,V3R 7C1,Pork Shoulder,Chinese,small,Pork Picnic Halves $8.80/kg (sold by weight ~1kg),8.8,per_kg,TRUE,FALSE,2026-05-12,FALSE
Superstore Guildford Surrey,V3R 7C1,Pork Shoulder,Chinese,bulk,Pork Shoulder Blade Roast $15.41/kg (sold by weight ~3kg),15.41,per_kg,TRUE,FALSE,2026-05-12,FALSE
Superstore Guildford Surrey,V3R 7C1,Napa Cabbage,Chinese,small,Chinese Napa Cabbage $4.39/kg (sold by weight ~1 head),4.39,per_kg,TRUE,FALSE,2026-05-12,FALSE
Superstore Guildford Surrey,V3R 7C1,Napa Cabbage,Chinese,bulk,Chinese Napa Cabbage $4.39/kg (sold by weight ~3kg),4.39,per_kg,TRUE,FALSE,2026-05-12,FALSE
Superstore Guildford Surrey,V3R 7C1,White Rice,Filipino,small,No Name Long Grain White Rice 2kg,5,each,TRUE,FALSE,2026-05-12,FALSE
Superstore Guildford Surrey,V3R 7C1,White Rice,Filipino,bulk,Rooster Extra Fancy Long Grain Rice 8kg,17,each,TRUE,FALSE,2026-05-12,TRUE
Superstore Guildford Surrey,V3R 7C1,Frozen Tilapia,Filipino,small,Seaquest Tilapia Fillets 400g,8.99,each,TRUE,FALSE,2026-05-12,FALSE
Superstore Guildford Surrey,V3R 7C1,Frozen Tilapia,Filipino,bulk,Seaquest Tilapia Fillets Club Size approx 1kg,18.99,each,TRUE,FALSE,2026-05-12,TRUE
Superstore Guildford Surrey,V3R 7C1,Yellow Onions,Filipino,small,Farmer's Market Yellow Onions 3lb/1.36kg sale limit 2,2.94,each,TRUE,FALSE,2026-05-12,FALSE
Superstore Guildford Surrey,V3R 7C1,Yellow Onions,Filipino,bulk,Farmer's Market Yellow Onions 10lb/4.54kg,9.5,each,TRUE,FALSE,2026-05-12,FALSE
Superstore Guildford Surrey,V3R 7C1,Coconut Milk,Filipino,small,Cool Runnings Coconut Milk 400ml,1.49,each,TRUE,FALSE,2026-05-12,FALSE
Superstore Guildford Surrey,V3R 7C1,Coconut Milk,Filipino,bulk,Cool Runnings Coconut Milk 400ml x6 estimate,8.94,each,TRUE,TRUE,2026-05-12,FALSE
Superstore Guildford Surrey,V3R 7C1,Fish Sauce,Filipino,small,Cock Fish Sauce 200ml on sale,1.5,each,TRUE,FALSE,2026-05-12,TRUE
Superstore Guildford Surrey,V3R 7C1,Fish Sauce,Filipino,bulk,Squid Brand Fish Sauce 725ml,3.49,each,TRUE,FALSE,2026-05-12,FALSE
Superstore Guildford Surrey,V3R 7C1,Pork Belly,Filipino,small,Pork Belly per kg,13.21,per_kg,TRUE,FALSE,2026-05-12,FALSE
Superstore Guildford Surrey,V3R 7C1,Pork Belly,Filipino,bulk,Pork Belly per kg bulk buy,13.21,per_kg,TRUE,FALSE,2026-05-12,FALSE
Superstore Guildford Surrey,V3R 7C1,Eggs Large,Filipino,small,No Name Large Eggs 12pk,4.14,each,TRUE,FALSE,2026-05-12,FALSE
Superstore Guildford Surrey,V3R 7C1,Eggs Large,Filipino,bulk,Foremost Large Eggs 18pk on sale limit 1,5.44,each,TRUE,FALSE,2026-05-12,FALSE
Superstore Guildford Surrey,V3R 7C1,Garlic,Filipino,small,Fresh Garlic Bulbs 1kg bag,6,each,TRUE,FALSE,2026-05-12,TRUE
Superstore Guildford Surrey,V3R 7C1,Garlic,Filipino,bulk,Fresh Garlic Bulbs 1kg x2 estimate,12,each,TRUE,TRUE,2026-05-12,TRUE
Superstore Guildford Surrey,V3R 7C1,Canola Oil,Filipino,small,No Name 100% Pure Canola Oil 946ml,5.5,each,TRUE,FALSE,2026-05-12,FALSE
Superstore Guildford Surrey,V3R 7C1,Canola Oil,Filipino,bulk,No Name 100% Pure Canola Oil 3L on sale limit 2,7.37,each,TRUE,FALSE,2026-05-12,FALSE
Superstore Guildford Surrey,V3R 7C1,Eggplant,Filipino,small,Purple Eggplants per kg approx 500g,4.39,per_kg,TRUE,FALSE,2026-05-12,FALSE
Superstore Guildford Surrey,V3R 7C1,Eggplant,Filipino,bulk,Purple Eggplants per kg approx 2kg,4.39,per_kg,TRUE,FALSE,2026-05-12,FALSE
Superstore Guildford Surrey,V3R 7C1,Cane Vinegar,Filipino,small,Datu Puti White Vinegar 1L smallest available,2.79,each,TRUE,FALSE,2026-05-12,TRUE
Superstore Guildford Surrey,V3R 7C1,Cane Vinegar,Filipino,bulk,Datu Puti White Vinegar 1L x2 estimate no larger size,5.58,each,TRUE,TRUE,2026-05-12,TRUE
Superstore Guildford Surrey,V3R 7C1,Short Grain Rice,Korean,small,No Name Medium Grain Calrose Rice 2kg,8.99,each,TRUE,FALSE,2026-05-12,FALSE
Superstore Guildford Surrey,V3R 7C1,Short Grain Rice,Korean,bulk,New Kenji Premium Quality Medium Grain Rice 4.54kg,13.49,each,TRUE,FALSE,2026-05-12,FALSE
Superstore Guildford Surrey,V3R 7C1,Kimchi Jongga,Korean,small,JONGGA Sliced Kimchi Cabbage Kimchi 80g,1.79,each,TRUE,FALSE,2026-05-12,FALSE
Superstore Guildford Surrey,V3R 7C1,Kimchi Jongga,Korean,bulk,Rooster Kimchi 1kg,11,each,TRUE,FALSE,2026-05-12,FALSE
Superstore Guildford Surrey,V3R 7C1,CJ Gochujang,Korean,small,O Food Gochujang Korea Chili Sauce 215g no CJ brand available,6.99,each,TRUE,FALSE,2026-05-12,TRUE
Superstore Guildford Surrey,V3R 7C1,CJ Gochujang,Korean,bulk,O Food Gochujang 215g x2 estimate no larger size available,13.98,each,TRUE,TRUE,2026-05-12,TRUE
Superstore Guildford Surrey,V3R 7C1,Bean Sprouts,Korean,small,Bean Sprouts 340g,2.5,each,TRUE,FALSE,2026-05-12,FALSE
Superstore Guildford Surrey,V3R 7C1,Bean Sprouts,Korean,bulk,Bean Sprouts bulk not found no 1kg available,,each,FALSE,FALSE,2026-05-12,TRUE
Superstore Guildford Surrey,V3R 7C1,Lean Ground Beef,Korean,small,Butcher's Choice Lean Ground Beef 0.45kg approx $9.00,9,each,TRUE,FALSE,2026-05-12,FALSE
Superstore Guildford Surrey,V3R 7C1,Lean Ground Beef,Korean,bulk,Lean Ground Beef Chub sold by weight per kg,15.41,per_kg,TRUE,FALSE,2026-05-12,FALSE
Superstore Guildford Surrey,V3R 7C1,Dried Seaweed Nori,Korean,small,T&T Sushi Nori Roasted Seaweed Sheets 27g,3.49,each,TRUE,FALSE,2026-05-12,FALSE
Superstore Guildford Surrey,V3R 7C1,Dried Seaweed Nori,Korean,bulk,Jayone Seasoned and Roasted Seaweed 120g,9.99,each,TRUE,FALSE,2026-05-12,FALSE
Superstore Guildford Surrey,V3R 7C1,Silken Tofu,Korean,small,Sunrise Tofu Soft 300g,2.29,each,TRUE,FALSE,2026-05-12,FALSE
Superstore Guildford Surrey,V3R 7C1,Silken Tofu,Korean,bulk,Sunrise Fresh Pack Tofu Smooth 700g,3.59,each,TRUE,FALSE,2026-05-12,FALSE
Superstore Guildford Surrey,V3R 7C1,Frozen Mackerel,Korean,small,Previously Frozen Whole Mackerel per kg sold by weight,8.8,per_kg,TRUE,FALSE,2026-05-12,FALSE
Superstore Guildford Surrey,V3R 7C1,Frozen Mackerel,Korean,bulk,Chub Mackerel 1kg frozen pack,7,each,TRUE,FALSE,2026-05-12,FALSE
Superstore Guildford Surrey,V3R 7C1,Sesame Oil,Korean,small,Kadoya Pure Sesame Oil 327ml,6.99,each,TRUE,FALSE,2026-05-12,FALSE
Superstore Guildford Surrey,V3R 7C1,Sesame Oil,Korean,bulk,Lee Kum Kee Pure Sesame Oil 443ml,8.99,each,TRUE,FALSE,2026-05-12,FALSE
Superstore Guildford Surrey,V3R 7C1,Eggs Large,Korean,small,No Name Large Eggs 12pk,4.14,each,TRUE,FALSE,2026-05-12,FALSE
Superstore Guildford Surrey,V3R 7C1,Eggs Large,Korean,bulk,Foremost Large Eggs 18pk on sale limit 1,5.44,each,TRUE,FALSE,2026-05-12,FALSE
Superstore Guildford Surrey,V3R 7C1,Dempster's Whole Wheat Bread,European,small,Wonder Whole Wheat Bread 570g no Dempster's brand available,3,each,TRUE,FALSE,2026-05-12,TRUE
Superstore Guildford Surrey,V3R 7C1,Dempster's Whole Wheat Bread,European,bulk,Wonder Whole Wheat Bread 570g x2 estimate no 2-loaf pack,6,each,TRUE,TRUE,2026-05-12,TRUE
Superstore Guildford Surrey,V3R 7C1,Whole Milk,European,small,Dairyland 3.25% Milk 1L,3.04,each,TRUE,FALSE,2026-05-12,FALSE
Superstore Guildford Surrey,V3R 7C1,Whole Milk,European,bulk,Dairyland 3.25% Milk 4L,6.11,each,TRUE,FALSE,2026-05-12,FALSE
Superstore Guildford Surrey,V3R 7C1,Cheddar Cheese,European,small,Black Diamond Medium Cheddar Cheese Bar 400g,5.49,each,TRUE,FALSE,2026-05-12,FALSE
Superstore Guildford Surrey,V3R 7C1,Cheddar Cheese,European,bulk,No Name Old Cheddar Cheese 700g closest to 1kg,8.79,each,TRUE,FALSE,2026-05-12,TRUE
Superstore Guildford Surrey,V3R 7C1,Eggs Large,European,small,No Name Large Eggs 12pk,4.14,each,TRUE,FALSE,2026-05-12,FALSE
Superstore Guildford Surrey,V3R 7C1,Eggs Large,European,bulk,Foremost Large Eggs 18pk on sale limit 1,5.44,each,TRUE,FALSE,2026-05-12,FALSE
Superstore Guildford Surrey,V3R 7C1,Lean Ground Beef,European,small,Butcher's Choice Lean Ground Beef 0.45kg approx 500g,9,each,TRUE,FALSE,2026-05-12,TRUE
Superstore Guildford Surrey,V3R 7C1,Lean Ground Beef,European,bulk,Lean Ground Beef Chub sold by weight per kg,15.41,per_kg,TRUE,FALSE,2026-05-12,FALSE
Superstore Guildford Surrey,V3R 7C1,Russet Potatoes,European,small,President's Choice Russet Potatoes 5lb 2.268kg,5.5,each,TRUE,FALSE,2026-05-12,FALSE
Superstore Guildford Surrey,V3R 7C1,Russet Potatoes,European,bulk,Farmer's Market Russet Potatoes 10lb 4.54kg,7,each,TRUE,FALSE,2026-05-12,FALSE
Superstore Guildford Surrey,V3R 7C1,Carrots,European,small,Farmer's Market Carrots 2lb 907g closest to 3lb,3.99,each,TRUE,FALSE,2026-05-12,TRUE
Superstore Guildford Surrey,V3R 7C1,Carrots,European,bulk,Farmer's Market Carrots 5LB 2.268kg on sale limit 1 reg $7.00,4.9,each,TRUE,FALSE,2026-05-12,FALSE
Superstore Guildford Surrey,V3R 7C1,Olive Oil,European,small,No Name 100% Extra Virgin Olive Oil 750ml closest to 500ml,8,each,TRUE,FALSE,2026-05-12,TRUE
Superstore Guildford Surrey,V3R 7C1,Olive Oil,European,bulk,Gallo Extra Virgin Olive Oil 1L closest to 2L,13.99,each,TRUE,FALSE,2026-05-12,TRUE
Superstore Guildford Surrey,V3R 7C1,Diced Canned Tomatoes,European,small,Unico Diced Tomatoes 796ml,1.79,each,TRUE,FALSE,2026-05-12,FALSE
Superstore Guildford Surrey,V3R 7C1,Diced Canned Tomatoes,European,bulk,Unico Diced Tomatoes 796ml x6 estimate no 6-pack available,10.74,each,TRUE,TRUE,2026-05-12,TRUE
Superstore Guildford Surrey,V3R 7C1,Greek Yogurt,European,small,President's Choice 0% Plain Greek Yogurt 750g closest to 500g,6,each,TRUE,FALSE,2026-05-12,TRUE
Superstore Guildford Surrey,V3R 7C1,Greek Yogurt,European,bulk,Oikos Greek Yogurt Plain No Added Sugar 1.5kg,11.5,each,TRUE,FALSE,2026-05-12,FALSE
Superstore Guildford Surrey,V3R 7C1,Gold Seal Pink Salmon,Indigenous,small,GoldSeal Wild Pacific Pink Salmon 213g,4.25,each,TRUE,FALSE,2026-05-12,FALSE
Superstore Guildford Surrey,V3R 7C1,Gold Seal Pink Salmon,Indigenous,bulk,GoldSeal Pink Salmon 418g closest to 6-pack,6.99,each,TRUE,FALSE,2026-05-12,TRUE
Superstore Guildford Surrey,V3R 7C1,Robin Hood All Purpose Flour,Indigenous,small,Robin Hood Original All Purpose Flour 2.5kg closest to 2kg,5.99,each,TRUE,FALSE,2026-05-12,TRUE
Superstore Guildford Surrey,V3R 7C1,Robin Hood All Purpose Flour,Indigenous,bulk,Robin Hood Original All Purpose Flour 10kg,18.97,each,TRUE,FALSE,2026-05-12,FALSE
Superstore Guildford Surrey,V3R 7C1,Frozen Wild Blueberries,Indigenous,small,President's Choice Canadian Wild Blueberries 400g closest to 300g,5,each,TRUE,FALSE,2026-05-12,TRUE
Superstore Guildford Surrey,V3R 7C1,Frozen Wild Blueberries,Indigenous,bulk,President's Choice Wild Blueberries 1.5kg closest to 1kg,19.99,each,TRUE,FALSE,2026-05-12,TRUE
Superstore Guildford Surrey,V3R 7C1,Bison Ground Meat,Indigenous,small,PC Free From Bison Burgers 512g no ground bison available,20,each,TRUE,FALSE,2026-05-12,TRUE
Superstore Guildford Surrey,V3R 7C1,Bison Ground Meat,Indigenous,bulk,Bison Ground Meat bulk not found,,each,FALSE,FALSE,2026-05-12,TRUE
Superstore Guildford Surrey,V3R 7C1,Russet Potatoes,Indigenous,small,President's Choice Russet Potatoes 5lb 2.268kg closest to 3lb,5.5,each,TRUE,FALSE,2026-05-12,TRUE
Superstore Guildford Surrey,V3R 7C1,Russet Potatoes,Indigenous,bulk,Farmer's Market Russet Potatoes 10lb 4.54kg,7,each,TRUE,FALSE,2026-05-12,FALSE
Superstore Guildford Surrey,V3R 7C1,Whole Milk,Indigenous,small,Dairyland 3.25% Milk 1L,3.04,each,TRUE,FALSE,2026-05-12,FALSE
Superstore Guildford Surrey,V3R 7C1,Whole Milk,Indigenous,bulk,Dairyland 3.25% Milk 4L,6.11,each,TRUE,FALSE,2026-05-12,FALSE
Superstore Guildford Surrey,V3R 7C1,Eggs Large,Indigenous,small,No Name Large Eggs 12pk,4.14,each,TRUE,FALSE,2026-05-12,FALSE
Superstore Guildford Surrey,V3R 7C1,Eggs Large,Indigenous,bulk,Foremost Large Eggs 18pk on sale limit 1,5.44,each,TRUE,FALSE,2026-05-12,FALSE
Superstore Guildford Surrey,V3R 7C1,Pinto Beans Canned,Indigenous,small,Unico Pinto Beans 540ml,1.79,each,TRUE,FALSE,2026-05-12,FALSE
Superstore Guildford Surrey,V3R 7C1,Pinto Beans Canned,Indigenous,bulk,PC Blue Menu Pinto Beans 900g closest to 6-pack,3.5,each,TRUE,FALSE,2026-05-12,TRUE
Superstore Guildford Surrey,V3R 7C1,Quaker Oats,Indigenous,small,Quaker Quick Oats 1kg,3.75,each,TRUE,FALSE,2026-05-12,FALSE
Superstore Guildford Surrey,V3R 7C1,Quaker Oats,Indigenous,bulk,Quaker Quick Oats 2.25kg,7.79,each,TRUE,FALSE,2026-05-12,FALSE
Superstore Guildford Surrey,V3R 7C1,Crisco Shortening,Indigenous,small,Crisco All Vegetables Shortening 454g,4.29,each,TRUE,FALSE,2026-05-12,FALSE
Superstore Guildford Surrey,V3R 7C1,Crisco Shortening,Indigenous,bulk,Crisco All-Vegetable Shortening 1.36kg,12.99,each,TRUE,FALSE,2026-05-12,FALSE
Superstore Guildford Surrey,V3R 7C1,Dempster's Whole Wheat Bread,Others,small,Wonder Whole Wheat Bread 570g no Dempster's brand,3,each,TRUE,FALSE,2026-05-12,TRUE
Superstore Guildford Surrey,V3R 7C1,Dempster's Whole Wheat Bread,Others,bulk,Wonder Whole Wheat Bread 570g x2 estimate no 2-loaf pack,6,each,TRUE,TRUE,2026-05-12,TRUE
Superstore Guildford Surrey,V3R 7C1,Whole Milk,Others,small,Dairyland 3.25% Milk 1L,3.04,each,TRUE,FALSE,2026-05-12,FALSE
Superstore Guildford Surrey,V3R 7C1,Whole Milk,Others,bulk,Dairyland 3.25% Milk 4L,6.11,each,TRUE,FALSE,2026-05-12,FALSE
Superstore Guildford Surrey,V3R 7C1,Eggs Large,Others,small,No Name Large Eggs 12pk,4.14,each,TRUE,FALSE,2026-05-12,FALSE
Superstore Guildford Surrey,V3R 7C1,Eggs Large,Others,bulk,Foremost Large Eggs 18pk on sale limit 1,5.44,each,TRUE,FALSE,2026-05-12,FALSE
Superstore Guildford Surrey,V3R 7C1,Chicken Breast Boneless,Others,small,Chicken Breast Boneless Skinless approx 1ea ~1kg,15,each,TRUE,FALSE,2026-05-12,FALSE
Superstore Guildford Surrey,V3R 7C1,Chicken Breast Boneless,Others,bulk,No Name Club Pack Chicken Breasts Boneless Skinless 2kg,42,each,TRUE,FALSE,2026-05-12,TRUE
Superstore Guildford Surrey,V3R 7C1,Russet Potatoes,Others,small,President's Choice Russet Potatoes 5lb 2.268kg,5.5,each,TRUE,FALSE,2026-05-12,FALSE
Superstore Guildford Surrey,V3R 7C1,Russet Potatoes,Others,bulk,Farmer's Market Russet Potatoes 10lb 4.54kg,7,each,TRUE,FALSE,2026-05-12,FALSE
Superstore Guildford Surrey,V3R 7C1,Carrots,Others,small,Farmer's Market Carrots 2lb 907g closest to 3lb,3.99,each,TRUE,FALSE,2026-05-12,TRUE
Superstore Guildford Surrey,V3R 7C1,Carrots,Others,bulk,Farmer's Market Carrots 5LB 2.268kg on sale limit 1 reg $7.00,4.9,each,TRUE,FALSE,2026-05-12,FALSE
Superstore Guildford Surrey,V3R 7C1,PC Black Beans,Others,small,PC Blue Menu Black Beans 540ml 2 FOR $3.00 = $1.50 each,1.5,each,TRUE,FALSE,2026-05-12,FALSE
Superstore Guildford Surrey,V3R 7C1,PC Black Beans,Others,bulk,PC Blue Menu Black Turtle Beans 900g closest to 6-pack,3.5,each,TRUE,FALSE,2026-05-12,TRUE
Superstore Guildford Surrey,V3R 7C1,Canola Oil,Others,small,No Name 100% Pure Canola Oil 946ml,5.5,each,TRUE,FALSE,2026-05-12,FALSE
Superstore Guildford Surrey,V3R 7C1,Canola Oil,Others,bulk,No Name 100% Pure Canola Oil 3L on sale limit 2,7.37,each,TRUE,FALSE,2026-05-12,FALSE
Superstore Guildford Surrey,V3R 7C1,Quaker Oats,Others,small,Quaker Quick Oats 1kg,3.75,each,TRUE,FALSE,2026-05-12,FALSE
Superstore Guildford Surrey,V3R 7C1,Quaker Oats,Others,bulk,Quaker Quick Oats 2.25kg,7.79,each,TRUE,FALSE,2026-05-12,FALSE
Superstore Guildford Surrey,V3R 7C1,Bananas,Others,small,Bananas Bunch per kg approx 1kg,1.72,per_kg,TRUE,FALSE,2026-05-12,FALSE
Superstore Guildford Surrey,V3R 7C1,Bananas,Others,bulk,Bananas Bunch per kg approx 3kg bulk,1.72,per_kg,TRUE,FALSE,2026-05-12,FALSE
Superstore Lougheed Burnaby,V3K 6P9,Basmati Rice,South Asian,small,Suraj Aged Basmati Rice 1.81kg closest to 2kg,6,each,TRUE,FALSE,2026-05-12,TRUE
Superstore Lougheed Burnaby,V3K 6P9,Basmati Rice,South Asian,bulk,Tilda Rice Basmati 4.54kg closest to 10kg,19.99,each,TRUE,FALSE,2026-05-12,TRUE
Superstore Lougheed Burnaby,V3K 6P9,Whole Wheat Atta,South Asian,small,Quality Whole Wheat Atta Flour 9.07kg 20lb no 10lb available,15.99,each,TRUE,FALSE,2026-05-12,TRUE
Superstore Lougheed Burnaby,V3K 6P9,Whole Wheat Atta,South Asian,bulk,Aashirvaad Whole Wheat Flour 9.07kg 20lb,22.99,each,TRUE,FALSE,2026-05-12,TRUE
Superstore Lougheed Burnaby,V3K 6P9,Toor Dal/Red Lentils,South Asian,small,Suraj Toor Dal Dry 907g,4.99,each,TRUE,FALSE,2026-05-12,FALSE
Superstore Lougheed Burnaby,V3K 6P9,Toor Dal/Red Lentils,South Asian,bulk,Suraj Split Pigeon Peas 3.63kg closest to 4kg,15,each,TRUE,FALSE,2026-05-12,TRUE
Superstore Lougheed Burnaby,V3K 6P9,Whole Milk,South Asian,small,Dairyland 3.25% Milk 1L,3.04,each,TRUE,FALSE,2026-05-12,FALSE
Superstore Lougheed Burnaby,V3K 6P9,Whole Milk,South Asian,bulk,Dairyland 3.25% Milk 4L,6.11,each,TRUE,FALSE,2026-05-12,FALSE
Superstore Lougheed Burnaby,V3K 6P9,Yellow Onions,South Asian,small,Farmer's Market Yellow Onions 3lb 1.36kg on sale,2.94,each,TRUE,FALSE,2026-05-12,FALSE
Superstore Lougheed Burnaby,V3K 6P9,Yellow Onions,South Asian,bulk,Farmer's Market Yellow Onions 10lb 4.54kg,9.5,each,TRUE,FALSE,2026-05-12,FALSE
Superstore Lougheed Burnaby,V3K 6P9,Roma Tomatoes,South Asian,small,Roma Tomatoes per kg approx 1kg,7.69,per_kg,TRUE,FALSE,2026-05-12,FALSE
Superstore Lougheed Burnaby,V3K 6P9,Roma Tomatoes,South Asian,bulk,Roma Tomatoes per kg approx 3kg,7.69,per_kg,TRUE,FALSE,2026-05-12,FALSE
Superstore Lougheed Burnaby,V3K 6P9,Chicken Thighs,South Asian,small,Chicken Thigh Boneless Skinless per kg approx 1kg,13.21,per_kg,TRUE,FALSE,2026-05-12,FALSE
Superstore Lougheed Burnaby,V3K 6P9,Chicken Thighs,South Asian,bulk,Club Pack Chicken Thighs Bone-In 2kg closest to 3kg,22,each,TRUE,FALSE,2026-05-12,TRUE
Superstore Lougheed Burnaby,V3K 6P9,Plain/Balkan Yogurt,South Asian,small,Astro Original Balkan Style Plain Yogurt 6% 750g closest to 650g,3.27,each,TRUE,FALSE,2026-05-12,TRUE
Superstore Lougheed Burnaby,V3K 6P9,Plain/Balkan Yogurt,South Asian,bulk,Large Balkan yogurt not found no 1.75kg available,,each,FALSE,FALSE,2026-05-12,TRUE
Superstore Lougheed Burnaby,V3K 6P9,Garlic,South Asian,small,Colossal Fresh Garlic single bulb approx 100g at $9.90/kg,0.99,each,TRUE,FALSE,2026-05-12,TRUE
Superstore Lougheed Burnaby,V3K 6P9,Garlic,South Asian,bulk,Fresh Garlic Bulbs 1kg bag,6,each,TRUE,FALSE,2026-05-12,TRUE
Superstore Lougheed Burnaby,V3K 6P9,Canola Oil,South Asian,small,No Name 100% Pure Canola Oil 946ml,5.5,each,TRUE,FALSE,2026-05-12,FALSE
Superstore Lougheed Burnaby,V3K 6P9,Canola Oil,South Asian,bulk,No Name 100% Pure Canola Oil 3L on sale,7.37,each,TRUE,FALSE,2026-05-12,FALSE
Superstore Lougheed Burnaby,V3K 6P9,Jasmine Rice,Chinese,small,Rooster Thai Hom Mali Scented Jasmine Rice 2kg,5,each,TRUE,FALSE,2026-05-12,FALSE
Superstore Lougheed Burnaby,V3K 6P9,Jasmine Rice,Chinese,bulk,Rooster Scented Jasmine Rice 8kg closest to 10kg,19.99,each,TRUE,FALSE,2026-05-12,TRUE
Superstore Lougheed Burnaby,V3K 6P9,Bok Choy,Chinese,small,Baby Bok Choy per kg approx 500g,6.61,per_kg,TRUE,FALSE,2026-05-12,FALSE
Superstore Lougheed Burnaby,V3K 6P9,Bok Choy,Chinese,bulk,Baby Bok Choy per kg approx 2kg,6.61,per_kg,TRUE,FALSE,2026-05-12,FALSE
Superstore Lougheed Burnaby,V3K 6P9,Firm Tofu,Chinese,small,Sunrise Tofu Extra Firm 350g,3.44,each,TRUE,FALSE,2026-05-12,FALSE
Superstore Lougheed Burnaby,V3K 6P9,Firm Tofu,Chinese,bulk,Rooster Firm Tofu 454g x2 estimate no 2-pack deal,5.78,each,TRUE,TRUE,2026-05-12,FALSE
Superstore Lougheed Burnaby,V3K 6P9,Kikkoman Soy Sauce,Chinese,small,Kikkoman Less Sodium Soy Sauce 295ml closest to 250ml,5.99,each,TRUE,FALSE,2026-05-12,TRUE
Superstore Lougheed Burnaby,V3K 6P9,Kikkoman Soy Sauce,Chinese,bulk,Kikkoman Soy Sauce 591ml no 1.89L available,6.79,each,TRUE,FALSE,2026-05-12,TRUE
Superstore Lougheed Burnaby,V3K 6P9,Silk Soy Milk,Chinese,small,Silk Soy Milk Unsweetened 946ml,3.79,each,TRUE,FALSE,2026-05-12,FALSE
Superstore Lougheed Burnaby,V3K 6P9,Silk Soy Milk,Chinese,bulk,Silk Soy Milk 1.89L 2 FOR $9.00 = $4.50 each,4.5,each,TRUE,FALSE,2026-05-12,FALSE
Superstore Lougheed Burnaby,V3K 6P9,Eggs Large,Chinese,small,No Name Large Size Eggs 12pk,4.14,each,TRUE,FALSE,2026-05-12,FALSE
Superstore Lougheed Burnaby,V3K 6P9,Eggs Large,Chinese,bulk,Foremost Large Size Eggs 18pk,5.44,each,TRUE,FALSE,2026-05-12,FALSE
Superstore Lougheed Burnaby,V3K 6P9,Green Onions,Chinese,small,Green Onion 1 bunch on sale reg $1.79,0.77,each,TRUE,FALSE,2026-05-12,FALSE
Superstore Lougheed Burnaby,V3K 6P9,Green Onions,Chinese,bulk,Green Onion 3 bunches estimate,2.31,each,TRUE,TRUE,2026-05-12,FALSE
Superstore Lougheed Burnaby,V3K 6P9,Sesame Oil,Chinese,small,Kadoya Pure Sesame Oil 327ml,6.99,each,TRUE,FALSE,2026-05-12,FALSE
Superstore Lougheed Burnaby,V3K 6P9,Sesame Oil,Chinese,bulk,Lee Kum Kee Pure Sesame Oil 443ml no 1L available,8.99,each,TRUE,FALSE,2026-05-12,TRUE
Superstore Lougheed Burnaby,V3K 6P9,Pork Shoulder,Chinese,small,Pork Shoulder Blade Roast per kg approx 1kg,15.41,per_kg,TRUE,FALSE,2026-05-12,FALSE
Superstore Lougheed Burnaby,V3K 6P9,Pork Shoulder,Chinese,bulk,Pork Shoulder Blade Club Pack per kg,16.51,per_kg,TRUE,FALSE,2026-05-12,TRUE
Superstore Lougheed Burnaby,V3K 6P9,Napa Cabbage,Chinese,small,Chinese Napa Cabbage per kg approx 1 head,4.39,per_kg,TRUE,FALSE,2026-05-12,FALSE
Superstore Lougheed Burnaby,V3K 6P9,Napa Cabbage,Chinese,bulk,Chinese Napa Cabbage per kg approx 3kg,4.39,per_kg,TRUE,FALSE,2026-05-12,FALSE
Superstore Lougheed Burnaby,V3K 6P9,White Long Grain Rice,Filipino,small,No Name Long Grain White Rice 2kg,5,each,TRUE,FALSE,2026-05-12,FALSE
Superstore Lougheed Burnaby,V3K 6P9,White Long Grain Rice,Filipino,bulk,Rooster Extra Fancy Long Grain Rice 8kg,17,each,TRUE,FALSE,2026-05-12,FALSE
Superstore Lougheed Burnaby,V3K 6P9,Frozen Tilapia,Filipino,small,Seaquest Tilapia Fillets 400g at $2.25/100g,9,each,TRUE,FALSE,2026-05-12,FALSE
Superstore Lougheed Burnaby,V3K 6P9,Frozen Tilapia,Filipino,bulk,Seaquest Tilapia Fillets Club Size 1kg at $1.90/100g,19,each,TRUE,FALSE,2026-05-12,FALSE
Superstore Lougheed Burnaby,V3K 6P9,Yellow Onions,Filipino,small,Farmer's Market Yellow Onions 3lb sale price,2.94,each,TRUE,FALSE,2026-05-12,FALSE
Superstore Lougheed Burnaby,V3K 6P9,Yellow Onions,Filipino,bulk,Farmer's Market Yellow Onions 10lb,9.5,each,TRUE,FALSE,2026-05-12,FALSE
Superstore Lougheed Burnaby,V3K 6P9,Garlic,Filipino,small,Colossal Fresh Garlic single bulb approx,0.99,each,TRUE,TRUE,2026-05-12,FALSE
Superstore Lougheed Burnaby,V3K 6P9,Garlic,Filipino,bulk,Garlic Bulbs 1kg bag,6,each,TRUE,FALSE,2026-05-12,FALSE
Superstore Lougheed Burnaby,V3K 6P9,Canola Oil,Filipino,small,No Name Canola Oil 946ml,5.5,each,TRUE,FALSE,2026-05-12,FALSE
Superstore Lougheed Burnaby,V3K 6P9,Canola Oil,Filipino,bulk,No Name Canola Oil 3L sale price,7.37,each,TRUE,FALSE,2026-05-12,FALSE
Superstore Lougheed Burnaby,V3K 6P9,Eggs Large,Filipino,small,No Name Large Eggs 12pk,4.14,each,TRUE,FALSE,2026-05-12,FALSE
Superstore Lougheed Burnaby,V3K 6P9,Eggs Large,Filipino,bulk,Foremost Large Eggs 18pk,5.44,each,TRUE,FALSE,2026-05-12,FALSE
Superstore Lougheed Burnaby,V3K 6P9,Coconut Milk,Filipino,small,Aroy-D Coconut Milk 400ml,2.49,each,TRUE,FALSE,2026-05-12,FALSE
Superstore Lougheed Burnaby,V3K 6P9,Coconut Milk,Filipino,bulk,Aroy-D Coconut Milk 400ml x6 estimated no multipack available,14.94,each,TRUE,TRUE,2026-05-12,FALSE
Superstore Lougheed Burnaby,V3K 6P9,Fish Sauce,Filipino,small,Cock Fish Sauce 200ml at $1.00/100ml; 350ml not available,2,each,TRUE,FALSE,2026-05-12,TRUE
Superstore Lougheed Burnaby,V3K 6P9,Fish Sauce,Filipino,bulk,Squid Brand Fish Sauce 725ml,3.49,each,TRUE,FALSE,2026-05-12,FALSE
Superstore Lougheed Burnaby,V3K 6P9,Pork Belly,Filipino,small,Pork Belly fresh ~1kg sold by weight,13.21,per_kg,TRUE,FALSE,2026-05-12,FALSE
Superstore Lougheed Burnaby,V3K 6P9,Pork Belly,Filipino,bulk,Pork Belly fresh ~3kg sold by weight,13.21,per_kg,TRUE,FALSE,2026-05-12,FALSE
Superstore Lougheed Burnaby,V3K 6P9,Eggplant,Filipino,small,Long Eggplants ~500g sold by weight,5.45,per_kg,TRUE,FALSE,2026-05-12,FALSE
Superstore Lougheed Burnaby,V3K 6P9,Eggplant,Filipino,bulk,Long Eggplants ~2kg sold by weight,5.45,per_kg,TRUE,FALSE,2026-05-12,FALSE
Superstore Lougheed Burnaby,V3K 6P9,Cane Vinegar,Filipino,small,Datu Puti White Vinegar 1L; 385ml not available,2.8,each,TRUE,FALSE,2026-05-12,TRUE
Superstore Lougheed Burnaby,V3K 6P9,Cane Vinegar,Filipino,bulk,Datu Puti White Vinegar 1L,2.8,each,TRUE,FALSE,2026-05-12,FALSE
Superstore Lougheed Burnaby,V3K 6P9,Short Grain Rice,Korean,small,No Name Medium Grain Calrose Rice 2kg,8.99,each,TRUE,FALSE,2026-05-12,FALSE
Superstore Lougheed Burnaby,V3K 6P9,Short Grain Rice,Korean,bulk,Kokuho Premium Calrose Rice 10kg,36.99,each,TRUE,FALSE,2026-05-12,FALSE
Superstore Lougheed Burnaby,V3K 6P9,Ground Beef,Korean,small,Medium Ground Beef ~500g sold by weight at $1.89/100g,18.9,per_kg,TRUE,FALSE,2026-05-12,FALSE
Superstore Lougheed Burnaby,V3K 6P9,Ground Beef,Korean,bulk,Regular Ground Beef Club Pack sold by weight,13.21,per_kg,TRUE,FALSE,2026-05-12,FALSE
Superstore Lougheed Burnaby,V3K 6P9,Napa Cabbage,Korean,small,Chinese Napa Cabbage ~1 head sold by weight,4.39,per_kg,TRUE,FALSE,2026-05-12,FALSE
Superstore Lougheed Burnaby,V3K 6P9,Napa Cabbage,Korean,bulk,Chinese Napa Cabbage ~2kg sold by weight,4.39,per_kg,TRUE,FALSE,2026-05-12,FALSE
Superstore Lougheed Burnaby,V3K 6P9,Gochujang,Korean,small,O Food Gochujang Korea Chili Sauce 215g; CJ not available,6.99,each,TRUE,FALSE,2026-05-12,TRUE
Superstore Lougheed Burnaby,V3K 6P9,Gochujang,Korean,bulk,No bulk gochujang available,0,each,FALSE,FALSE,2026-05-12,FALSE
Superstore Lougheed Burnaby,V3K 6P9,Sesame Oil,Korean,small,Foreway Pure Sesame Oil 185ml at $2.16/100g; 250ml not available,4,each,TRUE,FALSE,2026-05-12,TRUE
Superstore Lougheed Burnaby,V3K 6P9,Sesame Oil,Korean,bulk,Foreway Pure Sesame Oil 370ml at $1.62/100ml; 500ml not available,6,each,TRUE,FALSE,2026-05-12,TRUE
Superstore Lougheed Burnaby,V3K 6P9,Tofu Firm,Korean,small,Sunrise Tofu Extra Firm 350g at $1.14/100g,3.99,each,TRUE,FALSE,2026-05-12,FALSE
Superstore Lougheed Burnaby,V3K 6P9,Tofu Firm,Korean,bulk,Superior Natural Extra Firm Tofu 1.05kg at $0.95/100g,9.98,each,TRUE,FALSE,2026-05-12,FALSE
Superstore Lougheed Burnaby,V3K 6P9,Soy Sauce,Korean,small,Kikkoman Soy Sauce 591ml; 500ml not available,6.8,each,TRUE,FALSE,2026-05-12,TRUE
Superstore Lougheed Burnaby,V3K 6P9,Soy Sauce,Korean,bulk,Lee Kum Kee Soy Sauce 1.9L; 1.5L not available,7.03,each,TRUE,FALSE,2026-05-12,TRUE
Superstore Lougheed Burnaby,V3K 6P9,Garlic,Korean,small,Colossal Fresh Garlic single bulb approx,0.99,each,TRUE,TRUE,2026-05-12,FALSE
Superstore Lougheed Burnaby,V3K 6P9,Garlic,Korean,bulk,Garlic Bulbs 1kg bag,6,each,TRUE,FALSE,2026-05-12,FALSE
Superstore Lougheed Burnaby,V3K 6P9,Yellow Onions,Korean,small,Farmer's Market Yellow Onions 3lb sale price,2.94,each,TRUE,FALSE,2026-05-12,FALSE
Superstore Lougheed Burnaby,V3K 6P9,Yellow Onions,Korean,bulk,Farmer's Market Yellow Onions 10lb,9.5,each,TRUE,FALSE,2026-05-12,FALSE
Superstore Lougheed Burnaby,V3K 6P9,Eggs Large,Korean,small,No Name Large Eggs 12pk,4.14,each,TRUE,FALSE,2026-05-12,FALSE
Superstore Lougheed Burnaby,V3K 6P9,Eggs Large,Korean,bulk,Foremost Large Eggs 18pk,5.44,each,TRUE,FALSE,2026-05-12,FALSE
Superstore Lougheed Burnaby,V3K 6P9,Canola Oil,Korean,small,No Name Canola Oil 946ml,5.5,each,TRUE,FALSE,2026-05-12,FALSE
Superstore Lougheed Burnaby,V3K 6P9,Canola Oil,Korean,bulk,No Name Canola Oil 3L sale price,7.37,each,TRUE,FALSE,2026-05-12,FALSE
Superstore Lougheed Burnaby,V3K 6P9,Whole Wheat Bread,European,small,Wonder Whole Wheat Bread 570g; Dempster's not available,3,each,TRUE,FALSE,2026-05-12,TRUE
Superstore Lougheed Burnaby,V3K 6P9,Whole Wheat Bread,European,bulk,Wonder Whole Wheat Bread 570g x2 estimated; no 2-pack available,6,each,TRUE,TRUE,2026-05-12,TRUE
Superstore Lougheed Burnaby,V3K 6P9,Cheddar Cheese,European,small,Black Diamond Medium Cheddar Cheese Bar 400g sale price,5.49,each,TRUE,FALSE,2026-05-12,FALSE
Superstore Lougheed Burnaby,V3K 6P9,Cheddar Cheese,European,bulk,No Name Old Cheddar Cheese 700g,8.79,each,TRUE,FALSE,2026-05-12,FALSE
Superstore Lougheed Burnaby,V3K 6P9,Butter,European,small,No Name Salted Butter 454g at $1.36/100g,6.17,each,TRUE,FALSE,2026-05-12,FALSE
Superstore Lougheed Burnaby,V3K 6P9,Butter,European,bulk,No Name Salted Butter 454g x2 estimated; no bulk pack available,12.34,each,TRUE,TRUE,2026-05-12,FALSE
Superstore Lougheed Burnaby,V3K 6P9,Pasta Penne,European,small,PC Penne Rigate 454g at $0.53/100g; 500g not available,2.41,each,TRUE,FALSE,2026-05-12,TRUE
Superstore Lougheed Burnaby,V3K 6P9,Pasta Penne,European,bulk,No Name Penne Rigate 900g,1.99,each,TRUE,FALSE,2026-05-12,FALSE
Superstore Lougheed Burnaby,V3K 6P9,Canned Diced Tomatoes,European,small,No Name Diced Tomatoes 796ml,1.99,each,TRUE,FALSE,2026-05-12,FALSE
Superstore Lougheed Burnaby,V3K 6P9,Canned Diced Tomatoes,European,bulk,No Name Diced Tomatoes 796ml x6 estimated; no case pack available,11.94,each,TRUE,TRUE,2026-05-12,FALSE
Superstore Lougheed Burnaby,V3K 6P9,Whole Milk,European,small,Dairyland 3.25% Milk 1L,3.04,each,TRUE,FALSE,2026-05-12,FALSE
Superstore Lougheed Burnaby,V3K 6P9,Whole Milk,European,bulk,Dairyland 3.25% Milk 4L,6.11,each,TRUE,FALSE,2026-05-12,FALSE
Superstore Lougheed Burnaby,V3K 6P9,Sour Cream,European,small,No Name Sour Cream 500ml,3.29,each,TRUE,FALSE,2026-05-12,FALSE
Superstore Lougheed Burnaby,V3K 6P9,Sour Cream,European,bulk,No Name Sour Cream 1L,5.49,each,TRUE,FALSE,2026-05-12,FALSE
Superstore Lougheed Burnaby,V3K 6P9,Garlic,European,small,Colossal Fresh Garlic single bulb approx,0.99,each,TRUE,TRUE,2026-05-12,FALSE
Superstore Lougheed Burnaby,V3K 6P9,Garlic,European,bulk,Garlic Bulbs 1kg bag,6,each,TRUE,FALSE,2026-05-12,FALSE
Superstore Lougheed Burnaby,V3K 6P9,Yellow Onions,European,small,Farmer's Market Yellow Onions 3lb sale price,2.94,each,TRUE,FALSE,2026-05-12,FALSE
Superstore Lougheed Burnaby,V3K 6P9,Yellow Onions,European,bulk,Farmer's Market Yellow Onions 10lb,9.5,each,TRUE,FALSE,2026-05-12,FALSE
Superstore Lougheed Burnaby,V3K 6P9,Eggs Large,European,small,No Name Large Eggs 12pk,4.14,each,TRUE,FALSE,2026-05-12,FALSE
Superstore Lougheed Burnaby,V3K 6P9,Eggs Large,European,bulk,Foremost Large Eggs 18pk,5.44,each,TRUE,FALSE,2026-05-12,FALSE
Superstore Lougheed Burnaby,V3K 6P9,Canola Oil,European,small,No Name Canola Oil 946ml,5.5,each,TRUE,FALSE,2026-05-12,FALSE
Superstore Lougheed Burnaby,V3K 6P9,Canola Oil,European,bulk,No Name Canola Oil 3L sale price,7.37,each,TRUE,FALSE,2026-05-12,FALSE
Superstore Lougheed Burnaby,V3K 6P9,Wild Rice,Indigenous,small,Floating Leaf Wild Rice 250g; 500g not available,6.5,each,TRUE,FALSE,2026-05-12,TRUE
Superstore Lougheed Burnaby,V3K 6P9,Wild Rice,Indigenous,bulk,Floating Leaf Wild Rice 250g x4 estimated; no 1kg available,26,each,TRUE,TRUE,2026-05-12,TRUE
Superstore Lougheed Burnaby,V3K 6P9,Ground Bison,Indigenous,small,PC Free From Bison Burgers 512g; no ground bison available,20,each,TRUE,FALSE,2026-05-12,TRUE
Superstore Lougheed Burnaby,V3K 6P9,Ground Bison,Indigenous,bulk,No bulk bison product available,0,each,FALSE,FALSE,2026-05-12,TRUE
Superstore Lougheed Burnaby,V3K 6P9,Canned Salmon,Indigenous,small,GoldSeal Wild Pacific Pink Salmon 213g,4.25,each,TRUE,FALSE,2026-05-12,FALSE
Superstore Lougheed Burnaby,V3K 6P9,Canned Salmon,Indigenous,bulk,Clover Leaf Wild Salmon Red Pacific 3-Pack 426g; no 6-pack available,13.97,each,TRUE,FALSE,2026-05-12,TRUE
Superstore Lougheed Burnaby,V3K 6P9,All Purpose Flour,Indigenous,small,No Name All-Purpose Flour 1kg,2.79,each,TRUE,FALSE,2026-05-12,FALSE
Superstore Lougheed Burnaby,V3K 6P9,All Purpose Flour,Indigenous,bulk,No Name All-Purpose Flour 10kg,9.88,each,TRUE,FALSE,2026-05-12,FALSE
Superstore Lougheed Burnaby,V3K 6P9,Frozen Blueberries,Indigenous,small,No Name Naturally Imperfect Frozen Cultivated Blueberries 300g,3,each,TRUE,FALSE,2026-05-12,FALSE
Superstore Lougheed Burnaby,V3K 6P9,Frozen Blueberries,Indigenous,bulk,No Name Frozen Blueberries 2kg,14.5,each,TRUE,FALSE,2026-05-12,FALSE
Superstore Lougheed Burnaby,V3K 6P9,Garlic,Indigenous,small,Colossal Fresh Garlic single bulb approx,0.99,each,TRUE,TRUE,2026-05-12,FALSE
Superstore Lougheed Burnaby,V3K 6P9,Garlic,Indigenous,bulk,Garlic Bulbs 1kg bag,6,each,TRUE,FALSE,2026-05-12,FALSE
Superstore Lougheed Burnaby,V3K 6P9,Yellow Onions,Indigenous,small,Farmer's Market Yellow Onions 3lb sale price,2.94,each,TRUE,FALSE,2026-05-12,FALSE
Superstore Lougheed Burnaby,V3K 6P9,Yellow Onions,Indigenous,bulk,Farmer's Market Yellow Onions 10lb,9.5,each,TRUE,FALSE,2026-05-12,FALSE
Superstore Lougheed Burnaby,V3K 6P9,Eggs Large,Indigenous,small,No Name Large Eggs 12pk,4.14,each,TRUE,FALSE,2026-05-12,FALSE
Superstore Lougheed Burnaby,V3K 6P9,Eggs Large,Indigenous,bulk,Foremost Large Eggs 18pk,5.44,each,TRUE,FALSE,2026-05-12,FALSE
Superstore Lougheed Burnaby,V3K 6P9,Canola Oil,Indigenous,small,No Name Canola Oil 946ml,5.5,each,TRUE,FALSE,2026-05-12,FALSE
Superstore Lougheed Burnaby,V3K 6P9,Canola Oil,Indigenous,bulk,No Name Canola Oil 3L sale price,7.37,each,TRUE,FALSE,2026-05-12,FALSE
Superstore Lougheed Burnaby,V3K 6P9,Whole Wheat Bread,Others,small,Wonder Whole Wheat Bread 570g; Dempster's not available,3,each,TRUE,FALSE,2026-05-12,TRUE
Superstore Lougheed Burnaby,V3K 6P9,Whole Wheat Bread,Others,bulk,Wonder Whole Wheat Bread 570g x2 estimated; no 2-pack available,6,each,TRUE,TRUE,2026-05-12,TRUE
Superstore Lougheed Burnaby,V3K 6P9,Whole Milk,Others,small,Dairyland 3.25% Milk 1L,3.04,each,TRUE,FALSE,2026-05-12,FALSE
Superstore Lougheed Burnaby,V3K 6P9,Whole Milk,Others,bulk,Dairyland 3.25% Milk 4L,6.11,each,TRUE,FALSE,2026-05-12,FALSE
Superstore Lougheed Burnaby,V3K 6P9,Eggs Large,Others,small,No Name Large Eggs 12pk,4.14,each,TRUE,FALSE,2026-05-12,FALSE
Superstore Lougheed Burnaby,V3K 6P9,Eggs Large,Others,bulk,Foremost Large Eggs 18pk,5.44,each,TRUE,FALSE,2026-05-12,FALSE
Superstore Lougheed Burnaby,V3K 6P9,Chicken Breast Boneless,Others,small,Chicken Breast Boneless Skinless 1ea fresh,15,each,TRUE,FALSE,2026-05-12,FALSE
Superstore Lougheed Burnaby,V3K 6P9,Chicken Breast Boneless,Others,bulk,No Name Club Pack Chicken Breasts Boneless Skinless 2kg at $2.10/100g,42,each,TRUE,FALSE,2026-05-12,FALSE
Superstore Lougheed Burnaby,V3K 6P9,Russet Potatoes,Others,small,PC Russet Potatoes 5lb (2.268kg),5.5,each,TRUE,FALSE,2026-05-12,FALSE
Superstore Lougheed Burnaby,V3K 6P9,Russet Potatoes,Others,bulk,Farmer's Market Russet Potatoes 10lb (4.54kg),7,each,TRUE,FALSE,2026-05-12,FALSE
Superstore Lougheed Burnaby,V3K 6P9,Bananas,Others,small,Bananas Bunch sold by weight ~small bunch,1.72,per_kg,TRUE,FALSE,2026-05-12,FALSE
Superstore Lougheed Burnaby,V3K 6P9,Bananas,Others,bulk,Bananas Bunch sold by weight ~bulk quantity same rate,1.72,per_kg,TRUE,FALSE,2026-05-12,FALSE
Superstore Lougheed Burnaby,V3K 6P9,Canola Oil,Others,small,No Name Canola Oil 946ml,5.5,each,TRUE,FALSE,2026-05-12,FALSE
Superstore Lougheed Burnaby,V3K 6P9,Canola Oil,Others,bulk,No Name Canola Oil 3L sale price,7.37,each,TRUE,FALSE,2026-05-12,FALSE
Superstore Lougheed Burnaby,V3K 6P9,Carrots,Others,small,Farmer's Market Carrots 2lb Bag 907g,3.99,each,TRUE,FALSE,2026-05-12,FALSE
Superstore Lougheed Burnaby,V3K 6P9,Carrots,Others,bulk,Farmer's Market Carrots 5lb 2.268kg,4.9,each,TRUE,FALSE,2026-05-12,FALSE
Superstore Lougheed Burnaby,V3K 6P9,Quaker Oats,Others,small,Quaker Quick Oats 1kg sale price,3.75,each,TRUE,FALSE,2026-05-12,FALSE
Superstore Lougheed Burnaby,V3K 6P9,Quaker Oats,Others,bulk,Quaker Quick Oats 5.16kg,14.49,each,TRUE,FALSE,2026-05-12,FALSE
Superstore Lougheed Burnaby,V3K 6P9,PC Black Beans Canned,Others,small,PC Blue Menu Black Beans 540ml at $0.33/100ml,1.78,each,TRUE,FALSE,2026-05-12,FALSE
Superstore Lougheed Burnaby,V3K 6P9,PC Black Beans Canned,Others,bulk,PC Blue Menu Black Turtle Beans 900g sale price,3.5,each,TRUE,FALSE,2026-05-12,FALSE
Superstore Richmond,V6X 3Z6,Basmati Rice,South Asian,small,Suraj Aged Basmati Rice 1.81kg; 2kg not available,6,each,TRUE,FALSE,2026-05-13,TRUE
Superstore Richmond,V6X 3Z6,Basmati Rice,South Asian,bulk,Suraj Aged Basmati Rice 18kg; no 10kg available,44.99,each,TRUE,FALSE,2026-05-13,TRUE
Superstore Richmond,V6X 3Z6,Whole Wheat Atta,South Asian,small,Robin Hood Whole Wheat All Purpose Flour 5kg; no 10lb/4.5kg atta available,12.49,each,TRUE,FALSE,2026-05-13,TRUE
Superstore Richmond,V6X 3Z6,Whole Wheat Atta,South Asian,bulk,Quality Whole Wheat Atta Flour 9.07kg (20lb),15.99,each,TRUE,FALSE,2026-05-13,FALSE
Superstore Richmond,V6X 3Z6,Toor Dal,South Asian,small,Toor Dal Dry 907g,4.99,each,TRUE,FALSE,2026-05-13,FALSE
Superstore Richmond,V6X 3Z6,Toor Dal,South Asian,bulk,Toor Dal Dry 1.81kg; no 4kg available,7.99,each,TRUE,FALSE,2026-05-13,TRUE
Superstore Richmond,V6X 3Z6,Whole Milk,South Asian,small,Dairyland 3.25% Milk 1L,3.04,each,TRUE,FALSE,2026-05-13,FALSE
Superstore Richmond,V6X 3Z6,Whole Milk,South Asian,bulk,Dairyland 3.25% Milk 4L,6.11,each,TRUE,FALSE,2026-05-13,FALSE
Superstore Richmond,V6X 3Z6,Yellow Onions,South Asian,small,Yellow Onions 3lb Bag ~1.36kg,2.94,each,TRUE,FALSE,2026-05-13,FALSE
Superstore Richmond,V6X 3Z6,Yellow Onions,South Asian,bulk,Yellow Onions 10lb Bag ~4.54kg,9.5,each,TRUE,FALSE,2026-05-13,FALSE
Superstore Richmond,V6X 3Z6,Roma Tomatoes,South Asian,small,Roma Tomatoes fresh sold by weight ~1kg,7.69,per_kg,TRUE,FALSE,2026-05-13,FALSE
Superstore Richmond,V6X 3Z6,Roma Tomatoes,South Asian,bulk,Roma Tomatoes fresh sold by weight ~3kg,7.69,per_kg,TRUE,FALSE,2026-05-13,FALSE
Superstore Richmond,V6X 3Z6,Chicken Thighs,South Asian,small,Chicken Thighs Club Pack Bone-In sold by weight ~1kg,8.82,per_kg,TRUE,FALSE,2026-05-13,FALSE
Superstore Richmond,V6X 3Z6,Chicken Thighs,South Asian,bulk,Chicken Thighs Club Pack Bone-In sold by weight ~3kg,8.82,per_kg,TRUE,FALSE,2026-05-13,FALSE
Superstore Richmond,V6X 3Z6,Balkan Yogurt,South Asian,small,Astro Original Balkan Style Plain Yogurt 6% 750g; no 650g plain available,3.27,each,TRUE,FALSE,2026-05-13,TRUE
Superstore Richmond,V6X 3Z6,Balkan Yogurt,South Asian,bulk,No 1.75kg Balkan yogurt available,0,each,FALSE,FALSE,2026-05-13,FALSE
Superstore Richmond,V6X 3Z6,Garlic,South Asian,small,Colossal Fresh Garlic sold by weight $9.90/kg,9.9,per_kg,TRUE,FALSE,2026-05-13,FALSE
Superstore Richmond,V6X 3Z6,Garlic,South Asian,bulk,Garlic Bulbs 1kg bag,6,each,TRUE,FALSE,2026-05-13,FALSE
Superstore Richmond,V6X 3Z6,Canola Oil,South Asian,small,No Name 100% Pure Canola Oil 946ml; 1L not available,5.5,each,TRUE,FALSE,2026-05-13,TRUE
Superstore Richmond,V6X 3Z6,Canola Oil,South Asian,bulk,No Name 100% Pure Canola Oil 3L sale price limit 2,7.37,each,TRUE,FALSE,2026-05-13,FALSE
Superstore Richmond,V6X 3Z6,Jasmine Rice,Chinese,small,Thai Hom Mali Scented Jasmine Rice 2kg,5,each,TRUE,FALSE,2026-05-13,FALSE
Superstore Richmond,V6X 3Z6,Jasmine Rice,Chinese,bulk,Jasmine Gold Thai Jasmine Rice 8kg; no 10kg available,19.2,each,TRUE,FALSE,2026-05-13,TRUE
Superstore Richmond,V6X 3Z6,Bok Choy,Chinese,small,Baby Bok Choy sold by weight ~500g at $6.61/kg,6.61,per_kg,TRUE,FALSE,2026-05-13,FALSE
Superstore Richmond,V6X 3Z6,Bok Choy,Chinese,bulk,Baby Bok Choy sold by weight ~2kg at $6.61/kg,6.61,per_kg,TRUE,FALSE,2026-05-13,FALSE
Superstore Richmond,V6X 3Z6,Firm Tofu,Chinese,small,Sunrise Tofu Extra Firm 350g,3.44,each,TRUE,FALSE,2026-05-13,FALSE
Superstore Richmond,V6X 3Z6,Firm Tofu,Chinese,bulk,Sunrise Traditional Tofu 700g; no 2-pack available,3.57,each,TRUE,FALSE,2026-05-13,TRUE
Superstore Richmond,V6X 3Z6,Kikkoman Soy Sauce,Chinese,small,Kikkoman Soy Sauce 591ml; no 250ml available,6.79,each,TRUE,FALSE,2026-05-13,TRUE
Superstore Richmond,V6X 3Z6,Kikkoman Soy Sauce,Chinese,bulk,Lee Kum Kee Soy Sauce 1.9L; no Kikkoman 1.89L available,6.99,each,TRUE,FALSE,2026-05-13,TRUE
Superstore Richmond,V6X 3Z6,Silk Soy Milk,Chinese,small,Silk Soy Milk Alternative Unsweetened 946ml,3.79,each,TRUE,FALSE,2026-05-13,FALSE
Superstore Richmond,V6X 3Z6,Silk Soy Milk,Chinese,bulk,Silk Soy Milk 1.89L sale 2 for $9.00,4.5,each,TRUE,FALSE,2026-05-13,FALSE
Superstore Richmond,V6X 3Z6,Eggs Large,Chinese,small,No Name Large Size Eggs 12pk,4.14,each,TRUE,FALSE,2026-05-13,FALSE
Superstore Richmond,V6X 3Z6,Eggs Large,Chinese,bulk,Large Size Eggs 18pk,5.44,each,TRUE,FALSE,2026-05-13,FALSE
Superstore Richmond,V6X 3Z6,Green Onions,Chinese,small,Green Onion 1 bunch sale $0.77 limit 2,0.77,each,TRUE,FALSE,2026-05-13,FALSE
Superstore Richmond,V6X 3Z6,Green Onions,Chinese,bulk,Green Onion 3 bunches estimated; no 3-bunch pack,2.31,each,TRUE,TRUE,2026-05-13,FALSE
Superstore Richmond,V6X 3Z6,Sesame Oil,Chinese,small,Kadoya Pure Sesame Oil 327ml,6.99,each,TRUE,FALSE,2026-05-13,FALSE
Superstore Richmond,V6X 3Z6,Sesame Oil,Chinese,bulk,No 1L sesame oil available,0,each,FALSE,FALSE,2026-05-13,FALSE
Superstore Richmond,V6X 3Z6,Pork Shoulder,Chinese,small,Pork Shoulder Blade Club Pack ~1kg sold by weight,16.51,per_kg,TRUE,FALSE,2026-05-13,FALSE
Superstore Richmond,V6X 3Z6,Pork Shoulder,Chinese,bulk,Pork Shoulder Blade Club Pack ~3kg sold by weight,16.51,per_kg,TRUE,FALSE,2026-05-13,FALSE
Superstore Richmond,V6X 3Z6,Napa Cabbage,Chinese,small,Chinese Napa Cabbage ~1 head sold by weight,4.39,per_kg,TRUE,FALSE,2026-05-13,FALSE
Superstore Richmond,V6X 3Z6,Napa Cabbage,Chinese,bulk,Chinese Napa Cabbage ~3kg sold by weight,4.39,per_kg,TRUE,FALSE,2026-05-13,FALSE
Superstore Richmond,V6X 3Z6,White Rice,Filipino,small,No Name Long Grain White Rice 2kg,5,each,TRUE,FALSE,2026-05-13,FALSE
Superstore Richmond,V6X 3Z6,White Rice,Filipino,bulk,No Name Extra Fancy Long Grain White Rice Club Size 8kg; no 10kg,16.8,each,TRUE,FALSE,2026-05-13,TRUE
Superstore Richmond,V6X 3Z6,Frozen Tilapia,Filipino,small,Seaquest Tilapia Fillets 400g; no 500g available,8.99,each,TRUE,FALSE,2026-05-13,TRUE
Superstore Richmond,V6X 3Z6,Frozen Tilapia,Filipino,bulk,Seaquest Tilapia Fillets Club Size 1kg; no 2kg available,18.99,each,TRUE,FALSE,2026-05-13,TRUE
Superstore Richmond,V6X 3Z6,Yellow Onions,Filipino,small,Yellow Onions 3lb Bag ~1.36kg,2.94,each,TRUE,FALSE,2026-05-13,FALSE
Superstore Richmond,V6X 3Z6,Yellow Onions,Filipino,bulk,Yellow Onions 10lb Bag ~4.54kg,9.5,each,TRUE,FALSE,2026-05-13,FALSE
Superstore Richmond,V6X 3Z6,Coconut Milk,Filipino,small,Aroy-D Coconut Milk 400ml,2.49,each,TRUE,FALSE,2026-05-13,FALSE
Superstore Richmond,V6X 3Z6,Coconut Milk,Filipino,bulk,Aroy-D Coconut Milk 400ml x6 estimated; no 6-pack available,14.94,each,TRUE,TRUE,2026-05-13,FALSE
Superstore Richmond,V6X 3Z6,Fish Sauce,Filipino,small,Cock Fish Sauce 200ml; no 350ml available,1.5,each,TRUE,FALSE,2026-05-13,TRUE
Superstore Richmond,V6X 3Z6,Fish Sauce,Filipino,bulk,Squid Brand Fish Sauce 725ml; no 750ml available,3.49,each,TRUE,FALSE,2026-05-13,TRUE
Superstore Richmond,V6X 3Z6,Pork Belly,Filipino,small,Pork Side Boneless Slice ~1kg sold by weight,15.41,per_kg,TRUE,FALSE,2026-05-13,TRUE
Superstore Richmond,V6X 3Z6,Pork Belly,Filipino,bulk,Pork Side Boneless Slice ~3kg sold by weight,15.41,per_kg,TRUE,FALSE,2026-05-13,TRUE
Superstore Richmond,V6X 3Z6,Eggs Large,Filipino,small,No Name Large Size Eggs 12pk,4.14,each,TRUE,FALSE,2026-05-13,FALSE
Superstore Richmond,V6X 3Z6,Eggs Large,Filipino,bulk,Large Size Eggs 18pk,5.44,each,TRUE,FALSE,2026-05-13,FALSE
Superstore Richmond,V6X 3Z6,Eggplant,Filipino,small,Long Eggplants ~500g sold by weight,5.45,per_kg,TRUE,FALSE,2026-05-13,FALSE
Superstore Richmond,V6X 3Z6,Eggplant,Filipino,bulk,Long Eggplants ~2kg sold by weight,5.45,per_kg,TRUE,FALSE,2026-05-13,FALSE
Superstore Richmond,V6X 3Z6,Garlic,Filipino,small,Colossal Fresh Garlic $9.90/kg; no 3-pack available,9.9,per_kg,TRUE,FALSE,2026-05-13,TRUE
Superstore Richmond,V6X 3Z6,Garlic,Filipino,bulk,Garlic Bulbs 1kg; no 500g bag available,6,each,TRUE,FALSE,2026-05-13,TRUE
Superstore Richmond,V6X 3Z6,Cane Vinegar,Filipino,small,Datu Puti White Vinegar 1L; no 385ml available,2.79,each,TRUE,FALSE,2026-05-13,TRUE
Superstore Richmond,V6X 3Z6,Cane Vinegar,Filipino,bulk,Datu Puti White Vinegar 1L,2.79,each,TRUE,FALSE,2026-05-13,FALSE
Superstore Richmond,V6X 3Z6,Short Grain Rice,Korean,small,No Name Calrose Rice 2kg,8.99,each,TRUE,FALSE,2026-05-13,FALSE
Superstore Richmond,V6X 3Z6,Short Grain Rice,Korean,bulk,Kokuho Premium Calrose Rice 10kg,36.99,each,TRUE,FALSE,2026-05-13,TRUE
Superstore Richmond,V6X 3Z6,Kimchi,Korean,small,Rooster Kimchi 1kg,11,each,TRUE,FALSE,2026-05-13,FALSE
Superstore Richmond,V6X 3Z6,Kimchi,Korean,bulk,No 5kg kimchi available,,each,FALSE,FALSE,2026-05-13,FALSE
Superstore Richmond,V6X 3Z6,Gochujang,Korean,small,Sempio Hot Pepper Paste 500g (no CJ brand),6.99,each,TRUE,FALSE,2026-05-13,TRUE
Superstore Richmond,V6X 3Z6,Gochujang,Korean,bulk,No 1kg gochujang available,,each,FALSE,FALSE,2026-05-13,FALSE
Superstore Richmond,V6X 3Z6,Sesame Oil,Korean,small,Kadoya Pure Sesame Oil 327ml,6.99,each,TRUE,FALSE,2026-05-13,FALSE
Superstore Richmond,V6X 3Z6,Sesame Oil,Korean,bulk,No 1L sesame oil available,,each,FALSE,FALSE,2026-05-13,FALSE
Superstore Richmond,V6X 3Z6,Eggs Large,Korean,small,No Name Large Eggs 12pk,4.14,each,TRUE,FALSE,2026-05-13,FALSE
Superstore Richmond,V6X 3Z6,Eggs Large,Korean,bulk,No Name Large Eggs 18pk,5.44,each,TRUE,FALSE,2026-05-13,FALSE
Superstore Richmond,V6X 3Z6,Bean Sprouts,Korean,small,Bean Sprouts 340g,2.5,each,TRUE,FALSE,2026-05-13,FALSE
Superstore Richmond,V6X 3Z6,Bean Sprouts,Korean,bulk,No 1kg bean sprouts available,,each,FALSE,FALSE,2026-05-13,FALSE
Superstore Richmond,V6X 3Z6,Ground Beef,Korean,small,Butcher's Choice Lean Ground Beef 450g (spec 500g),20,per_kg,TRUE,FALSE,2026-05-13,TRUE
Superstore Richmond,V6X 3Z6,Ground Beef,Korean,bulk,Butcher's Choice Regular Ground Beef Club Pack,13.21,per_kg,TRUE,FALSE,2026-05-13,FALSE
Superstore Richmond,V6X 3Z6,Nori,Korean,small,T&T Sushi Nori Roasted Seaweed Sheets 27g (spec 20g),3.49,each,TRUE,FALSE,2026-05-13,TRUE
Superstore Richmond,V6X 3Z6,Nori,Korean,bulk,T&T Korean Roasted Seaweed Laver 60g (spec 100g),7.99,each,TRUE,FALSE,2026-05-13,TRUE
Superstore Richmond,V6X 3Z6,Silken Tofu,Korean,small,Rooster Silken Tofu 454g,2.89,each,TRUE,FALSE,2026-05-13,FALSE
Superstore Richmond,V6X 3Z6,Silken Tofu,Korean,bulk,Rooster Silken Tofu 2x454g est.,5.78,each,TRUE,TRUE,2026-05-13,FALSE
Superstore Richmond,V6X 3Z6,Frozen Mackerel,Korean,small,"Chub Mackerel 1kg (spec 300g, only frozen option)",7,each,TRUE,FALSE,2026-05-13,TRUE
Superstore Richmond,V6X 3Z6,Frozen Mackerel,Korean,bulk,Chub Mackerel 1kg,7,each,TRUE,FALSE,2026-05-13,FALSE
Superstore Richmond,V6X 3Z6,Dempsters Whole Wheat Bread,European,small,Wonder Whole Wheat Bread 570g (no Dempsters available),3,each,TRUE,FALSE,2026-05-13,TRUE
Superstore Richmond,V6X 3Z6,Dempsters Whole Wheat Bread,European,bulk,Bread Whole Wheat Unsliced Club Pack 1.5kg,6.5,each,TRUE,FALSE,2026-05-13,FALSE
Superstore Richmond,V6X 3Z6,Whole Milk,European,small,Dairyland 3.25% Milk 1L,3.04,each,TRUE,FALSE,2026-05-13,FALSE
Superstore Richmond,V6X 3Z6,Whole Milk,European,bulk,Dairyland 3.25% Milk 4L,6.11,each,TRUE,FALSE,2026-05-13,FALSE
Superstore Richmond,V6X 3Z6,Cheddar Cheese,European,small,Black Diamond Old Cheddar Cheese Bar 400g (on sale),5.49,each,TRUE,FALSE,2026-05-13,FALSE
Superstore Richmond,V6X 3Z6,Cheddar Cheese,European,bulk,No Name Old Cheddar Cheese 700g (spec 1kg),8.79,each,TRUE,FALSE,2026-05-13,TRUE
Superstore Richmond,V6X 3Z6,Eggs Large,European,small,No Name Large Grade A Eggs 12pk,4.14,each,TRUE,FALSE,2026-05-13,FALSE
Superstore Richmond,V6X 3Z6,Eggs Large,European,bulk,No Name/Foremost Large Eggs 18pk,5.44,each,TRUE,FALSE,2026-05-13,FALSE
Superstore Richmond,V6X 3Z6,Lean Ground Beef,European,small,Butcher's Choice Lean Ground Beef 0.45kg,20,per_kg,TRUE,FALSE,2026-05-13,FALSE
Superstore Richmond,V6X 3Z6,Lean Ground Beef,European,bulk,Butcher's Choice Lean Ground Beef Club Pack,17.61,per_kg,TRUE,FALSE,2026-05-13,FALSE
Superstore Richmond,V6X 3Z6,Russet Potatoes,European,small,Russet Potatoes 5lb Bag,5.5,each,TRUE,FALSE,2026-05-13,FALSE
Superstore Richmond,V6X 3Z6,Russet Potatoes,European,bulk,Farmer's Market Russet Potatoes 10lb Bag,7,each,TRUE,FALSE,2026-05-13,FALSE
Superstore Richmond,V6X 3Z6,Carrots,European,small,Farmer's Market Carrots 2lb Bag (907g),3.99,each,TRUE,FALSE,2026-05-13,FALSE
Superstore Richmond,V6X 3Z6,Carrots,European,bulk,Farmer's Market Carrots 5LB (2.268kg),4.9,each,TRUE,FALSE,2026-05-13,FALSE
Superstore Richmond,V6X 3Z6,Olive Oil,European,small,PC Splendido Cold-Extracted Extra Virgin Olive Oil 500ml,9,each,TRUE,FALSE,2026-05-13,FALSE
Superstore Richmond,V6X 3Z6,Olive Oil,European,bulk,Gallo Extra Virgin Olive Oil 1L (no 1.5L available),13.99,each,TRUE,FALSE,2026-05-13,TRUE
Superstore Richmond,V6X 3Z6,Diced Canned Tomatoes,European,small,No Name Diced Tomatoes 796ml,1.99,each,TRUE,FALSE,2026-05-13,FALSE
Superstore Richmond,V6X 3Z6,Diced Canned Tomatoes,European,bulk,Tomatoes Diced Club Pack 8x796ml,18.5,each,TRUE,FALSE,2026-05-13,FALSE
Superstore Richmond,V6X 3Z6,Greek Yogurt,European,small,PC Plain Greek Yogurt 2% MF 750g (no 500g available),6,each,TRUE,FALSE,2026-05-13,TRUE
Superstore Richmond,V6X 3Z6,Greek Yogurt,European,bulk,Oikos Greek Yogurt Plain No Added Sugar 2% MF 1.5kg (on sale),11.5,each,TRUE,FALSE,2026-05-13,FALSE
Superstore Richmond,V6X 3Z6,Gold Seal Pink Salmon,Indigenous,small,GoldSeal Wild Pacific Pink Salmon 213g,4.25,each,TRUE,FALSE,2026-05-13,FALSE
Superstore Richmond,V6X 3Z6,Gold Seal Pink Salmon,Indigenous,bulk,"GoldSeal Pink Salmon 418g (no 6-pack, double can)",6.99,each,TRUE,FALSE,2026-05-13,TRUE
Superstore Richmond,V6X 3Z6,Robin Hood All Purpose Flour,Indigenous,small,Robin Hood Original All Purpose Flour 2.5kg (no 2kg),5.99,each,TRUE,FALSE,2026-05-13,TRUE
Superstore Richmond,V6X 3Z6,Robin Hood All Purpose Flour,Indigenous,bulk,Robin Hood Original All Purpose Flour 10kg,18.97,each,TRUE,FALSE,2026-05-13,FALSE
Superstore Richmond,V6X 3Z6,Frozen Wild Blueberries,Indigenous,small,PC Canadian Wild Blueberries 400g (no 300g),5,each,TRUE,FALSE,2026-05-13,TRUE
Superstore Richmond,V6X 3Z6,Frozen Wild Blueberries,Indigenous,bulk,PC Wild Blueberries 1.5kg,19.99,each,TRUE,FALSE,2026-05-13,FALSE
Superstore Richmond,V6X 3Z6,Bison Ground Meat,Indigenous,small,No raw ground bison available at this store,,each,FALSE,FALSE,2026-05-13,FALSE
Superstore Richmond,V6X 3Z6,Bison Ground Meat,Indigenous,bulk,No raw ground bison available at this store,,each,FALSE,FALSE,2026-05-13,FALSE
Superstore Richmond,V6X 3Z6,Russet Potatoes,Indigenous,small,PC Organics Organic Russet Potatoes 3lb bag,6.5,each,TRUE,FALSE,2026-05-13,FALSE
Superstore Richmond,V6X 3Z6,Russet Potatoes,Indigenous,bulk,Farmer's Market Russet Potatoes 10lb Bag,7,each,TRUE,FALSE,2026-05-13,FALSE
Superstore Richmond,V6X 3Z6,Whole Milk,Indigenous,small,Dairyland 3.25% Milk 1L,3.04,each,TRUE,FALSE,2026-05-13,FALSE
Superstore Richmond,V6X 3Z6,Whole Milk,Indigenous,bulk,Dairyland 3.25% Milk 4L,6.11,each,TRUE,FALSE,2026-05-13,FALSE
Superstore Richmond,V6X 3Z6,Eggs Large,Indigenous,small,No Name Large Grade A Eggs 12pk,4.14,each,TRUE,FALSE,2026-05-13,FALSE
Superstore Richmond,V6X 3Z6,Eggs Large,Indigenous,bulk,No Name/Foremost Large Eggs 18pk,5.44,each,TRUE,FALSE,2026-05-13,FALSE
Superstore Richmond,V6X 3Z6,Pinto Beans Canned,Indigenous,small,Unico Pinto Beans 540ml,1.79,each,TRUE,FALSE,2026-05-13,FALSE
Superstore Richmond,V6X 3Z6,Pinto Beans Canned,Indigenous,bulk,Unico Pinto Beans 540ml x6 estimated (no 6-pack),10.74,each,TRUE,TRUE,2026-05-13,FALSE
Superstore Richmond,V6X 3Z6,Quaker Oats,Indigenous,small,Quaker Quick Oats 1kg,3.75,each,TRUE,FALSE,2026-05-13,FALSE
Superstore Richmond,V6X 3Z6,Quaker Oats,Indigenous,bulk,Quaker Quick Oats 2.25kg,7.79,each,TRUE,FALSE,2026-05-13,FALSE
Superstore Richmond,V6X 3Z6,Crisco Shortening,Indigenous,small,Crisco All Vegetables Shortening 454g,4.29,each,TRUE,FALSE,2026-05-13,FALSE
Superstore Richmond,V6X 3Z6,Crisco Shortening,Indigenous,bulk,Crisco All-Vegetable Shortening 1.36kg,12.99,each,TRUE,FALSE,2026-05-13,FALSE
Superstore Richmond,V6X 3Z6,Whole Wheat Bread,Others,small,Wonder Whole Wheat Bread 570g (no Dempsters),3,each,TRUE,FALSE,2026-05-13,TRUE
Superstore Richmond,V6X 3Z6,Whole Wheat Bread,Others,bulk,Bread Whole Wheat Unsliced Club Pack 1.5kg,6.5,each,TRUE,FALSE,2026-05-13,FALSE
Superstore Richmond,V6X 3Z6,Whole Milk,Others,small,Dairyland 3.25% Milk 1L,3.04,each,TRUE,FALSE,2026-05-13,FALSE
Superstore Richmond,V6X 3Z6,Whole Milk,Others,bulk,Dairyland 3.25% Milk 4L,6.11,each,TRUE,FALSE,2026-05-13,FALSE
Superstore Richmond,V6X 3Z6,Eggs Large,Others,small,No Name Large Grade A Eggs 12pk,4.14,each,TRUE,FALSE,2026-05-13,FALSE
Superstore Richmond,V6X 3Z6,Eggs Large,Others,bulk,No Name/Foremost Large Eggs 18pk,5.44,each,TRUE,FALSE,2026-05-13,FALSE
Superstore Richmond,V6X 3Z6,Chicken Breast Boneless,Others,small,Chicken Breasts Boneless Skinless Club Pack ~1.8kg at $17.61/kg,17.61,per_kg,TRUE,TRUE,2026-05-13,FALSE
Superstore Richmond,V6X 3Z6,Chicken Breast Boneless,Others,bulk,No Name Club Pack Chicken Breasts Boneless Skinless 2kg,42,each,TRUE,FALSE,2026-05-13,FALSE
Superstore Richmond,V6X 3Z6,Russet Potatoes,Others,small,President's Choice Russet Potatoes 5lb Bag,5.5,each,TRUE,FALSE,2026-05-13,FALSE
Superstore Richmond,V6X 3Z6,Russet Potatoes,Others,bulk,Farmer's Market Russet Potatoes 10lb Bag,7,each,TRUE,FALSE,2026-05-13,FALSE
Superstore Richmond,V6X 3Z6,Carrots,Others,small,Farmer's Market Carrots 2lb Bag (907g),3.99,each,TRUE,FALSE,2026-05-13,FALSE
Superstore Richmond,V6X 3Z6,Carrots,Others,bulk,Farmer's Market Carrots 5LB (2.268kg),4.9,each,TRUE,FALSE,2026-05-13,FALSE
Superstore Richmond,V6X 3Z6,PC Black Beans Canned,Others,small,PC Blue Menu Black Beans 540ml (2 for $3.00 sale),1.5,each,TRUE,FALSE,2026-05-13,FALSE
Superstore Richmond,V6X 3Z6,PC Black Beans Canned,Others,bulk,"PC Blue Menu Black Beans 540ml x6 est (no 6-pack SKU, sale price)",9,each,TRUE,TRUE,2026-05-13,FALSE
Superstore Richmond,V6X 3Z6,Canola Oil,Others,small,No Name 100% Pure Canola Oil 946ml,5.5,each,TRUE,FALSE,2026-05-13,FALSE
Superstore Richmond,V6X 3Z6,Canola Oil,Others,bulk,No Name 100% Pure Canola Oil 3L,7.37,each,TRUE,FALSE,2026-05-13,FALSE
Superstore Richmond,V6X 3Z6,Quaker Oats,Others,small,Quaker Quick Oats 1kg,3.75,each,TRUE,FALSE,2026-05-13,FALSE
Superstore Richmond,V6X 3Z6,Quaker Oats,Others,bulk,Quaker Quick Oats 2.25kg,7.79,each,TRUE,FALSE,2026-05-13,FALSE
Superstore Richmond,V6X 3Z6,Bananas,Others,small,Bananas Bunch Bananas Bunch ~1kg,1.72,per_kg,TRUE,FALSE,2026-05-13,FALSE
Superstore Richmond,V6X 3Z6,Bananas,Others,bulk,Bananas Bunch Bananas Bunch ~3kg,1.72,per_kg,TRUE,FALSE,2026-05-13,FALSE
Save-On-Foods Cambie Street Vancouver,V5Z 0A1,Basmati Rice,South Asian,small,Western Family White Basmati Rice 2kg,11.69,each,TRUE,FALSE,2026-05-14,FALSE
Save-On-Foods Cambie Street Vancouver,V5Z 0A1,Basmati Rice,South Asian,bulk,Qilla Premium Basmati Rice 10lb/4.54kg (no 10kg available),16.99,each,TRUE,FALSE,2026-05-14,TRUE
Save-On-Foods Cambie Street Vancouver,V5Z 0A1,Whole Wheat Atta,South Asian,small,Sher Durum Atta Desi Style Flour 20lb (no 10lb available),16.99,each,TRUE,FALSE,2026-05-14,TRUE
Save-On-Foods Cambie Street Vancouver,V5Z 0A1,Whole Wheat Atta,South Asian,bulk,Sher Fibr Wala White W/W Atta Flour 9.07kg (20lb),18.99,each,TRUE,FALSE,2026-05-14,FALSE
Save-On-Foods Cambie Street Vancouver,V5Z 0A1,Toor Dal,South Asian,small,Sundar Toor Dal 2lb (907g),5.99,each,TRUE,FALSE,2026-05-14,FALSE
Save-On-Foods Cambie Street Vancouver,V5Z 0A1,Toor Dal,South Asian,bulk,No 4kg toor dal available,,each,FALSE,FALSE,2026-05-14,FALSE
Save-On-Foods Cambie Street Vancouver,V5Z 0A1,Whole Milk,South Asian,small,Dairyland 3.25% Milk 1L,3.25,each,TRUE,FALSE,2026-05-14,FALSE
Save-On-Foods Cambie Street Vancouver,V5Z 0A1,Whole Milk,South Asian,bulk,Dairyland 3.25% Milk 4L,6.69,each,TRUE,FALSE,2026-05-14,FALSE
Save-On-Foods Cambie Street Vancouver,V5Z 0A1,Yellow Onions,South Asian,small,Onions Yellow Mesh Bagged 3lb/1.36kg (spec 1kg),4.99,each,TRUE,FALSE,2026-05-14,TRUE
Save-On-Foods Cambie Street Vancouver,V5Z 0A1,Yellow Onions,South Asian,bulk,Onions Yellow Large per_kg est (no 5kg bag),4.38,per_kg,TRUE,TRUE,2026-05-14,TRUE
Save-On-Foods Cambie Street Vancouver,V5Z 0A1,Roma Tomatoes,South Asian,small,Windset Farms Roma Tomatoes 3lb bag (spec 1kg),7.99,each,TRUE,FALSE,2026-05-14,TRUE
Save-On-Foods Cambie Street Vancouver,V5Z 0A1,Roma Tomatoes,South Asian,bulk,Roma Tomatoes per_kg est from 3lb bag price (spec 3kg),5.87,per_kg,TRUE,TRUE,2026-05-14,TRUE
Save-On-Foods Cambie Street Vancouver,V5Z 0A1,Chicken Thighs,South Asian,small,Save-On-Foods Chicken Thighs Boneless Skinless Fresh,26.4,per_kg,TRUE,TRUE,2026-05-14,FALSE
Save-On-Foods Cambie Street Vancouver,V5Z 0A1,Chicken Thighs,South Asian,bulk,Save-On-Foods Chicken Thighs Boneless Skinless Value Pack,23.1,per_kg,TRUE,TRUE,2026-05-14,FALSE
Save-On-Foods Cambie Street Vancouver,V5Z 0A1,Balkan Yogurt,South Asian,small,Astro Original Balkan Style Natural Yogurt 750g (spec 650g),3.69,each,TRUE,FALSE,2026-05-14,TRUE
Save-On-Foods Cambie Street Vancouver,V5Z 0A1,Balkan Yogurt,South Asian,bulk,Olympic Organic Plain Yogurt 3.5% MF 1.75kg,11.49,each,TRUE,FALSE,2026-05-14,FALSE
Save-On-Foods Cambie Street Vancouver,V5Z 0A1,Garlic,South Asian,small,Garlic White Bulk 1 Each,2.49,each,TRUE,FALSE,2026-05-14,FALSE
Save-On-Foods Cambie Street Vancouver,V5Z 0A1,Garlic,South Asian,bulk,Garlic Fresh Mesh Bag 1kg (spec 500g),6.99,each,TRUE,FALSE,2026-05-14,TRUE
Save-On-Foods Cambie Street Vancouver,V5Z 0A1,Canola Oil,South Asian,small,Western Family Pure Canola Oil 946ml (spec 1L),5.79,each,TRUE,FALSE,2026-05-14,TRUE
Save-On-Foods Cambie Street Vancouver,V5Z 0A1,Canola Oil,South Asian,bulk,Western Family Pure Canola Oil 3L,12.99,each,TRUE,FALSE,2026-05-14,FALSE
Save-On-Foods Cambie Street Vancouver,V5Z 0A1,Jasmine Rice,Chinese,small,Texana Thai Jasmine Rice 2kg,9.49,each,TRUE,FALSE,2026-05-14,FALSE
Save-On-Foods Cambie Street Vancouver,V5Z 0A1,Jasmine Rice,Chinese,bulk,Geoland Jasmine White Scented Rice 8kg (spec 10kg),25.99,each,TRUE,FALSE,2026-05-14,TRUE
Save-On-Foods Cambie Street Vancouver,V5Z 0A1,Bok Choy,Chinese,small,YU Baby Bok Choy Fresh 454g (spec 500g),2.99,each,TRUE,FALSE,2026-05-14,TRUE
Save-On-Foods Cambie Street Vancouver,V5Z 0A1,Bok Choy,Chinese,bulk,Bok Choy per_kg est from 454g price (spec 2kg),6.59,per_kg,TRUE,TRUE,2026-05-14,TRUE
Save-On-Foods Cambie Street Vancouver,V5Z 0A1,Firm Tofu,Chinese,small,Sunrise Firm Tofu 500g (spec 350g),3.99,each,TRUE,FALSE,2026-05-14,TRUE
Save-On-Foods Cambie Street Vancouver,V5Z 0A1,Firm Tofu,Chinese,bulk,Sunrise Firm Tofu 2x500g estimated (no 2-pack),7.98,each,TRUE,TRUE,2026-05-14,FALSE
Save-On-Foods Cambie Street Vancouver,V5Z 0A1,Kikkoman Soy Sauce,Chinese,small,Kikkoman Soy Sauce 296ml (spec 250ml),6.19,each,TRUE,FALSE,2026-05-14,TRUE
Save-On-Foods Cambie Street Vancouver,V5Z 0A1,Kikkoman Soy Sauce,Chinese,bulk,"Kikkoman Soy Sauce 1.2L (spec 1.89L, no larger available)",14.49,each,TRUE,FALSE,2026-05-14,TRUE
Save-On-Foods Cambie Street Vancouver,V5Z 0A1,Silk Soy Milk,Chinese,small,Silk Soy Beverage Original 946ml,4.49,each,TRUE,FALSE,2026-05-14,FALSE
Save-On-Foods Cambie Street Vancouver,V5Z 0A1,Silk Soy Milk,Chinese,bulk,Silk Soy Protein Milk Original 1.89L,6.29,each,TRUE,FALSE,2026-05-14,FALSE
Save-On-Foods Cambie Street Vancouver,V5Z 0A1,Eggs Large,Chinese,small,Western Family Large White Eggs 12pk,4.29,each,TRUE,FALSE,2026-05-14,FALSE
Save-On-Foods Cambie Street Vancouver,V5Z 0A1,Eggs Large,Chinese,bulk,Western Family Large White Eggs 18pk,7.35,each,TRUE,FALSE,2026-05-14,FALSE
Save-On-Foods Cambie Street Vancouver,V5Z 0A1,Green Onions,Chinese,small,Green Onions Scallions Bunch 1 Each,1.29,each,TRUE,FALSE,2026-05-14,FALSE
Save-On-Foods Cambie Street Vancouver,V5Z 0A1,Green Onions,Chinese,bulk,Green Onions Scallions 3 bunches estimated,3.87,each,TRUE,TRUE,2026-05-14,FALSE
Save-On-Foods Cambie Street Vancouver,V5Z 0A1,Sesame Oil,Chinese,small,Western Family Pure Sesame Oil 300ml (spec 327ml),5.99,each,TRUE,FALSE,2026-05-14,TRUE
Save-On-Foods Cambie Street Vancouver,V5Z 0A1,Sesame Oil,Chinese,bulk,No 1L sesame oil available at this store,,each,FALSE,FALSE,2026-05-14,FALSE
Save-On-Foods Cambie Street Vancouver,V5Z 0A1,Pork Shoulder,Chinese,small,Pork Shoulder Butt Bone In fresh,10.3,per_kg,TRUE,TRUE,2026-05-14,FALSE
Save-On-Foods Cambie Street Vancouver,V5Z 0A1,Pork Shoulder,Chinese,bulk,"Harvest Shoulder Smoked Pork Picnic ~4kg (spec 3kg, smoked)",44,each,TRUE,TRUE,2026-05-14,TRUE
Save-On-Foods Cambie Street Vancouver,V5Z 0A1,Napa Cabbage,Chinese,small,Long Sui Choy (Napa Cabbage) 0.8kg avg/ea,4.39,each,TRUE,TRUE,2026-05-14,FALSE
Save-On-Foods Cambie Street Vancouver,V5Z 0A1,Napa Cabbage,Chinese,bulk,Sui Choy (Napa Cabbage) per_kg est from 0.8kg avg price (spec 3kg),5.49,per_kg,TRUE,TRUE,2026-05-14,TRUE
Save-On-Foods Cambie Street Vancouver,V5Z 0A1,White Rice,Filipino,small,Western Family Long Grain White Rice 1.81kg (spec 2kg),6.99,each,TRUE,FALSE,2026-05-15,TRUE
Save-On-Foods Cambie Street Vancouver,V5Z 0A1,White Rice,Filipino,bulk,Western Family Long Grain White Rice 8kg (spec 10kg),19.79,each,TRUE,FALSE,2026-05-15,TRUE
Save-On-Foods Cambie Street Vancouver,V5Z 0A1,Frozen Tilapia,Filipino,small,Western Family Tilapia Loins 400g (spec 500g),16.49,each,TRUE,FALSE,2026-05-15,TRUE
Save-On-Foods Cambie Street Vancouver,V5Z 0A1,Frozen Tilapia,Filipino,bulk,No 2kg frozen tilapia available,,each,FALSE,FALSE,2026-05-15,FALSE
Save-On-Foods Cambie Street Vancouver,V5Z 0A1,Yellow Onions,Filipino,small,Onions Yellow Mesh Bagged 3lb/1.36kg (spec 2kg),4.99,each,TRUE,FALSE,2026-05-15,TRUE
Save-On-Foods Cambie Street Vancouver,V5Z 0A1,Yellow Onions,Filipino,bulk,Onions Yellow Large per_kg est (no 5kg bag),4.38,per_kg,TRUE,TRUE,2026-05-15,TRUE
Save-On-Foods Cambie Street Vancouver,V5Z 0A1,Coconut Milk,Filipino,small,Western Family Premium Coconut Milk 400ml,2.69,each,TRUE,FALSE,2026-05-15,FALSE
Save-On-Foods Cambie Street Vancouver,V5Z 0A1,Coconut Milk,Filipino,bulk,WF Coconut Milk 6x400ml estimated (no 6-pack SKU),16.14,each,TRUE,TRUE,2026-05-15,FALSE
Save-On-Foods Cambie Street Vancouver,V5Z 0A1,Fish Sauce,Filipino,small,Little Saigon Fish Sauce 375ml (spec 350ml),8.49,each,TRUE,FALSE,2026-05-15,TRUE
Save-On-Foods Cambie Street Vancouver,V5Z 0A1,Fish Sauce,Filipino,bulk,No 750ml fish sauce available,,each,FALSE,FALSE,2026-05-15,FALSE
Save-On-Foods Cambie Street Vancouver,V5Z 0A1,Pork Belly,Filipino,small,PriceSmart Foods Pork Belly Boneless in Pieces 1kg,19.16,per_kg,TRUE,TRUE,2026-05-15,FALSE
Save-On-Foods Cambie Street Vancouver,V5Z 0A1,Pork Belly,Filipino,bulk,Pork Belly Boneless per_kg (spec 3kg),19.16,per_kg,TRUE,TRUE,2026-05-15,FALSE
Save-On-Foods Cambie Street Vancouver,V5Z 0A1,Eggs Large,Filipino,small,Western Family Large White Eggs 12pk,4.29,each,TRUE,FALSE,2026-05-15,FALSE
Save-On-Foods Cambie Street Vancouver,V5Z 0A1,Eggs Large,Filipino,bulk,Western Family Large White Eggs 18pk,7.35,each,TRUE,FALSE,2026-05-15,FALSE
Save-On-Foods Cambie Street Vancouver,V5Z 0A1,Eggplant,Filipino,small,Eggplant Purple Regular 1 Each (variable weight ~400-600g),3.99,each,TRUE,TRUE,2026-05-15,FALSE
Save-On-Foods Cambie Street Vancouver,V5Z 0A1,Eggplant,Filipino,bulk,Eggplant Long Fresh per_kg est (spec 2kg),5.48,per_kg,TRUE,TRUE,2026-05-15,TRUE
Save-On-Foods Cambie Street Vancouver,V5Z 0A1,Garlic,Filipino,small,Garlic Bulb Mesh 3 Each,1.29,each,TRUE,FALSE,2026-05-15,FALSE
Save-On-Foods Cambie Street Vancouver,V5Z 0A1,Garlic,Filipino,bulk,Garlic Fresh Mesh Bag 1kg (spec 500g),6.99,each,TRUE,FALSE,2026-05-15,TRUE
Save-On-Foods Cambie Street Vancouver,V5Z 0A1,Cane Vinegar,Filipino,small,No cane vinegar (Datu Puti or similar) available,,each,FALSE,FALSE,2026-05-15,FALSE
Save-On-Foods Cambie Street Vancouver,V5Z 0A1,Cane Vinegar,Filipino,bulk,No cane vinegar available,,each,FALSE,FALSE,2026-05-15,FALSE
Save-On-Foods Cambie Street Vancouver,V5Z 0A1,Short Grain Rice,Korean,small,Katsumi Premium Calrose Rice 2.26kg (spec 2kg),12.49,each,TRUE,FALSE,2026-05-15,TRUE
Save-On-Foods Cambie Street Vancouver,V5Z 0A1,Short Grain Rice,Korean,bulk,Kokuho Rose California Supreme White Rice 10kg (spec 9kg),46.99,each,TRUE,FALSE,2026-05-15,TRUE
Save-On-Foods Cambie Street Vancouver,V5Z 0A1,Kimchi,Korean,small,Hankook Kimchi 900g (spec 1kg),15.49,each,TRUE,FALSE,2026-05-15,TRUE
Save-On-Foods Cambie Street Vancouver,V5Z 0A1,Kimchi,Korean,bulk,No 5kg kimchi available at this store,,each,FALSE,FALSE,2026-05-15,FALSE
Save-On-Foods Cambie Street Vancouver,V5Z 0A1,Gochujang,Korean,small,No gochujang paste found - store carries Chojang sauce only,,each,FALSE,FALSE,2026-05-15,FALSE
Save-On-Foods Cambie Street Vancouver,V5Z 0A1,Gochujang,Korean,bulk,No gochujang paste found,,each,FALSE,FALSE,2026-05-15,FALSE
Save-On-Foods Cambie Street Vancouver,V5Z 0A1,Sesame Oil,Korean,small,Western Family Pure Sesame Oil 300ml (spec 327ml),5.99,each,TRUE,FALSE,2026-05-15,TRUE
Save-On-Foods Cambie Street Vancouver,V5Z 0A1,Sesame Oil,Korean,bulk,No 1L sesame oil at this store,,each,FALSE,FALSE,2026-05-15,FALSE
Save-On-Foods Cambie Street Vancouver,V5Z 0A1,Eggs Large,Korean,small,Western Family Eggs Large 12pk,4.29,each,TRUE,FALSE,2026-05-15,FALSE
Save-On-Foods Cambie Street Vancouver,V5Z 0A1,Eggs Large,Korean,bulk,Western Family Eggs Large 18pk,7.35,each,TRUE,FALSE,2026-05-15,FALSE
Save-On-Foods Cambie Street Vancouver,V5Z 0A1,Bean Sprouts,Korean,small,Zimmerman Farm Bean Sprouts 227g (spec 340g),2.99,each,TRUE,FALSE,2026-05-15,TRUE
Save-On-Foods Cambie Street Vancouver,V5Z 0A1,Bean Sprouts,Korean,bulk,No 1kg bag bean sprouts available,,each,FALSE,FALSE,2026-05-15,FALSE
Save-On-Foods Cambie Street Vancouver,V5Z 0A1,Nori,Korean,small,Western Family Roasted Seaweed Sushi Nori 28g (spec 20g),3.99,each,TRUE,FALSE,2026-05-15,TRUE
Save-On-Foods Cambie Street Vancouver,V5Z 0A1,Nori,Korean,bulk,No 100g nori pack available,,each,FALSE,FALSE,2026-05-15,FALSE
Save-On-Foods Cambie Street Vancouver,V5Z 0A1,Silken Tofu,Korean,small,Sunrise Soyganic Organic Tofu Soft 300g,2.49,each,TRUE,FALSE,2026-05-15,TRUE
Save-On-Foods Cambie Street Vancouver,V5Z 0A1,Silken Tofu,Korean,bulk,Est 2x Sunrise Soyganic Tofu Soft 300g (no 2-pack),4.98,each,TRUE,TRUE,2026-05-15,TRUE
Save-On-Foods Cambie Street Vancouver,V5Z 0A1,Ground Beef,Korean,small,Western Canadian Lean Ground Beef 454g (spec 500g),9.5,each,TRUE,FALSE,2026-05-15,TRUE
Save-On-Foods Cambie Street Vancouver,V5Z 0A1,Ground Beef,Korean,bulk,Western Canadian Lean Ground Beef Fine Grind 1.36kg avg/ea (spec 2kg),25.46,each,TRUE,TRUE,2026-05-15,TRUE
Save-On-Foods Cambie Street Vancouver,V5Z 0A1,Frozen Mackerel,Korean,small,No frozen mackerel at this store (searched rsid=937),,each,FALSE,FALSE,2026-05-15,FALSE
Save-On-Foods Cambie Street Vancouver,V5Z 0A1,Frozen Mackerel,Korean,bulk,No frozen mackerel at this store (searched rsid=937),,each,FALSE,FALSE,2026-05-15,FALSE
Save-On-Foods Cambie Street Vancouver,V5Z 0A1,Whole Wheat Bread,European,small,Western Family Whole Wheat Bread 570g,2.49,each,TRUE,FALSE,2026-05-15,FALSE
Save-On-Foods Cambie Street Vancouver,V5Z 0A1,Whole Wheat Bread,European,bulk,Est 2x Western Family Whole Wheat Bread 570g (no 2-loaf pack),4.98,each,TRUE,TRUE,2026-05-15,TRUE
Save-On-Foods Cambie Street Vancouver,V5Z 0A1,Whole Milk,European,small,Dairyland 3.25% Milk 1L,3.25,each,TRUE,FALSE,2026-05-15,FALSE
Save-On-Foods Cambie Street Vancouver,V5Z 0A1,Whole Milk,European,bulk,Dairyland 3.25% Milk 4L,6.69,each,TRUE,FALSE,2026-05-15,FALSE
Save-On-Foods Cambie Street Vancouver,V5Z 0A1,Cheddar,European,small,Western Family Old Cheddar Cheese 400g,7.99,each,TRUE,FALSE,2026-05-15,FALSE
Save-On-Foods Cambie Street Vancouver,V5Z 0A1,Cheddar,European,bulk,Western Family Old Cheddar Cheese 600g (spec 1kg; no 1kg block found),7.99,each,TRUE,FALSE,2026-05-15,TRUE
Save-On-Foods Cambie Street Vancouver,V5Z 0A1,Eggs Large,European,small,Western Family Eggs Large 12pk,4.29,each,TRUE,FALSE,2026-05-15,FALSE
Save-On-Foods Cambie Street Vancouver,V5Z 0A1,Eggs Large,European,bulk,Western Family Eggs Large 18pk,7.35,each,TRUE,FALSE,2026-05-15,FALSE
Save-On-Foods Cambie Street Vancouver,V5Z 0A1,Ground Beef,European,small,Western Canadian Lean Ground Beef 454g (spec 500g),9.5,each,TRUE,FALSE,2026-05-15,TRUE
Save-On-Foods Cambie Street Vancouver,V5Z 0A1,Ground Beef,European,bulk,Western Canadian Lean Ground Beef Fine Grind 1.36kg avg/ea (spec 2kg),25.46,each,TRUE,TRUE,2026-05-15,TRUE
Save-On-Foods Cambie Street Vancouver,V5Z 0A1,Russet Potatoes,European,small,Potatoes Russet 5lb Bag,6.99,each,TRUE,FALSE,2026-05-15,FALSE
Save-On-Foods Cambie Street Vancouver,V5Z 0A1,Russet Potatoes,European,bulk,Potatoes Russet 10lb Bag,8.99,each,TRUE,FALSE,2026-05-15,FALSE
Save-On-Foods Cambie Street Vancouver,V5Z 0A1,Carrots,European,small,Carrots Cello Bag 3lb,4.99,each,TRUE,FALSE,2026-05-15,FALSE
Save-On-Foods Cambie Street Vancouver,V5Z 0A1,Carrots,European,bulk,Carrots Orange 5lb Cello,7.49,each,TRUE,FALSE,2026-05-15,FALSE
Save-On-Foods Cambie Street Vancouver,V5Z 0A1,Olive Oil,European,small,Western Family Extra Virgin Olive Oil 500ml,11.99,each,TRUE,FALSE,2026-05-15,FALSE
Save-On-Foods Cambie Street Vancouver,V5Z 0A1,Olive Oil,European,bulk,Filippo Berio Extra Virgin Olive Oil 1.5L (spec 2L; no 2L found),31.99,each,TRUE,FALSE,2026-05-15,TRUE
Save-On-Foods Cambie Street Vancouver,V5Z 0A1,Diced Tomatoes,European,small,Western Family Diced Tomatoes in Juice 796ml,2.39,each,TRUE,FALSE,2026-05-15,FALSE
Save-On-Foods Cambie Street Vancouver,V5Z 0A1,Diced Tomatoes,European,bulk,Est 6x Western Family Diced Tomatoes 796ml (no 6-pack SKU),14.34,each,TRUE,TRUE,2026-05-15,TRUE
Save-On-Foods Cambie Street Vancouver,V5Z 0A1,Greek Yogurt,European,small,Western Family Greek Style Yogurt 500g,4.5,each,TRUE,FALSE,2026-05-15,FALSE
Save-On-Foods Cambie Street Vancouver,V5Z 0A1,Greek Yogurt,European,bulk,OIKOS Greek Yogurt Plain 1.5kg,12.99,each,TRUE,FALSE,2026-05-15,FALSE
Save-On-Foods Cambie Street Vancouver,V5Z 0A1,Gold Seal Salmon,Indigenous,small,Gold Seal Wild Pink Salmon 213g,5.99,each,TRUE,FALSE,2026-05-15,FALSE
Save-On-Foods Cambie Street Vancouver,V5Z 0A1,Gold Seal Salmon,Indigenous,bulk,Est 6x Gold Seal Wild Pink Salmon 213g (no 6-pack SKU),35.94,each,TRUE,TRUE,2026-05-15,TRUE
Save-On-Foods Cambie Street Vancouver,V5Z 0A1,Robin Hood Flour,Indigenous,small,Robin Hood All Purpose Flour 1kg (spec 2kg; no 2kg at this store),4.99,each,TRUE,FALSE,2026-05-15,TRUE
Save-On-Foods Cambie Street Vancouver,V5Z 0A1,Robin Hood Flour,Indigenous,bulk,Robin Hood All Purpose Flour Original 10kg,22.49,each,TRUE,FALSE,2026-05-15,FALSE
Save-On-Foods Cambie Street Vancouver,V5Z 0A1,Wild Blueberries,Indigenous,small,WF Blueberries Frozen 2lb/907g (cultivated not wild; spec 300g),9.99,each,TRUE,FALSE,2026-05-15,TRUE
Save-On-Foods Cambie Street Vancouver,V5Z 0A1,Wild Blueberries,Indigenous,bulk,WF Cultivated Blueberries Frozen 1.5kg (not wild; spec 1kg),15.99,each,TRUE,FALSE,2026-05-15,TRUE
Save-On-Foods Cambie Street Vancouver,V5Z 0A1,Bison,Indigenous,small,Legends Haul Bison Ground Free Range 454g (spec 400g),17.99,each,TRUE,FALSE,2026-05-15,TRUE
Save-On-Foods Cambie Street Vancouver,V5Z 0A1,Bison,Indigenous,bulk,Legends Haul Bison Ground Free Range 454g (only size at this store),17.99,each,TRUE,FALSE,2026-05-15,TRUE
Save-On-Foods Cambie Street Vancouver,V5Z 0A1,Russet Potatoes,Indigenous,small,Potatoes Russet 5lb Bag (spec 3lb; no 3lb available),6.99,each,TRUE,FALSE,2026-05-15,TRUE
Save-On-Foods Cambie Street Vancouver,V5Z 0A1,Russet Potatoes,Indigenous,bulk,Potatoes Russet 10lb Bag,8.99,each,TRUE,FALSE,2026-05-15,FALSE
Save-On-Foods Cambie Street Vancouver,V5Z 0A1,Whole Milk,Indigenous,small,Dairyland 3.25% Milk 1L,3.25,each,TRUE,FALSE,2026-05-15,FALSE
Save-On-Foods Cambie Street Vancouver,V5Z 0A1,Whole Milk,Indigenous,bulk,Dairyland 3.25% Milk 4L,6.69,each,TRUE,FALSE,2026-05-15,FALSE
Save-On-Foods Cambie Street Vancouver,V5Z 0A1,Eggs Large,Indigenous,small,Western Family Eggs Large 12pk,4.29,each,TRUE,FALSE,2026-05-15,FALSE
Save-On-Foods Cambie Street Vancouver,V5Z 0A1,Eggs Large,Indigenous,bulk,Western Family Eggs Large 18pk,7.35,each,TRUE,FALSE,2026-05-15,FALSE
Save-On-Foods Cambie Street Vancouver,V5Z 0A1,Pinto Beans,Indigenous,small,Western Family Pinto Beans 540ml,1.67,each,TRUE,FALSE,2026-05-15,FALSE
Save-On-Foods Cambie Street Vancouver,V5Z 0A1,Pinto Beans,Indigenous,bulk,Est 6x Western Family Pinto Beans 540ml (no 6-pack SKU),10.02,each,TRUE,TRUE,2026-05-15,TRUE
Save-On-Foods Cambie Street Vancouver,V5Z 0A1,Quaker Oats,Indigenous,small,Quaker Quick Oats 1kg,6.99,each,TRUE,FALSE,2026-05-15,FALSE
Save-On-Foods Cambie Street Vancouver,V5Z 0A1,Quaker Oats,Indigenous,bulk,Quaker Quick Oats 2.25kg,9.99,each,TRUE,FALSE,2026-05-15,FALSE
Save-On-Foods Cambie Street Vancouver,V5Z 0A1,Crisco Shortening,Indigenous,small,Crisco All-Vegetable Shortening 454g,5.69,each,TRUE,FALSE,2026-05-15,FALSE
Save-On-Foods Cambie Street Vancouver,V5Z 0A1,Crisco Shortening,Indigenous,bulk,Crisco All-Vegetable Shortening 1.36kg,14.69,each,TRUE,FALSE,2026-05-15,FALSE
Save-On-Foods Cambie Street Vancouver,V5Z 0A1,Whole Wheat Bread,Others,small,Western Family Whole Wheat Bread 570g,2.49,each,TRUE,FALSE,2026-05-15,FALSE
Save-On-Foods Cambie Street Vancouver,V5Z 0A1,Whole Wheat Bread,Others,bulk,Est 2x Western Family Whole Wheat Bread 570g (no 2-loaf pack),4.98,each,TRUE,TRUE,2026-05-15,TRUE
Save-On-Foods Cambie Street Vancouver,V5Z 0A1,Whole Milk,Others,small,Dairyland 3.25% Milk 1L,3.25,each,TRUE,FALSE,2026-05-15,FALSE
Save-On-Foods Cambie Street Vancouver,V5Z 0A1,Whole Milk,Others,bulk,Dairyland 3.25% Milk 4L,6.69,each,TRUE,FALSE,2026-05-15,FALSE
Save-On-Foods Cambie Street Vancouver,V5Z 0A1,Eggs Large,Others,small,Western Family Eggs Large 12pk,4.29,each,TRUE,FALSE,2026-05-15,FALSE
Save-On-Foods Cambie Street Vancouver,V5Z 0A1,Eggs Large,Others,bulk,Western Family Eggs Large 18pk,7.35,each,TRUE,FALSE,2026-05-15,FALSE
Save-On-Foods Cambie Street Vancouver,V5Z 0A1,Chicken Breast,Others,small,SOF Boneless Skinless Chicken Breast Warehouse Pack 1.25kg avg/ea (spec 1kg),19.26,each,TRUE,TRUE,2026-05-15,TRUE
Save-On-Foods Cambie Street Vancouver,V5Z 0A1,Chicken Breast,Others,bulk,WF Chicken Breast Boneless Skinless Frozen Box 3kg (spec 1.8kg),38.99,each,TRUE,FALSE,2026-05-15,TRUE
Save-On-Foods Cambie Street Vancouver,V5Z 0A1,Russet Potatoes,Others,small,Potatoes Russet 5lb Bag,6.99,each,TRUE,FALSE,2026-05-15,FALSE
Save-On-Foods Cambie Street Vancouver,V5Z 0A1,Russet Potatoes,Others,bulk,Potatoes Russet 10lb Bag,8.99,each,TRUE,FALSE,2026-05-15,FALSE
Save-On-Foods Cambie Street Vancouver,V5Z 0A1,Carrots,Others,small,Carrots Cello Bag 3lb,4.99,each,TRUE,FALSE,2026-05-15,FALSE
Save-On-Foods Cambie Street Vancouver,V5Z 0A1,Carrots,Others,bulk,Carrots Orange 5lb Cello,7.49,each,TRUE,FALSE,2026-05-15,FALSE
Save-On-Foods Cambie Street Vancouver,V5Z 0A1,Black Beans,Others,small,Western Family Black Beans 540ml,1.67,each,TRUE,FALSE,2026-05-15,FALSE
Save-On-Foods Cambie Street Vancouver,V5Z 0A1,Black Beans,Others,bulk,Est 6x Western Family Black Beans 540ml (no 6-pack SKU),10.02,each,TRUE,TRUE,2026-05-15,TRUE
Save-On-Foods Cambie Street Vancouver,V5Z 0A1,Canola Oil,Others,small,Western Family Pure Canola Oil 946ml (spec 1L),5.79,each,TRUE,FALSE,2026-05-15,TRUE
Save-On-Foods Cambie Street Vancouver,V5Z 0A1,Canola Oil,Others,bulk,Western Family Pure Canola Oil 3L,12.99,each,TRUE,FALSE,2026-05-15,FALSE
Save-On-Foods Cambie Street Vancouver,V5Z 0A1,Quaker Oats,Others,small,Quaker Quick Oats 1kg,6.99,each,TRUE,FALSE,2026-05-15,FALSE
Save-On-Foods Cambie Street Vancouver,V5Z 0A1,Quaker Oats,Others,bulk,Quaker Quick Oats 2.25kg,9.99,each,TRUE,FALSE,2026-05-15,FALSE
Save-On-Foods Cambie Street Vancouver,V5Z 0A1,Bananas,Others,small,Bananas Bunch ~1kg at $1.72/kg (rate-limited; cross-store price used),1.72,per_kg,TRUE,TRUE,2026-05-15,TRUE
Save-On-Foods Cambie Street Vancouver,V5Z 0A1,Bananas,Others,bulk,Bananas Bunch ~3kg at $1.72/kg (rate-limited; cross-store price used),1.72,per_kg,TRUE,TRUE,2026-05-15,TRUE
Save-On-Foods Fleetwood Surrey,V3S 0A1,Basmati Rice,South Asian,small,Western Family White Basmati Rice 2kg,11.69,each,TRUE,FALSE,2026-05-16,FALSE
Save-On-Foods Fleetwood Surrey,V3S 0A1,Basmati Rice,South Asian,bulk,Tilda Pure Basmati Rice 4.54kg (spec 10kg; no 10kg found),22.99,each,TRUE,FALSE,2026-05-16,TRUE
Save-On-Foods Fleetwood Surrey,V3S 0A1,Whole Wheat Atta,South Asian,small,Teja Multigrain Atta 10lb (multigrain; spec 10lb pure atta),12.49,each,TRUE,FALSE,2026-05-16,TRUE
Save-On-Foods Fleetwood Surrey,V3S 0A1,Whole Wheat Atta,South Asian,bulk,Sher Durum Atta Desi Style 20lb (spec 20lb whole wheat atta),14.99,each,TRUE,FALSE,2026-05-16,TRUE
Save-On-Foods Fleetwood Surrey,V3S 0A1,Toor Dal,South Asian,small,Sundar Toor Dal 2lb (~907g; spec 900g),5.99,each,TRUE,FALSE,2026-05-16,TRUE
Save-On-Foods Fleetwood Surrey,V3S 0A1,Toor Dal,South Asian,bulk,Verka Arhar Dal Toor 1.6kg (spec 4kg; no 4kg found),8.19,each,TRUE,FALSE,2026-05-16,TRUE
Save-On-Foods Fleetwood Surrey,V3S 0A1,Whole Milk,South Asian,small,Dairyland 3.25% Milk 1L,3.25,each,TRUE,FALSE,2026-05-16,FALSE
Save-On-Foods Fleetwood Surrey,V3S 0A1,Whole Milk,South Asian,bulk,Dairyland 3.25% Milk 4L,6.19,each,TRUE,FALSE,2026-05-16,FALSE
Save-On-Foods Fleetwood Surrey,V3S 0A1,Yellow Onions,South Asian,small,Yellow Onions Mesh Bag 3lb (~1.36kg; spec 1kg),4.99,each,TRUE,FALSE,2026-05-16,TRUE
Save-On-Foods Fleetwood Surrey,V3S 0A1,Yellow Onions,South Asian,bulk,Onions 25lb Bag (~11.3kg; spec 5kg; no 5kg bag),19.99,each,TRUE,FALSE,2026-05-16,TRUE
Save-On-Foods Fleetwood Surrey,V3S 0A1,Roma Tomatoes,South Asian,small,Tomatoes Roma Fresh sold by weight ~1kg at $8.80/kg,8.8,per_kg,TRUE,TRUE,2026-05-16,FALSE
Save-On-Foods Fleetwood Surrey,V3S 0A1,Roma Tomatoes,South Asian,bulk,Tomatoes Roma Fresh sold by weight ~3kg at $8.80/kg,8.8,per_kg,TRUE,TRUE,2026-05-16,FALSE
Save-On-Foods Fleetwood Surrey,V3S 0A1,Chicken Thighs,South Asian,small,SOF Chicken Thighs BLS Value Pack 750g avg/ea (spec 1kg),17.34,each,TRUE,TRUE,2026-05-16,TRUE
Save-On-Foods Fleetwood Surrey,V3S 0A1,Chicken Thighs,South Asian,bulk,Est 3kg at $23.10/kg (no 3kg pack; rate=$2.31/100g),69.3,each,TRUE,TRUE,2026-05-16,TRUE
Save-On-Foods Fleetwood Surrey,V3S 0A1,Balkan Yogurt,South Asian,small,Astro Original Balkan Style Plain 3% 750g (spec 650g),3.69,each,TRUE,FALSE,2026-05-16,TRUE
Save-On-Foods Fleetwood Surrey,V3S 0A1,Balkan Yogurt,South Asian,bulk,Olympic Organic Plain Yogurt 3.5% 1.75kg,11.49,each,TRUE,FALSE,2026-05-16,TRUE
Save-On-Foods Fleetwood Surrey,V3S 0A1,Garlic,South Asian,small,Garlic Bulb Mesh 3 Each (spec single bulb),1.29,each,TRUE,FALSE,2026-05-16,TRUE
Save-On-Foods Fleetwood Surrey,V3S 0A1,Garlic,South Asian,bulk,Garlic Fresh Mesh Bag 1kg (spec 500g),4.99,each,TRUE,FALSE,2026-05-16,TRUE
Save-On-Foods Fleetwood Surrey,V3S 0A1,Canola Oil,South Asian,small,Western Family Pure Canola Oil 946ml (spec 1L),5.79,each,TRUE,FALSE,2026-05-16,TRUE
Save-On-Foods Fleetwood Surrey,V3S 0A1,Canola Oil,South Asian,bulk,Western Family Pure Canola Oil 3L,12.99,each,TRUE,FALSE,2026-05-16,FALSE
Save-On-Foods Fleetwood Surrey,V3S 0A1,Jasmine Rice,Chinese,small,Texana Thai Jasmine Rice 2kg,9.49,each,TRUE,FALSE,2026-05-16,FALSE
Save-On-Foods Fleetwood Surrey,V3S 0A1,Jasmine Rice,Chinese,bulk,XO 100% Crystal Jasmine Rice 8kg (spec 10kg; no 10kg found),25.99,each,TRUE,FALSE,2026-05-16,TRUE
Save-On-Foods Fleetwood Surrey,V3S 0A1,Bok Choy,Chinese,small,YU Baby Bok Choy Fresh Bunch 454g avg/ea (spec 500g),2.99,each,TRUE,TRUE,2026-05-16,TRUE
Save-On-Foods Fleetwood Surrey,V3S 0A1,Bok Choy,Chinese,bulk,Est 4x YU Baby Bok Choy 454g=~1.8kg (no 2kg pack),11.96,each,TRUE,TRUE,2026-05-16,TRUE
Save-On-Foods Fleetwood Surrey,V3S 0A1,Firm Tofu,Chinese,small,Sunrise Extra Firm Tofu 350g,3.49,each,TRUE,FALSE,2026-05-16,FALSE
Save-On-Foods Fleetwood Surrey,V3S 0A1,Firm Tofu,Chinese,bulk,Est 2x Sunrise Extra Firm Tofu 350g (no 2-pack),6.98,each,TRUE,TRUE,2026-05-16,TRUE
Save-On-Foods Fleetwood Surrey,V3S 0A1,Kikkoman Soy Sauce,Chinese,small,Kikkoman Soy Sauce 296ml (spec 250ml; no 250ml),6.19,each,TRUE,FALSE,2026-05-16,TRUE
Save-On-Foods Fleetwood Surrey,V3S 0A1,Kikkoman Soy Sauce,Chinese,bulk,YAMASA Soy Sauce 1.89L (spec Kikkoman 1.89L; YAMASA only 1.89L option),15.29,each,TRUE,FALSE,2026-05-16,TRUE
Save-On-Foods Fleetwood Surrey,V3S 0A1,Silk Soy Milk,Chinese,small,Silk Unsweetened Soy Beverage Original 946ml,4.49,each,TRUE,FALSE,2026-05-16,FALSE
Save-On-Foods Fleetwood Surrey,V3S 0A1,Silk Soy Milk,Chinese,bulk,Silk Soy Milk Alt Unsweetened 1.89L,6.29,each,TRUE,FALSE,2026-05-16,FALSE
Save-On-Foods Fleetwood Surrey,V3S 0A1,Eggs Large,Chinese,small,Western Family Large White Eggs 12pk,4.29,each,TRUE,FALSE,2026-05-16,FALSE
Save-On-Foods Fleetwood Surrey,V3S 0A1,Eggs Large,Chinese,bulk,Western Family Large White Eggs 18pk,7.35,each,TRUE,FALSE,2026-05-16,FALSE
Save-On-Foods Fleetwood Surrey,V3S 0A1,Green Onions,Chinese,small,Green Onions Scallions 1 Bunch,0.99,each,TRUE,FALSE,2026-05-16,FALSE
Save-On-Foods Fleetwood Surrey,V3S 0A1,Green Onions,Chinese,bulk,Est 3x Green Onions Bunch (no 3-bunch pack),2.97,each,TRUE,TRUE,2026-05-16,TRUE
Save-On-Foods Fleetwood Surrey,V3S 0A1,Sesame Oil,Chinese,small,Western Family Pure Sesame Oil 300ml (spec 327ml),5.99,each,TRUE,FALSE,2026-05-16,TRUE
Save-On-Foods Fleetwood Surrey,V3S 0A1,Sesame Oil,Chinese,bulk,Kosa Pure Toasted Sesame Oil 1.65L (spec 1L; no 1L),23.39,each,TRUE,FALSE,2026-05-16,TRUE
Save-On-Foods Fleetwood Surrey,V3S 0A1,Pork Shoulder,Chinese,small,WC Pork Roast Shoulder Blade Boneless 2kg avg/ea (spec 1kg),26.41,each,TRUE,TRUE,2026-05-16,TRUE
Save-On-Foods Fleetwood Surrey,V3S 0A1,Pork Shoulder,Chinese,bulk,Fresh Whole Pork Picnic 3175g avg/ea (~3kg),30.03,each,TRUE,TRUE,2026-05-16,TRUE
Save-On-Foods Fleetwood Surrey,V3S 0A1,Napa Cabbage,Chinese,small,Long Sui Choy 0.8kg avg/ea (1 head ~0.8kg),4.39,each,TRUE,TRUE,2026-05-16,FALSE
Save-On-Foods Fleetwood Surrey,V3S 0A1,Napa Cabbage,Chinese,bulk,Est 4x Long Sui Choy 0.8kg=~3.2kg at $4.39ea (spec 3kg),17.56,each,TRUE,TRUE,2026-05-16,TRUE
Save-On-Foods Fleetwood Surrey,V3S 0A1,White Rice,Filipino,small,WF Long Grain White Rice 1.81kg (spec 2kg),6.99,each,TRUE,FALSE,2026-05-17,TRUE
Save-On-Foods Fleetwood Surrey,V3S 0A1,White Rice,Filipino,bulk,WF Long Grain White Rice 8kg (spec 10kg; no 10kg),19.79,each,TRUE,FALSE,2026-05-17,TRUE
Save-On-Foods Fleetwood Surrey,V3S 0A1,Frozen Tilapia,Filipino,small,Tilapia Frozen Cleaned 500g avg/ea,3.3,each,TRUE,TRUE,2026-05-17,FALSE
Save-On-Foods Fleetwood Surrey,V3S 0A1,Frozen Tilapia,Filipino,bulk,No 2kg tilapia pack at this store,,each,FALSE,FALSE,2026-05-17,FALSE
Save-On-Foods Fleetwood Surrey,V3S 0A1,Yellow Onions,Filipino,small,Yellow Onions Mesh Bag 3lb (~1.36kg; spec 2kg),4.99,each,TRUE,FALSE,2026-05-17,TRUE
Save-On-Foods Fleetwood Surrey,V3S 0A1,Yellow Onions,Filipino,bulk,Onions 25lb Bag (~11.3kg; spec 5kg),19.99,each,TRUE,FALSE,2026-05-17,TRUE
Save-On-Foods Fleetwood Surrey,V3S 0A1,Coconut Milk,Filipino,small,Western Family Premium Coconut Milk 400ml,2.69,each,TRUE,FALSE,2026-05-17,FALSE
Save-On-Foods Fleetwood Surrey,V3S 0A1,Coconut Milk,Filipino,bulk,Est 6x WF Premium Coconut Milk 400ml (no 6-pack SKU),16.14,each,TRUE,TRUE,2026-05-17,TRUE
Save-On-Foods Fleetwood Surrey,V3S 0A1,Fish Sauce,Filipino,small,Squid Fish Sauce 300ml (spec 350ml; no 350ml found),2.69,each,TRUE,FALSE,2026-05-17,TRUE
Save-On-Foods Fleetwood Surrey,V3S 0A1,Fish Sauce,Filipino,bulk,Angelina Fish Sauce 750ml,4.49,each,TRUE,FALSE,2026-05-17,FALSE
Save-On-Foods Fleetwood Surrey,V3S 0A1,Pork Belly,Filipino,small,SOF Pork Belly Skin On Quarter Cut 907g avg/ea (spec 1kg),18.58,each,TRUE,TRUE,2026-05-17,TRUE
Save-On-Foods Fleetwood Surrey,V3S 0A1,Pork Belly,Filipino,bulk,WC Whole Pork Belly Skin On 5kg avg/ea (spec 3kg; no 3kg),77.05,each,TRUE,TRUE,2026-05-17,TRUE
Save-On-Foods Fleetwood Surrey,V3S 0A1,Eggs Large,Filipino,small,Western Family Large White Eggs 12pk,4.29,each,TRUE,FALSE,2026-05-17,FALSE
Save-On-Foods Fleetwood Surrey,V3S 0A1,Eggs Large,Filipino,bulk,Western Family Large White Eggs 18pk,7.35,each,TRUE,FALSE,2026-05-17,FALSE
Save-On-Foods Fleetwood Surrey,V3S 0A1,Eggplant,Filipino,small,Eggplant Long Fresh ~500g at $5.50/kg,5.5,per_kg,TRUE,TRUE,2026-05-17,FALSE
Save-On-Foods Fleetwood Surrey,V3S 0A1,Eggplant,Filipino,bulk,Eggplant Long Fresh ~2kg at $5.50/kg,5.5,per_kg,TRUE,TRUE,2026-05-17,FALSE
Save-On-Foods Fleetwood Surrey,V3S 0A1,Garlic,Filipino,small,Garlic Bulb Mesh 3 Each (spec 3-pack),1.29,each,TRUE,FALSE,2026-05-17,FALSE
Save-On-Foods Fleetwood Surrey,V3S 0A1,Garlic,Filipino,bulk,Garlic Fresh Mesh Bag 1kg (spec 500g),4.99,each,TRUE,FALSE,2026-05-17,TRUE
Save-On-Foods Fleetwood Surrey,V3S 0A1,Cane Vinegar,Filipino,small,UFC Cane Vinegar 750ml (spec 385ml; no 385ml found),3.69,each,TRUE,FALSE,2026-05-17,TRUE
Save-On-Foods Fleetwood Surrey,V3S 0A1,Cane Vinegar,Filipino,bulk,Marca Pina Cane Vinegar 1L,3.99,each,TRUE,FALSE,2026-05-17,FALSE
Save-On-Foods Fleetwood Surrey,V3S 0A1,Short Grain Rice,Korean,small,Shirakiku Premium Short Grain Rice 2kg,15.79,each,TRUE,FALSE,2026-05-17,FALSE
Save-On-Foods Fleetwood Surrey,V3S 0A1,Short Grain Rice,Korean,bulk,Shirakiku Premium Short Grain Rice 6.81kg (spec 9kg; no 9kg),47.99,each,TRUE,FALSE,2026-05-17,TRUE
Save-On-Foods Fleetwood Surrey,V3S 0A1,Kimchi,Korean,small,Hankook Kimchi 900g (spec 1kg),15.49,each,TRUE,FALSE,2026-05-17,TRUE
Save-On-Foods Fleetwood Surrey,V3S 0A1,Kimchi,Korean,bulk,No 5kg kimchi at this store,,each,FALSE,FALSE,2026-05-17,FALSE
Save-On-Foods Fleetwood Surrey,V3S 0A1,Gochujang,Korean,small,No gochujang paste found at this store,,each,FALSE,FALSE,2026-05-17,FALSE
Save-On-Foods Fleetwood Surrey,V3S 0A1,Gochujang,Korean,bulk,No gochujang paste found at this store,,each,FALSE,FALSE,2026-05-17,FALSE
Save-On-Foods Fleetwood Surrey,V3S 0A1,Bean Sprouts,Korean,small,Zimmerman Farm Bean Sprouts 227g (spec 340g),2.99,each,TRUE,FALSE,2026-05-17,TRUE
Save-On-Foods Fleetwood Surrey,V3S 0A1,Bean Sprouts,Korean,bulk,No 1kg bean sprouts available,,each,FALSE,FALSE,2026-05-17,FALSE
Save-On-Foods Fleetwood Surrey,V3S 0A1,Ground Beef,Korean,small,SOF Lean Ground Beef Fresh 529g avg/ea (spec 500g),9.9,each,TRUE,TRUE,2026-05-17,TRUE
Save-On-Foods Fleetwood Surrey,V3S 0A1,Ground Beef,Korean,bulk,WC Lean Ground Beef Fine Grind 1.36kg avg/ea (spec 2kg),25.46,each,TRUE,TRUE,2026-05-17,TRUE
Save-On-Foods Fleetwood Surrey,V3S 0A1,Sesame Oil,Korean,small,Western Family Pure Sesame Oil 300ml (spec 327ml),5.99,each,TRUE,FALSE,2026-05-17,TRUE
Save-On-Foods Fleetwood Surrey,V3S 0A1,Sesame Oil,Korean,bulk,Kosa Pure Toasted Sesame Oil 1.65L (spec 1L; no 1L),23.39,each,TRUE,FALSE,2026-05-17,TRUE
Save-On-Foods Fleetwood Surrey,V3S 0A1,Nori,Korean,small,Western Family Roasted Seaweed Sushi Nori 28g (spec 20g),3.99,each,TRUE,FALSE,2026-05-17,TRUE
Save-On-Foods Fleetwood Surrey,V3S 0A1,Nori,Korean,bulk,No 100g nori pack available,,each,FALSE,FALSE,2026-05-17,FALSE
Save-On-Foods Fleetwood Surrey,V3S 0A1,Silken Tofu,Korean,small,Superior Tofu Soft 300g,1.79,each,TRUE,FALSE,2026-05-17,FALSE
Save-On-Foods Fleetwood Surrey,V3S 0A1,Silken Tofu,Korean,bulk,Est 2x Superior Tofu Soft 300g (no 2-pack SKU),3.58,each,TRUE,TRUE,2026-05-17,TRUE
Save-On-Foods Fleetwood Surrey,V3S 0A1,Frozen Mackerel,Korean,small,3Fish Frozen Mackerel Fillet Norway 300g,8.99,each,TRUE,FALSE,2026-05-17,FALSE
Save-On-Foods Fleetwood Surrey,V3S 0A1,Frozen Mackerel,Korean,bulk,Est 2x Kababayan Indian Mackerel 500g=~1kg (spec 1kg),12.58,each,TRUE,TRUE,2026-05-17,TRUE
Save-On-Foods Fleetwood Surrey,V3S 0A1,Eggs Large,Korean,small,Western Family Large White Eggs 12pk,4.29,each,TRUE,FALSE,2026-05-17,FALSE
Save-On-Foods Fleetwood Surrey,V3S 0A1,Eggs Large,Korean,bulk,Western Family Large White Eggs 18pk,7.35,each,TRUE,FALSE,2026-05-17,FALSE
Save-On-Foods Fleetwood Surrey,V3S 0A1,Whole Wheat Bread,European,small,Western Family Whole Wheat Bread 570g,2.49,each,TRUE,FALSE,2026-05-17,FALSE
Save-On-Foods Fleetwood Surrey,V3S 0A1,Whole Wheat Bread,European,bulk,Est 2x Western Family Whole Wheat Bread 570g (no 2-loaf pack),4.98,each,TRUE,TRUE,2026-05-17,TRUE
Save-On-Foods Fleetwood Surrey,V3S 0A1,Whole Milk,European,small,Dairyland 3.25% Milk 1L,3.25,each,TRUE,FALSE,2026-05-17,FALSE
Save-On-Foods Fleetwood Surrey,V3S 0A1,Whole Milk,European,bulk,Dairyland 3.25% Milk 4L,6.19,each,TRUE,FALSE,2026-05-17,FALSE
Save-On-Foods Fleetwood Surrey,V3S 0A1,Cheddar,European,small,Western Family Old Cheddar Cheese 400g,7.99,each,TRUE,FALSE,2026-05-17,FALSE
Save-On-Foods Fleetwood Surrey,V3S 0A1,Cheddar,European,bulk,Value Priced Medium Cheddar Block 820g (spec 1kg; no 1kg found),14.99,each,TRUE,FALSE,2026-05-17,TRUE
Save-On-Foods Fleetwood Surrey,V3S 0A1,Eggs Large,European,small,Western Family Large White Eggs 12pk,4.29,each,TRUE,FALSE,2026-05-17,FALSE
Save-On-Foods Fleetwood Surrey,V3S 0A1,Eggs Large,European,bulk,Western Family Large White Eggs 18pk,7.35,each,TRUE,FALSE,2026-05-17,FALSE
Save-On-Foods Fleetwood Surrey,V3S 0A1,Ground Beef,European,small,SOF Lean Ground Beef Fresh 529g avg/ea (spec 500g),9.9,each,TRUE,TRUE,2026-05-17,TRUE
Save-On-Foods Fleetwood Surrey,V3S 0A1,Ground Beef,European,bulk,WC Lean Ground Beef Fine Grind 1.36kg avg/ea (spec 2kg),25.46,each,TRUE,TRUE,2026-05-17,TRUE
Save-On-Foods Fleetwood Surrey,V3S 0A1,Russet Potatoes,European,small,Potatoes Russet 5lb Bag,6.99,each,TRUE,FALSE,2026-05-17,FALSE
Save-On-Foods Fleetwood Surrey,V3S 0A1,Russet Potatoes,European,bulk,Potatoes Russet 10lb Bag (may be on sale; verify price),4.99,each,TRUE,FALSE,2026-05-17,TRUE
Save-On-Foods Fleetwood Surrey,V3S 0A1,Carrots,European,small,Carrots Cello Bag 3lb,4.99,each,TRUE,FALSE,2026-05-17,FALSE
Save-On-Foods Fleetwood Surrey,V3S 0A1,Carrots,European,bulk,Carrots Orange 5lb Cello,7.49,each,TRUE,FALSE,2026-05-17,FALSE
Save-On-Foods Fleetwood Surrey,V3S 0A1,Olive Oil,European,small,Western Family Extra Virgin Olive Oil 500ml,11.99,each,TRUE,FALSE,2026-05-17,FALSE
Save-On-Foods Fleetwood Surrey,V3S 0A1,Olive Oil,European,bulk,Filippo Berio Extra Virgin Olive Oil 1.5L (spec 2L; no 2L found),31.99,each,TRUE,FALSE,2026-05-17,TRUE
Save-On-Foods Fleetwood Surrey,V3S 0A1,Diced Tomatoes,European,small,Western Family Diced Tomatoes in Juice 796ml,2.39,each,TRUE,FALSE,2026-05-17,FALSE
Save-On-Foods Fleetwood Surrey,V3S 0A1,Diced Tomatoes,European,bulk,Est 6x Western Family Diced Tomatoes 796ml (no 6-pack SKU),14.34,each,TRUE,TRUE,2026-05-17,TRUE
Save-On-Foods Fleetwood Surrey,V3S 0A1,Greek Yogurt,European,small,Western Family Greek Style Yogurt 500g,4.5,each,TRUE,FALSE,2026-05-17,FALSE
Save-On-Foods Fleetwood Surrey,V3S 0A1,Greek Yogurt,European,bulk,OIKOS Greek Yogurt Plain 1.5kg,12.99,each,TRUE,FALSE,2026-05-17,FALSE
Save-On-Foods Fleetwood Surrey,V3S 0A1,Gold Seal Salmon,Indigenous,small,Gold Seal Wild Pink Salmon No Salt Added 213g,5.99,each,TRUE,FALSE,2026-05-17,FALSE
Save-On-Foods Fleetwood Surrey,V3S 0A1,Gold Seal Salmon,Indigenous,bulk,WF Wild Pacific Pink Salmon 418g; no 6-pack at this store - size/brand sub,8.69,each,TRUE,FALSE,2026-05-17,TRUE
Save-On-Foods Fleetwood Surrey,V3S 0A1,Robin Hood Flour,Indigenous,small,Robin Hood All Purpose Flour Original 1kg; spec 2kg - closest available,4.99,each,TRUE,FALSE,2026-05-17,TRUE
Save-On-Foods Fleetwood Surrey,V3S 0A1,Robin Hood Flour,Indigenous,bulk,Robin Hood All Purpose Flour Original 10kg,22.49,each,TRUE,FALSE,2026-05-17,FALSE
Save-On-Foods Fleetwood Surrey,V3S 0A1,Wild Blueberries,Indigenous,small,OOS - no wild blueberries 300g at this store; cultivated available as substitute,0,each,FALSE,FALSE,2026-05-17,FALSE
Save-On-Foods Fleetwood Surrey,V3S 0A1,Wild Blueberries,Indigenous,bulk,OOS - no wild blueberries 1kg at this store; cultivated available as substitute,0,each,FALSE,FALSE,2026-05-17,FALSE
Save-On-Foods Fleetwood Surrey,V3S 0A1,Bison,Indigenous,small,OOS - no bison products available at this store,0,each,FALSE,FALSE,2026-05-17,FALSE
Save-On-Foods Fleetwood Surrey,V3S 0A1,Bison,Indigenous,bulk,OOS - no bison products available at this store,0,each,FALSE,FALSE,2026-05-17,FALSE
Save-On-Foods Fleetwood Surrey,V3S 0A1,Russet Potatoes,Indigenous,small,Russet Potatoes 5lb bag; spec 3lb - closest available,6.99,each,TRUE,FALSE,2026-05-17,TRUE
Save-On-Foods Fleetwood Surrey,V3S 0A1,Russet Potatoes,Indigenous,bulk,Russet Potatoes 10lb bag; 10lb cheaper than 5lb - may be on sale; verify price,4.99,each,TRUE,FALSE,2026-05-17,TRUE
Save-On-Foods Fleetwood Surrey,V3S 0A1,Whole Milk,Indigenous,small,Dairyland Whole Milk 1L,3.25,each,TRUE,FALSE,2026-05-17,FALSE
Save-On-Foods Fleetwood Surrey,V3S 0A1,Whole Milk,Indigenous,bulk,Dairyland Whole Milk 4L,6.19,each,TRUE,FALSE,2026-05-17,FALSE
Save-On-Foods Fleetwood Surrey,V3S 0A1,Eggs Large,Indigenous,small,WF Large Eggs 12pk,4.29,each,TRUE,FALSE,2026-05-17,FALSE
Save-On-Foods Fleetwood Surrey,V3S 0A1,Eggs Large,Indigenous,bulk,WF Large Eggs 18pk,7.35,each,TRUE,FALSE,2026-05-17,FALSE
Save-On-Foods Fleetwood Surrey,V3S 0A1,Pinto Beans,Indigenous,small,WF Pinto Beans 540ml,1.67,each,TRUE,FALSE,2026-05-17,FALSE
Save-On-Foods Fleetwood Surrey,V3S 0A1,Pinto Beans,Indigenous,bulk,WF Pinto Beans 540ml x6 estimated; no 6-pack listing at this store,10.02,each,TRUE,TRUE,2026-05-17,TRUE
Save-On-Foods Fleetwood Surrey,V3S 0A1,Quaker Oats,Indigenous,small,Quaker Quick Oats 1kg,6.99,each,TRUE,FALSE,2026-05-17,FALSE
Save-On-Foods Fleetwood Surrey,V3S 0A1,Quaker Oats,Indigenous,bulk,Quaker Quick Oats 2.25kg,9.99,each,TRUE,FALSE,2026-05-17,FALSE
Save-On-Foods Fleetwood Surrey,V3S 0A1,Crisco Shortening,Indigenous,small,Crisco All-Vegetable Shortening 454g,5.69,each,TRUE,FALSE,2026-05-17,FALSE
Save-On-Foods Fleetwood Surrey,V3S 0A1,Crisco Shortening,Indigenous,bulk,Crisco All-Vegetable Shortening 1.36kg,14.69,each,TRUE,FALSE,2026-05-17,FALSE
Save-On-Foods Fleetwood Surrey,V3S 0A1,Whole Wheat Bread,Others,small,WF Whole Wheat Bread 570g,2.49,each,TRUE,FALSE,2026-05-17,FALSE
Save-On-Foods Fleetwood Surrey,V3S 0A1,Whole Wheat Bread,Others,bulk,WF Whole Wheat Bread 570g x2 estimated; no 2-loaf pack listing,4.98,each,TRUE,TRUE,2026-05-17,TRUE
Save-On-Foods Fleetwood Surrey,V3S 0A1,Whole Milk,Others,small,Dairyland Whole Milk 1L,3.25,each,TRUE,FALSE,2026-05-17,FALSE
Save-On-Foods Fleetwood Surrey,V3S 0A1,Whole Milk,Others,bulk,Dairyland Whole Milk 4L,6.19,each,TRUE,FALSE,2026-05-17,FALSE
Save-On-Foods Fleetwood Surrey,V3S 0A1,Eggs Large,Others,small,WF Large Eggs 12pk,4.29,each,TRUE,FALSE,2026-05-17,FALSE
Save-On-Foods Fleetwood Surrey,V3S 0A1,Eggs Large,Others,bulk,WF Large Eggs 18pk,7.35,each,TRUE,FALSE,2026-05-17,FALSE
Save-On-Foods Fleetwood Surrey,V3S 0A1,Chicken Breast,Others,small,WC Chicken Breast BS Fresh 800g avg; spec 1kg - size sub,18.5,each,TRUE,TRUE,2026-05-17,TRUE
Save-On-Foods Fleetwood Surrey,V3S 0A1,Chicken Breast,Others,bulk,SOF Boneless Skinless Chicken Breast Warehouse Pack 1.25kg avg; spec 1.8kg - size sub,19.26,each,TRUE,TRUE,2026-05-17,TRUE
Save-On-Foods Fleetwood Surrey,V3S 0A1,Russet Potatoes,Others,small,Russet Potatoes 5lb bag,6.99,each,TRUE,FALSE,2026-05-17,FALSE
Save-On-Foods Fleetwood Surrey,V3S 0A1,Russet Potatoes,Others,bulk,Russet Potatoes 10lb bag; 10lb cheaper than 5lb - may be on sale; verify price,4.99,each,TRUE,FALSE,2026-05-17,TRUE
Save-On-Foods Fleetwood Surrey,V3S 0A1,Carrots,Others,small,Carrots Cello Bag 3lb,4.99,each,TRUE,FALSE,2026-05-17,FALSE
Save-On-Foods Fleetwood Surrey,V3S 0A1,Carrots,Others,bulk,Carrots Orange 5lb Cello,7.49,each,TRUE,FALSE,2026-05-17,FALSE
Save-On-Foods Fleetwood Surrey,V3S 0A1,Black Beans,Others,small,WF Black Beans 540ml,1.67,each,TRUE,FALSE,2026-05-17,FALSE
Save-On-Foods Fleetwood Surrey,V3S 0A1,Black Beans,Others,bulk,WF Black Beans 540ml x6 estimated; no 6-pack listing at this store,10.02,each,TRUE,TRUE,2026-05-17,TRUE
Save-On-Foods Fleetwood Surrey,V3S 0A1,Canola Oil,Others,small,WF Pure Canola Oil 946ml; spec 1L - closest available,5.79,each,TRUE,FALSE,2026-05-17,TRUE
Save-On-Foods Fleetwood Surrey,V3S 0A1,Canola Oil,Others,bulk,WF Pure Canola Oil 3L,12.99,each,TRUE,FALSE,2026-05-17,FALSE
Save-On-Foods Fleetwood Surrey,V3S 0A1,Quaker Oats,Others,small,Quaker Quick Oats 1kg,6.99,each,TRUE,FALSE,2026-05-17,FALSE
Save-On-Foods Fleetwood Surrey,V3S 0A1,Quaker Oats,Others,bulk,Quaker Quick Oats 2.25kg,9.99,each,TRUE,FALSE,2026-05-17,FALSE
Save-On-Foods Fleetwood Surrey,V3S 0A1,Bananas,Others,small,Bananas Yellow sold per piece ~200g; est 5 pcs ~1kg @ $0.39/ea,1.95,each,TRUE,TRUE,2026-05-17,FALSE
Save-On-Foods Fleetwood Surrey,V3S 0A1,Bananas,Others,bulk,Bananas Yellow sold per piece ~200g; est 15 pcs ~3kg @ $0.39/ea,5.85,each,TRUE,TRUE,2026-05-17,FALSE
Save-On-Foods Coquitlam,V3K 6Y3,Basmati Rice,South Asian,small,Tilda Pure Basmati Rice 4.54kg; spec 5kg - closest available,22.99,each,TRUE,FALSE,2026-05-17,TRUE
Save-On-Foods Coquitlam,V3K 6Y3,Basmati Rice,South Asian,bulk,Tilda Pure Basmati Rice 4.54kg; no 10kg available - size sub,22.99,each,TRUE,FALSE,2026-05-17,TRUE
Save-On-Foods Coquitlam,V3K 6Y3,Red Lentils,South Asian,small,Sher Red Split Lentil 2lb (907g); spec 1kg - closest available,2.99,each,TRUE,FALSE,2026-05-17,TRUE
Save-On-Foods Coquitlam,V3K 6Y3,Red Lentils,South Asian,bulk,Red Split Lentils Bulk bin; est 4kg @ $0.89/100g,35.6,each,TRUE,TRUE,2026-05-17,TRUE
Save-On-Foods Coquitlam,V3K 6Y3,Chapati Flour (Atta),South Asian,small,Sher Durum Atta Desi Style 20lb (9.07kg); no 5kg available - size sub,16.99,each,TRUE,FALSE,2026-05-17,TRUE
Save-On-Foods Coquitlam,V3K 6Y3,Chapati Flour (Atta),South Asian,bulk,Sher Fibr Wala White W/W Atta Flour 9.07kg; no 10kg available - closest large format,18.99,each,TRUE,FALSE,2026-05-17,TRUE
Save-On-Foods Coquitlam,V3K 6Y3,Mustard Oil,South Asian,small,OOS - no mustard oil available at this store,0,each,FALSE,FALSE,2026-05-17,FALSE
Save-On-Foods Coquitlam,V3K 6Y3,Mustard Oil,South Asian,bulk,OOS - no mustard oil available at this store,0,each,FALSE,FALSE,2026-05-17,FALSE
Save-On-Foods Coquitlam,V3K 6Y3,Paneer,South Asian,small,Tre Stelle Paneer Cheese 300g; spec 200g - closest available,3.99,each,TRUE,FALSE,2026-05-17,TRUE
Save-On-Foods Coquitlam,V3K 6Y3,Paneer,South Asian,bulk,Tre Stelle Paneer Cheese 300g; spec 400g - only size available,3.99,each,TRUE,FALSE,2026-05-17,TRUE
Save-On-Foods Coquitlam,V3K 6Y3,Chickpeas,South Asian,small,WF Chick Peas 540ml,1.67,each,TRUE,FALSE,2026-05-17,FALSE
Save-On-Foods Coquitlam,V3K 6Y3,Chickpeas,South Asian,bulk,WF Chick Peas 540ml x6 estimated; no 6-pack listing at this store,10.02,each,TRUE,TRUE,2026-05-17,TRUE
Save-On-Foods Coquitlam,V3K 6Y3,Whole Milk,South Asian,small,Dairyland 3.25% Milk 1L,3.25,each,TRUE,FALSE,2026-05-17,FALSE
Save-On-Foods Coquitlam,V3K 6Y3,Whole Milk,South Asian,bulk,Dairyland 3.25% Milk 4L,6.69,each,TRUE,FALSE,2026-05-17,FALSE
Save-On-Foods Coquitlam,V3K 6Y3,Eggs Large,South Asian,small,WF Large White Eggs 12pk,4.29,each,TRUE,FALSE,2026-05-17,FALSE
Save-On-Foods Coquitlam,V3K 6Y3,Eggs Large,South Asian,bulk,WF Large White Eggs 18pk,7.35,each,TRUE,FALSE,2026-05-17,FALSE
Save-On-Foods Coquitlam,V3K 6Y3,Chicken Leg Quarters,South Asian,small,WC Chicken Drumsticks Skin On Fresh 556g avg; spec 1kg - size sub,7.96,each,TRUE,TRUE,2026-05-17,TRUE
Save-On-Foods Coquitlam,V3K 6Y3,Chicken Leg Quarters,South Asian,bulk,WC Chicken Drumsticks Fresh 1.7kg avg; spec 3kg - size sub,20.58,each,TRUE,TRUE,2026-05-17,TRUE
Save-On-Foods Coquitlam,V3K 6Y3,Onions,South Asian,small,Yellow Onions Mesh Bag 3lb,4.99,each,TRUE,FALSE,2026-05-17,FALSE
Save-On-Foods Coquitlam,V3K 6Y3,Onions,South Asian,bulk,Yellow Onions per unit est 10lb (~4.54kg) @ $1.86/425g avg; no 10lb bag,19.89,each,TRUE,TRUE,2026-05-17,TRUE
Save-On-Foods Coquitlam,V3K 6Y3,Jasmine Rice,Chinese,small,WF Jasmine Rice 4.54kg; spec 5kg - closest available,15.99,each,TRUE,FALSE,2026-05-17,TRUE
Save-On-Foods Coquitlam,V3K 6Y3,Jasmine Rice,Chinese,bulk,Geoland Jasmine White Scented Rice 8kg; no 10kg - closest large format,25.99,each,TRUE,FALSE,2026-05-17,TRUE
Save-On-Foods Coquitlam,V3K 6Y3,Soy Sauce,Chinese,small,Pearl River Bridge Superior Light Soy Sauce 500ml,3.69,each,TRUE,FALSE,2026-05-17,FALSE
Save-On-Foods Coquitlam,V3K 6Y3,Soy Sauce,Chinese,bulk,Kikkoman Soy Sauce 1.2L; spec 1.9L - largest available,14.49,each,TRUE,FALSE,2026-05-17,TRUE
Save-On-Foods Coquitlam,V3K 6Y3,Oyster Sauce,Chinese,small,LKK Panda Oyster Sauce 412ml; spec 340ml - closest available,4.99,each,TRUE,FALSE,2026-05-17,TRUE
Save-On-Foods Coquitlam,V3K 6Y3,Oyster Sauce,Chinese,bulk,LKK Premium Oyster Sauce 510g; spec 907ml - largest available,10.99,each,TRUE,FALSE,2026-05-17,TRUE
Save-On-Foods Coquitlam,V3K 6Y3,Napa Cabbage,Chinese,small,Long Sui Choy 0.8kg avg/ea; sold individually,4.39,each,TRUE,TRUE,2026-05-17,FALSE
Save-On-Foods Coquitlam,V3K 6Y3,Napa Cabbage,Chinese,bulk,Long Sui Choy x2 est; sold individually @ $4.39/ea avg,8.78,each,TRUE,TRUE,2026-05-17,TRUE
Save-On-Foods Coquitlam,V3K 6Y3,Tofu Firm,Chinese,small,Sunrise Extra Firm Tofu 350g,3.49,each,TRUE,FALSE,2026-05-17,FALSE
Save-On-Foods Coquitlam,V3K 6Y3,Tofu Firm,Chinese,bulk,Sunrise Firm Tofu 500g; spec 750g - largest available,3.99,each,TRUE,FALSE,2026-05-17,TRUE
Save-On-Foods Coquitlam,V3K 6Y3,Bok Choy,Chinese,small,YU Baby Bok Choy Fresh 454g avg; sold by bunch,2.99,each,TRUE,TRUE,2026-05-17,FALSE
Save-On-Foods Coquitlam,V3K 6Y3,Bok Choy,Chinese,bulk,YU Baby Bok Choy Fresh x3 est for ~3lb (1.36kg) @ $2.99/454g avg,8.97,each,TRUE,TRUE,2026-05-17,TRUE
Save-On-Foods Coquitlam,V3K 6Y3,Whole Milk,Chinese,small,Dairyland 3.25% Milk 1L,3.25,each,TRUE,FALSE,2026-05-17,FALSE
Save-On-Foods Coquitlam,V3K 6Y3,Whole Milk,Chinese,bulk,Dairyland 3.25% Milk 4L,6.69,each,TRUE,FALSE,2026-05-17,FALSE
Save-On-Foods Coquitlam,V3K 6Y3,Eggs Large,Chinese,small,WF Large White Eggs 12pk,4.29,each,TRUE,FALSE,2026-05-17,FALSE
Save-On-Foods Coquitlam,V3K 6Y3,Eggs Large,Chinese,bulk,WF Large White Eggs 18pk,7.35,each,TRUE,FALSE,2026-05-17,FALSE
Save-On-Foods Coquitlam,V3K 6Y3,Pork Belly,Chinese,small,SOF Pork Bellies Sliced Side 315g avg; spec 400g - size sub,6.94,each,TRUE,TRUE,2026-05-17,TRUE
Save-On-Foods Coquitlam,V3K 6Y3,Pork Belly,Chinese,bulk,SOF Pork Belly est 1kg @ $6.94/315g rate; no 1kg fresh pack,22.03,each,TRUE,TRUE,2026-05-17,TRUE
Save-On-Foods Coquitlam,V3K 6Y3,Green Onions,Chinese,small,Green Onions Scallions Bunch Fresh 1 each,0.99,each,TRUE,FALSE,2026-05-17,FALSE
Save-On-Foods Coquitlam,V3K 6Y3,Green Onions,Chinese,bulk,Green Onions Scallions x3 bunches est,2.97,each,TRUE,TRUE,2026-05-17,TRUE
Save-On-Foods Coquitlam,V3K 6Y3,Jasmine Rice,Filipino,small,WF Jasmine Rice 4.54kg; spec 5kg - closest available,15.99,each,TRUE,FALSE,2026-05-17,TRUE
Save-On-Foods Coquitlam,V3K 6Y3,Jasmine Rice,Filipino,bulk,Geoland Jasmine White Scented Rice 8kg; no 10kg - closest large format,25.99,each,TRUE,FALSE,2026-05-17,TRUE
Save-On-Foods Coquitlam,V3K 6Y3,Soy Sauce,Filipino,small,Pearl River Bridge Superior Light Soy Sauce 500ml,3.69,each,TRUE,FALSE,2026-05-17,FALSE
Save-On-Foods Coquitlam,V3K 6Y3,Soy Sauce,Filipino,bulk,Kikkoman Soy Sauce 1.2L; spec 1.9L - largest available,14.49,each,TRUE,FALSE,2026-05-17,TRUE
Save-On-Foods Coquitlam,V3K 6Y3,Coconut Milk,Filipino,small,WF Premium Coconut Milk 400ml,2.69,each,TRUE,FALSE,2026-05-17,FALSE
Save-On-Foods Coquitlam,V3K 6Y3,Coconut Milk,Filipino,bulk,WF Premium Coconut Milk 400ml x6 estimated; no 6-pack listing,16.14,each,TRUE,TRUE,2026-05-17,TRUE
Save-On-Foods Coquitlam,V3K 6Y3,Tilapia/Bangus,Filipino,small,WF Tilapia Loins 4-5 Portions 400g,16.49,each,TRUE,FALSE,2026-05-17,FALSE
Save-On-Foods Coquitlam,V3K 6Y3,Tilapia/Bangus,Filipino,bulk,WF Tilapia Loins est 1kg @ $16.49/400g rate; no 1kg pack available,41.23,each,TRUE,TRUE,2026-05-17,TRUE
Save-On-Foods Coquitlam,V3K 6Y3,Cane Vinegar,Filipino,small,OOS - no cane vinegar (Datu Puti/UFC) available at this store,0,each,FALSE,FALSE,2026-05-17,FALSE
Save-On-Foods Coquitlam,V3K 6Y3,Cane Vinegar,Filipino,bulk,OOS - no cane vinegar available at this store,0,each,FALSE,FALSE,2026-05-17,FALSE
Save-On-Foods Coquitlam,V3K 6Y3,Bagoong (Shrimp Paste),Filipino,small,OOS - no bagoong/shrimp paste available at this store,0,each,FALSE,FALSE,2026-05-17,FALSE
Save-On-Foods Coquitlam,V3K 6Y3,Bagoong (Shrimp Paste),Filipino,bulk,OOS - no bagoong/shrimp paste available at this store,0,each,FALSE,FALSE,2026-05-17,FALSE
Save-On-Foods Coquitlam,V3K 6Y3,Whole Milk,Filipino,small,Dairyland 3.25% Milk 1L,3.25,each,TRUE,FALSE,2026-05-17,FALSE
Save-On-Foods Coquitlam,V3K 6Y3,Whole Milk,Filipino,bulk,Dairyland 3.25% Milk 4L,6.69,each,TRUE,FALSE,2026-05-17,FALSE
Save-On-Foods Coquitlam,V3K 6Y3,Eggs Large,Filipino,small,WF Large White Eggs 12pk,4.29,each,TRUE,FALSE,2026-05-17,FALSE
Save-On-Foods Coquitlam,V3K 6Y3,Eggs Large,Filipino,bulk,WF Large White Eggs 18pk,7.35,each,TRUE,FALSE,2026-05-17,FALSE
Save-On-Foods Coquitlam,V3K 6Y3,Pork Shoulder,Filipino,small,WC Pork Butt Steak Bone In 800g avg; spec 400g - size sub,13.21,each,TRUE,TRUE,2026-05-17,TRUE
Save-On-Foods Coquitlam,V3K 6Y3,Pork Shoulder,Filipino,bulk,WC Pork Butt Steak Bone In 800g avg; spec 1kg - closest available,13.21,each,TRUE,TRUE,2026-05-17,TRUE
Save-On-Foods Coquitlam,V3K 6Y3,Garlic,Filipino,small,Garlic Bulb Mesh 3 each,1.29,each,TRUE,FALSE,2026-05-17,FALSE
Save-On-Foods Coquitlam,V3K 6Y3,Garlic,Filipino,bulk,Garlic Bulb Mesh est 2lb (~15 heads) @ $1.29/3 heads; no 2lb bag,6.45,each,TRUE,TRUE,2026-05-17,TRUE
Save-On-Foods Coquitlam,V3K 6Y3,Short Grain Rice,Korean,small,Katsumi US No.1 Premium Calrose Rice 2.26kg; spec 2kg - closest available,12.49,each,TRUE,FALSE,2026-05-17,TRUE
Save-On-Foods Coquitlam,V3K 6Y3,Short Grain Rice,Korean,bulk,Katsumi US No.1 Premium Calrose Rice 2.26kg; no 10kg - largest available,12.49,each,TRUE,FALSE,2026-05-17,TRUE
Save-On-Foods Coquitlam,V3K 6Y3,Gochujang Paste,Korean,small,OOS - no gochujang paste available at this store,0,each,FALSE,FALSE,2026-05-17,FALSE
Save-On-Foods Coquitlam,V3K 6Y3,Gochujang Paste,Korean,bulk,OOS - no gochujang paste available at this store,0,each,FALSE,FALSE,2026-05-17,FALSE
Save-On-Foods Coquitlam,V3K 6Y3,Sesame Oil,Korean,small,Oi Toasted Sesame Oil 250ml,4.99,each,TRUE,FALSE,2026-05-17,FALSE
Save-On-Foods Coquitlam,V3K 6Y3,Sesame Oil,Korean,bulk,LKK Pure Sesame Oil 443.6ml; spec 500ml - closest available,9.49,each,TRUE,FALSE,2026-05-17,TRUE
Save-On-Foods Coquitlam,V3K 6Y3,Kimchi,Korean,small,Hankook Kimchi 450g; spec 400g - closest available,8.99,each,TRUE,FALSE,2026-05-17,TRUE
Save-On-Foods Coquitlam,V3K 6Y3,Kimchi,Korean,bulk,Hankook Kimchi x2 est for 1kg; no 1kg pack at this store,17.98,each,TRUE,TRUE,2026-05-17,TRUE
Save-On-Foods Coquitlam,V3K 6Y3,Dried Seaweed (Nori),Korean,small,WF Roasted Seaweed Sushi Nori 28g; spec 25g - closest available,3.99,each,TRUE,FALSE,2026-05-17,TRUE
Save-On-Foods Coquitlam,V3K 6Y3,Dried Seaweed (Nori),Korean,bulk,Jayone Roasted Seaweed Seasoned 24-pack ~100g total,13.79,each,TRUE,TRUE,2026-05-17,TRUE
Save-On-Foods Coquitlam,V3K 6Y3,Ground Beef,Korean,small,WC Lean Ground Beef 454g; spec 500g - closest available,9.5,each,TRUE,FALSE,2026-05-17,TRUE
Save-On-Foods Coquitlam,V3K 6Y3,Ground Beef,Korean,bulk,WC Lean Ground Beef Fine Grind 1.36kg avg; spec 2kg - largest available,25.46,each,TRUE,TRUE,2026-05-17,TRUE
Save-On-Foods Coquitlam,V3K 6Y3,Frozen Mackerel,Korean,small,OOS - no frozen mackerel available at this store,0,each,FALSE,FALSE,2026-05-17,FALSE
Save-On-Foods Coquitlam,V3K 6Y3,Frozen Mackerel,Korean,bulk,OOS - no frozen mackerel available at this store,0,each,FALSE,FALSE,2026-05-17,FALSE
Save-On-Foods Coquitlam,V3K 6Y3,Eggs Large,Korean,small,WF Large White Eggs 12pk,4.29,each,TRUE,FALSE,2026-05-17,FALSE
Save-On-Foods Coquitlam,V3K 6Y3,Eggs Large,Korean,bulk,WF Large White Eggs 18pk,7.35,each,TRUE,FALSE,2026-05-17,FALSE
Save-On-Foods Coquitlam,V3K 6Y3,Silken Tofu,Korean,small,Sunrise Soyganic Organic Soft Tofu 300g,2.49,each,TRUE,FALSE,2026-05-17,FALSE
Save-On-Foods Coquitlam,V3K 6Y3,Silken Tofu,Korean,bulk,Sunrise Soyganic Organic Soft Tofu 300g x2 est; no 2-pack listing,4.98,each,TRUE,TRUE,2026-05-17,TRUE
Save-On-Foods Coquitlam,V3K 6Y3,Bean Sprouts,Korean,small,Zimmerman Farm Bean Sprouts 227g; spec 340g - only size available,2.99,each,TRUE,FALSE,2026-05-17,TRUE
Save-On-Foods Coquitlam,V3K 6Y3,Bean Sprouts,Korean,bulk,Zimmerman Farm Bean Sprouts est 1kg @ $2.99/227g; no large bag,13.17,each,TRUE,TRUE,2026-05-17,TRUE
Save-On-Foods Coquitlam,V3K 6Y3,Whole Wheat Bread,European,small,WF Whole Wheat Bread 570g,2.49,each,TRUE,FALSE,2026-05-17,FALSE
Save-On-Foods Coquitlam,V3K 6Y3,Whole Wheat Bread,European,bulk,WF Whole Wheat Bread 570g x2 est; no 2-loaf pack listing,4.98,each,TRUE,TRUE,2026-05-17,TRUE
Save-On-Foods Coquitlam,V3K 6Y3,Whole Milk,European,small,Dairyland 3.25% Milk 1L,3.25,each,TRUE,FALSE,2026-05-17,FALSE
Save-On-Foods Coquitlam,V3K 6Y3,Whole Milk,European,bulk,Dairyland 3.25% Milk 4L,6.69,each,TRUE,FALSE,2026-05-17,FALSE
Save-On-Foods Coquitlam,V3K 6Y3,Cheddar,European,small,WF Marble Cheddar Cheese 400g,7.99,each,TRUE,FALSE,2026-05-17,FALSE
Save-On-Foods Coquitlam,V3K 6Y3,Cheddar,European,bulk,Value Priced Old Cheddar Block 820g; spec 1kg - closest available,14.99,each,TRUE,FALSE,2026-05-17,TRUE
Save-On-Foods Coquitlam,V3K 6Y3,Eggs Large,European,small,WF Large White Eggs 12pk,4.29,each,TRUE,FALSE,2026-05-17,FALSE
Save-On-Foods Coquitlam,V3K 6Y3,Eggs Large,European,bulk,WF Large White Eggs 18pk,7.35,each,TRUE,FALSE,2026-05-17,FALSE
Save-On-Foods Coquitlam,V3K 6Y3,Ground Beef,European,small,WC Lean Ground Beef 454g; spec 500g - closest available,9.5,each,TRUE,FALSE,2026-05-17,TRUE
Save-On-Foods Coquitlam,V3K 6Y3,Ground Beef,European,bulk,WC Lean Ground Beef Fine Grind 1.36kg avg; spec 2kg - largest available,25.46,each,TRUE,TRUE,2026-05-17,TRUE
Save-On-Foods Coquitlam,V3K 6Y3,Russet Potatoes,European,small,Russet Potatoes 5lb bag,6.99,each,TRUE,FALSE,2026-05-17,FALSE
Save-On-Foods Coquitlam,V3K 6Y3,Russet Potatoes,European,bulk,Russet Potatoes 10lb bag,8.99,each,TRUE,FALSE,2026-05-17,FALSE
Save-On-Foods Coquitlam,V3K 6Y3,Carrots,European,small,Carrots Cello Bag 3lb,4.99,each,TRUE,FALSE,2026-05-17,FALSE
Save-On-Foods Coquitlam,V3K 6Y3,Carrots,European,bulk,Carrots Orange 5lb Cello,7.49,each,TRUE,FALSE,2026-05-17,FALSE
Save-On-Foods Coquitlam,V3K 6Y3,Olive Oil,European,small,WF Extra Virgin Olive Oil 500ml,11.99,each,TRUE,FALSE,2026-05-17,FALSE
Save-On-Foods Coquitlam,V3K 6Y3,Olive Oil,European,bulk,WF Extra Virgin Olive Oil 1L; spec 2L - no 2L available at this store,16.99,each,TRUE,FALSE,2026-05-17,TRUE
Save-On-Foods Coquitlam,V3K 6Y3,Diced Tomatoes,European,small,Only Goodness Diced Tomatoes No Salt Added 796ml,2.39,each,TRUE,FALSE,2026-05-17,FALSE
Save-On-Foods Coquitlam,V3K 6Y3,Diced Tomatoes,European,bulk,Only Goodness Diced Tomatoes 796ml x6 est; no 6-pack listing,14.34,each,TRUE,TRUE,2026-05-17,TRUE
Save-On-Foods Coquitlam,V3K 6Y3,Greek Yogurt,European,small,WF Greek Style Yogurt 500g,4.5,each,TRUE,FALSE,2026-05-17,FALSE
Save-On-Foods Coquitlam,V3K 6Y3,Greek Yogurt,European,bulk,OIKOS Greek Yogurt Plain 1.5kg,12.99,each,TRUE,FALSE,2026-05-17,FALSE
Save-On-Foods Coquitlam,V3K 6Y3,Gold Seal Wild Pink Salmon,Indigenous,small,Gold Seal Wild Pink Salmon No Salt Added 213g,5.99,each,TRUE,FALSE,2026-05-17,FALSE
Save-On-Foods Coquitlam,V3K 6Y3,Gold Seal Wild Pink Salmon,Indigenous,bulk,WF Wild Pacific Pink Salmon 418g (sub for 6-pack; no multi-pack available),8.69,each,TRUE,FALSE,2026-05-17,TRUE
Save-On-Foods Coquitlam,V3K 6Y3,Robin Hood All Purpose Flour,Indigenous,small,Robin Hood All Purpose Flour 1kg (spec 2kg; no 2kg available),4.99,each,TRUE,FALSE,2026-05-17,TRUE
Save-On-Foods Coquitlam,V3K 6Y3,Robin Hood All Purpose Flour,Indigenous,bulk,Robin Hood All Purpose Flour 10kg,22.49,each,TRUE,FALSE,2026-05-17,FALSE
Save-On-Foods Coquitlam,V3K 6Y3,Wild Blueberries Frozen,Indigenous,small,Out of stock; only cultivated blueberries available,0,each,FALSE,FALSE,2026-05-17,FALSE
Save-On-Foods Coquitlam,V3K 6Y3,Wild Blueberries Frozen,Indigenous,bulk,Out of stock; only cultivated blueberries available,0,each,FALSE,FALSE,2026-05-17,FALSE
Save-On-Foods Coquitlam,V3K 6Y3,Ground Bison,Indigenous,small,Out of stock at this location,0,each,FALSE,FALSE,2026-05-17,FALSE
Save-On-Foods Coquitlam,V3K 6Y3,Ground Bison,Indigenous,bulk,Out of stock at this location,0,each,FALSE,FALSE,2026-05-17,FALSE
Save-On-Foods Coquitlam,V3K 6Y3,Russet Potatoes,Indigenous,small,Russet Potatoes 5lb Bag $6.99 (spec 3lb; no 3lb available),6.99,each,TRUE,FALSE,2026-05-17,TRUE
Save-On-Foods Coquitlam,V3K 6Y3,Russet Potatoes,Indigenous,bulk,Russet Potatoes 10lb Bag,8.99,each,TRUE,FALSE,2026-05-17,FALSE
Save-On-Foods Coquitlam,V3K 6Y3,Whole Milk,Indigenous,small,Homo Whole Milk 1L,3.25,each,TRUE,FALSE,2026-05-17,FALSE
Save-On-Foods Coquitlam,V3K 6Y3,Whole Milk,Indigenous,bulk,Homo Whole Milk 4L,6.69,each,TRUE,FALSE,2026-05-17,FALSE
Save-On-Foods Coquitlam,V3K 6Y3,Eggs Large,Indigenous,small,Large Eggs 12pk,4.29,each,TRUE,FALSE,2026-05-17,FALSE
Save-On-Foods Coquitlam,V3K 6Y3,Eggs Large,Indigenous,bulk,Large Eggs 18pk,7.35,each,TRUE,FALSE,2026-05-17,FALSE
Save-On-Foods Coquitlam,V3K 6Y3,Pinto Beans Canned,Indigenous,small,Western Family Pinto Beans 540ml (3 for $5),1.67,each,TRUE,FALSE,2026-05-17,FALSE
Save-On-Foods Coquitlam,V3K 6Y3,Pinto Beans Canned,Indigenous,bulk,WF Pinto Beans 540ml x6 est. $10.02 (no 6-pack listed; 6x$1.67),10.02,each,TRUE,TRUE,2026-05-17,TRUE
Save-On-Foods Coquitlam,V3K 6Y3,Quaker Oats,Indigenous,small,Quaker Quick Oats 1kg,6.99,each,TRUE,FALSE,2026-05-17,FALSE
Save-On-Foods Coquitlam,V3K 6Y3,Quaker Oats,Indigenous,bulk,Quaker Quick Oats 2.25kg,9.99,each,TRUE,FALSE,2026-05-17,FALSE
Save-On-Foods Coquitlam,V3K 6Y3,Crisco All-Vegetable Shortening,Indigenous,small,Crisco All-Vegetable Shortening 454g,5.69,each,TRUE,FALSE,2026-05-17,FALSE
Save-On-Foods Coquitlam,V3K 6Y3,Crisco All-Vegetable Shortening,Indigenous,bulk,Crisco 454g x3 est. $17.07 (no 1.36kg available; 3x$5.69),17.07,each,TRUE,TRUE,2026-05-17,TRUE
Save-On-Foods Coquitlam,V3K 6Y3,Whole Wheat Bread,Others,small,Dempster's 100% Whole Wheat Bread 675g (spec 570g; no 570g available),4.79,each,TRUE,FALSE,2026-05-17,TRUE
Save-On-Foods Coquitlam,V3K 6Y3,Whole Wheat Bread,Others,bulk,Dempster's 100% Whole Wheat Bread 675g x2 est. $9.58 (no 2-loaf pack listed),9.58,each,TRUE,TRUE,2026-05-17,TRUE
Save-On-Foods Coquitlam,V3K 6Y3,Whole Milk,Others,small,Homo Whole Milk 1L,3.25,each,TRUE,FALSE,2026-05-17,FALSE
Save-On-Foods Coquitlam,V3K 6Y3,Whole Milk,Others,bulk,Homo Whole Milk 4L,6.69,each,TRUE,FALSE,2026-05-17,FALSE
Save-On-Foods Coquitlam,V3K 6Y3,Eggs Large,Others,small,Large Eggs 12pk,4.29,each,TRUE,FALSE,2026-05-17,FALSE
Save-On-Foods Coquitlam,V3K 6Y3,Eggs Large,Others,bulk,Large Eggs 18pk,7.35,each,TRUE,FALSE,2026-05-17,FALSE
Save-On-Foods Coquitlam,V3K 6Y3,Chicken Breast Boneless Skinless,Others,small,Western Canadian B/S Chicken Breast Fresh 800g avg/ea (spec 1kg; variable weight),18.5,each,TRUE,TRUE,2026-05-17,TRUE
Save-On-Foods Coquitlam,V3K 6Y3,Chicken Breast Boneless Skinless,Others,bulk,SOF B/S Chicken Breast Warehouse Pack 1.25kg avg/ea (spec 1.8kg; variable weight),19.26,each,TRUE,TRUE,2026-05-17,TRUE
Save-On-Foods Coquitlam,V3K 6Y3,Russet Potatoes,Others,small,Russet Potatoes 5lb Bag,6.99,each,TRUE,FALSE,2026-05-17,FALSE
Save-On-Foods Coquitlam,V3K 6Y3,Russet Potatoes,Others,bulk,Russet Potatoes 10lb Bag,8.99,each,TRUE,FALSE,2026-05-17,FALSE
Save-On-Foods Coquitlam,V3K 6Y3,Carrots,Others,small,Carrots Cello Bag 3lb,4.99,each,TRUE,FALSE,2026-05-17,FALSE
Save-On-Foods Coquitlam,V3K 6Y3,Carrots,Others,bulk,Carrots Orange 5lb Cello,7.49,each,TRUE,FALSE,2026-05-17,FALSE
Save-On-Foods Coquitlam,V3K 6Y3,Black Beans Canned,Others,small,Western Family Black Beans 540ml,1.67,each,TRUE,FALSE,2026-05-17,FALSE
Save-On-Foods Coquitlam,V3K 6Y3,Black Beans Canned,Others,bulk,WF Black Beans 540ml x6 est. $10.02 (no 6-pack; 6x$1.67; 12-pack=$22.79 avail),10.02,each,TRUE,TRUE,2026-05-17,TRUE
Save-On-Foods Coquitlam,V3K 6Y3,Canola Oil,Others,small,Western Family Pure Canola Oil 946ml (spec 1L; 946ml closest available),5.79,each,TRUE,FALSE,2026-05-17,TRUE
Save-On-Foods Coquitlam,V3K 6Y3,Canola Oil,Others,bulk,Western Family Pure Canola Oil 3L,12.99,each,TRUE,FALSE,2026-05-17,FALSE
Save-On-Foods Coquitlam,V3K 6Y3,Quaker Oats,Others,small,Quaker Quick Oats 1kg,6.99,each,TRUE,FALSE,2026-05-17,FALSE
Save-On-Foods Coquitlam,V3K 6Y3,Quaker Oats,Others,bulk,Quaker Quick Oats 2.25kg,9.99,each,TRUE,FALSE,2026-05-17,FALSE
Save-On-Foods Coquitlam,V3K 6Y3,Bananas,Others,small,Bananas Yellow ~1kg est. $1.95 (~5 bananas x $0.39 avg/ea; sold individually),1.95,per_kg,TRUE,TRUE,2026-05-17,TRUE
Save-On-Foods Coquitlam,V3K 6Y3,Bananas,Others,bulk,Bananas Yellow ~3kg est. $5.85 (~15 bananas x $0.39 avg/ea; sold individually),5.85,per_kg,TRUE,TRUE,2026-05-17,TRUE
Walmart Surrey Downtown,V3R 0A1,Basmati Rice,South Asian,small,Great Value Basmati Rice 2kg,5.97,each,TRUE,FALSE,2026-05-19,FALSE
Walmart Surrey Downtown,V3R 0A1,Basmati Rice,South Asian,bulk,Tilda Pure Basmati Rice 10 LB (4.54kg),13.27,each,TRUE,FALSE,2026-05-19,TRUE
Walmart Surrey Downtown,V3R 0A1,Whole Wheat Atta,South Asian,small,Verka Chakki Atta 10lbs (4.54kg),9.97,each,TRUE,FALSE,2026-05-19,TRUE
Walmart Surrey Downtown,V3R 0A1,Whole Wheat Atta,South Asian,bulk,Aashirvaad Whole Wheat Atta 20lbs (9.07kg),22.48,each,TRUE,FALSE,2026-05-19,TRUE
Walmart Surrey Downtown,V3R 0A1,Toor Dal,South Asian,small,Sitara Split Pigeon Peas Toor 1.8kg,4.48,each,TRUE,FALSE,2026-05-19,TRUE
Walmart Surrey Downtown,V3R 0A1,Toor Dal,South Asian,bulk,Sitara Split Pigeon Peas Toor 1.8kg,4.48,each,TRUE,FALSE,2026-05-19,TRUE
Walmart Surrey Downtown,V3R 0A1,Whole Milk,South Asian,small,Dairyland 3.25% Milk 1L,3.04,each,TRUE,FALSE,2026-05-19,FALSE
Walmart Surrey Downtown,V3R 0A1,Whole Milk,South Asian,bulk,Dairyland 3.25% Homogenized Milk 4L,6.11,each,TRUE,FALSE,2026-05-19,FALSE
Walmart Surrey Downtown,V3R 0A1,Yellow Onions,South Asian,small,Yellow onions bagged 3lb bag,2.94,each,TRUE,FALSE,2026-05-19,TRUE
Walmart Surrey Downtown,V3R 0A1,Yellow Onions,South Asian,bulk,Onion yellow 4.54kg/10lb bag,8.97,each,TRUE,FALSE,2026-05-19,TRUE
Walmart Surrey Downtown,V3R 0A1,Roma Tomatoes,South Asian,small,Tomato Roma by weight ~1kg,4.2,per_kg,TRUE,TRUE,2026-05-19,FALSE
Walmart Surrey Downtown,V3R 0A1,Roma Tomatoes,South Asian,bulk,Tomato Roma by weight ~3kg,4.2,per_kg,TRUE,TRUE,2026-05-19,FALSE
Walmart Surrey Downtown,V3R 0A1,Chicken Thighs,South Asian,small,Prime Bone-in Chicken Thighs,13,per_kg,TRUE,TRUE,2026-05-19,FALSE
Walmart Surrey Downtown,V3R 0A1,Chicken Thighs,South Asian,bulk,Lilydale Bone-In Chicken Thighs,8.8,per_kg,TRUE,TRUE,2026-05-19,TRUE
Walmart Surrey Downtown,V3R 0A1,Balkan Yogurt,South Asian,small,Astro Original Balkan Style Plain Yogurt 750g,3.27,each,TRUE,FALSE,2026-05-19,TRUE
Walmart Surrey Downtown,V3R 0A1,Balkan Yogurt,South Asian,bulk,Olympic Organic Plain Yogurt 1.75kg,11.47,each,TRUE,FALSE,2026-05-19,TRUE
Walmart Surrey Downtown,V3R 0A1,Garlic,South Asian,small,Garlic Pack of 3 bulbs,0.88,each,TRUE,FALSE,2026-05-19,TRUE
Walmart Surrey Downtown,V3R 0A1,Garlic,South Asian,bulk,Garlic 1kg Bag,5.97,each,TRUE,FALSE,2026-05-19,TRUE
Walmart Surrey Downtown,V3R 0A1,Canola Oil,South Asian,small,Great Value Canola Oil 1L,3.98,each,TRUE,FALSE,2026-05-19,FALSE
Walmart Surrey Downtown,V3R 0A1,Canola Oil,South Asian,bulk,Great Value Canola Oil 2.79L,6.98,each,TRUE,FALSE,2026-05-19,TRUE
Walmart Surrey Downtown,V3R 0A1,Jasmine Rice,Chinese,small,Great Value Thai Jasmine Rice 2kg,4.98,each,TRUE,FALSE,2026-05-19,FALSE
Walmart Surrey Downtown,V3R 0A1,Jasmine Rice,Chinese,bulk,Delicious Kitchen Premium Jasmine Rice 8kg,19.97,each,TRUE,FALSE,2026-05-19,TRUE
Walmart Surrey Downtown,V3R 0A1,Bok Choy,Chinese,small,Bok Choy Baby 1lb bag,2.77,each,TRUE,FALSE,2026-05-19,TRUE
Walmart Surrey Downtown,V3R 0A1,Bok Choy,Chinese,bulk,Bok Choy by weight ~2kg,12.2,per_kg,TRUE,TRUE,2026-05-19,TRUE
Walmart Surrey Downtown,V3R 0A1,Firm Tofu,Chinese,small,Sunrise Firm Tofu single,2.97,each,TRUE,FALSE,2026-05-19,TRUE
Walmart Surrey Downtown,V3R 0A1,Firm Tofu,Chinese,bulk,Sunrise Extra Firm Tofu,3.44,each,TRUE,FALSE,2026-05-19,TRUE
Walmart Surrey Downtown,V3R 0A1,Kikkoman Soy Sauce,Chinese,small,Kikkoman Soy Sauce 591mL,6.77,each,TRUE,FALSE,2026-05-19,TRUE
Walmart Surrey Downtown,V3R 0A1,Kikkoman Soy Sauce,Chinese,bulk,Kikkoman Soy Sauce 1.2L,12.47,each,TRUE,FALSE,2026-05-19,TRUE
Walmart Surrey Downtown,V3R 0A1,Silk Soy Milk,Chinese,small,Silk Soy Milk 946ml,2.97,each,TRUE,FALSE,2026-05-19,TRUE
Walmart Surrey Downtown,V3R 0A1,Silk Soy Milk,Chinese,bulk,Silk Soy Milk 1.89L,4.97,each,TRUE,FALSE,2026-05-19,FALSE
Walmart Surrey Downtown,V3R 0A1,Eggs Large,Chinese,small,Great Value Large 12 Eggs,4.21,each,TRUE,FALSE,2026-05-19,FALSE
Walmart Surrey Downtown,V3R 0A1,Eggs Large,Chinese,bulk,GoldEgg Golden D Large 18 Eggs,9.46,each,TRUE,FALSE,2026-05-19,FALSE
Walmart Surrey Downtown,V3R 0A1,Green Onions,Chinese,small,Green Onions not available,,each,FALSE,FALSE,2026-05-19,FALSE
Walmart Surrey Downtown,V3R 0A1,Green Onions,Chinese,bulk,Green Onions not available,,each,FALSE,FALSE,2026-05-19,FALSE
Walmart Surrey Downtown,V3R 0A1,Sesame Oil,Chinese,small,Kadoya Sesame Oil 327mL,6.97,each,TRUE,FALSE,2026-05-19,FALSE
Walmart Surrey Downtown,V3R 0A1,Sesame Oil,Chinese,bulk,Sesame Oil 1L not available,,each,FALSE,FALSE,2026-05-19,FALSE
Walmart Surrey Downtown,V3R 0A1,Pork Shoulder,Chinese,small,Maple Leaf Pork Sirloin Cubes ~454g,13.58,each,TRUE,TRUE,2026-05-19,TRUE
Walmart Surrey Downtown,V3R 0A1,Pork Shoulder,Chinese,bulk,Pork Shoulder 3kg not available,,each,FALSE,FALSE,2026-05-19,FALSE
Walmart Surrey Downtown,V3R 0A1,Napa Cabbage,Chinese,small,Cabbage Napa singles avg,6.01,each,TRUE,TRUE,2026-05-19,TRUE
Walmart Surrey Downtown,V3R 0A1,Napa Cabbage,Chinese,bulk,Napa Cabbage by weight ~3kg,11.7,per_kg,TRUE,TRUE,2026-05-19,TRUE
Walmart Surrey Downtown,V3R 0A1,White Rice,Filipino,small,Great Value Long Grain White Rice 2kg,4.98,each,TRUE,FALSE,2026-05-19,FALSE
Walmart Surrey Downtown,V3R 0A1,White Rice,Filipino,bulk,Great Value Long Grain White Rice 8.1kg,12.97,each,TRUE,FALSE,2026-05-19,TRUE
Walmart Surrey Downtown,V3R 0A1,Frozen Tilapia,Filipino,small,Searay Tilapia 350g-550g,8.97,each,TRUE,FALSE,2026-05-19,TRUE
Walmart Surrey Downtown,V3R 0A1,Frozen Tilapia,Filipino,bulk,Catch Of The Day Tilapia Fillets 750g,12.97,each,TRUE,FALSE,2026-05-19,TRUE
Walmart Surrey Downtown,V3R 0A1,Yellow Onions,Filipino,small,Yellow onions bagged 3lb,2.94,each,TRUE,FALSE,2026-05-19,TRUE
Walmart Surrey Downtown,V3R 0A1,Yellow Onions,Filipino,bulk,Onion yellow 10lb bag,8.97,each,TRUE,FALSE,2026-05-19,TRUE
Walmart Surrey Downtown,V3R 0A1,Coconut Milk,Filipino,small,Delicious Kitchen Coconut Milk 400ml,1.57,each,TRUE,FALSE,2026-05-19,FALSE
Walmart Surrey Downtown,V3R 0A1,Coconut Milk,Filipino,bulk,Coconut Milk 6-pack not available,,each,FALSE,FALSE,2026-05-19,FALSE
Walmart Surrey Downtown,V3R 0A1,Fish Sauce,Filipino,small,Blue Dragon Fish Sauce 150mL,2.77,each,TRUE,FALSE,2026-05-19,TRUE
Walmart Surrey Downtown,V3R 0A1,Fish Sauce,Filipino,bulk,Squid Brand Fish Sauce 727mL,3.27,each,TRUE,FALSE,2026-05-19,TRUE
Walmart Surrey Downtown,V3R 0A1,Pork Belly,Filipino,small,Maple Leaf Fresh Pork Belly Slices,22.59,each,TRUE,TRUE,2026-05-19,TRUE
Walmart Surrey Downtown,V3R 0A1,Pork Belly,Filipino,bulk,Pork Belly 3kg not available,,each,FALSE,FALSE,2026-05-19,FALSE
Walmart Surrey Downtown,V3R 0A1,Eggs Large,Filipino,small,Great Value Large 12 Eggs,4.21,each,TRUE,FALSE,2026-05-19,FALSE
Walmart Surrey Downtown,V3R 0A1,Eggs Large,Filipino,bulk,GoldEgg Golden D Large 18 Eggs,9.46,each,TRUE,FALSE,2026-05-19,FALSE
Walmart Surrey Downtown,V3R 0A1,Eggplant,Filipino,small,Eggplant by weight ~500g,2.7,per_kg,TRUE,TRUE,2026-05-19,FALSE
Walmart Surrey Downtown,V3R 0A1,Eggplant,Filipino,bulk,Eggplant by weight ~2kg,10.8,per_kg,TRUE,TRUE,2026-05-19,FALSE
Walmart Surrey Downtown,V3R 0A1,Garlic,Filipino,small,Garlic Pack of 3 bulbs,0.88,each,TRUE,FALSE,2026-05-19,TRUE
Walmart Surrey Downtown,V3R 0A1,Garlic,Filipino,bulk,Garlic 1kg Bag,5.97,each,TRUE,FALSE,2026-05-19,FALSE
Walmart Surrey Downtown,V3R 0A1,Cane Vinegar,Filipino,small,Marca Pina Cane Vinegar 1L,1.97,each,TRUE,FALSE,2026-05-19,TRUE
Walmart Surrey Downtown,V3R 0A1,Cane Vinegar,Filipino,bulk,Marca Pina Cane Vinegar 1L,1.97,each,TRUE,FALSE,2026-05-19,TRUE
Walmart Surrey Downtown,V3R 0A1,Short Grain Rice,Korean,small,Heiwa Short Grain Rice 4lb,7.08,each,TRUE,FALSE,2026-05-19,TRUE
Walmart Surrey Downtown,V3R 0A1,Short Grain Rice,Korean,bulk,Hakuro Premium Sushi Rice 6.8kg,18.97,each,TRUE,FALSE,2026-05-19,TRUE
Walmart Surrey Downtown,V3R 0A1,Kimchi,Korean,small,THE KIMCHI 800g,10.97,each,TRUE,FALSE,2026-05-19,TRUE
Walmart Surrey Downtown,V3R 0A1,Kimchi,Korean,bulk,Kimchi 5kg not available,,each,FALSE,FALSE,2026-05-19,FALSE
Walmart Surrey Downtown,V3R 0A1,Gochujang,Korean,small,Gochujang not available,,each,FALSE,FALSE,2026-05-19,FALSE
Walmart Surrey Downtown,V3R 0A1,Gochujang,Korean,bulk,Gochujang not available,,each,FALSE,FALSE,2026-05-19,FALSE
Walmart Surrey Downtown,V3R 0A1,Bean Sprouts,Korean,small,Bean sprouts 1lb,1.97,each,TRUE,FALSE,2026-05-19,TRUE
Walmart Surrey Downtown,V3R 0A1,Bean Sprouts,Korean,bulk,Bean sprouts 1kg not available,,each,FALSE,FALSE,2026-05-19,FALSE
Walmart Surrey Downtown,V3R 0A1,Ground Beef,Korean,small,Lean Ground Beef 450g,8.92,each,TRUE,FALSE,2026-05-19,TRUE
Walmart Surrey Downtown,V3R 0A1,Ground Beef,Korean,bulk,Value Size Lean Ground Beef 1.36kg,22.68,each,TRUE,FALSE,2026-05-19,TRUE
Walmart Surrey Downtown,V3R 0A1,Sesame Oil,Korean,small,Kadoya Sesame Oil 327mL,6.97,each,TRUE,FALSE,2026-05-19,FALSE
Walmart Surrey Downtown,V3R 0A1,Sesame Oil,Korean,bulk,Sesame Oil 1L not available,,each,FALSE,FALSE,2026-05-19,FALSE
Walmart Surrey Downtown,V3R 0A1,Nori,Korean,small,Delicious Kitchen Sushi Nori 28g,2.97,each,TRUE,FALSE,2026-05-19,TRUE
Walmart Surrey Downtown,V3R 0A1,Nori,Korean,bulk,Nori 100g not available,,each,FALSE,FALSE,2026-05-19,FALSE
Walmart Surrey Downtown,V3R 0A1,Silken Tofu,Korean,small,Sunrise Firm Tofu single,2.97,each,TRUE,FALSE,2026-05-19,TRUE
Walmart Surrey Downtown,V3R 0A1,Silken Tofu,Korean,bulk,Sunrise Extra Firm Tofu,3.44,each,TRUE,FALSE,2026-05-19,TRUE
Walmart Surrey Downtown,V3R 0A1,Frozen Mackerel,Korean,small,Frozen mackerel not available,,each,FALSE,FALSE,2026-05-19,FALSE
Walmart Surrey Downtown,V3R 0A1,Frozen Mackerel,Korean,bulk,Frozen mackerel not available,,each,FALSE,FALSE,2026-05-19,FALSE
Walmart Surrey Downtown,V3R 0A1,Eggs Large,Korean,small,Great Value Large 12 Eggs,4.21,each,TRUE,FALSE,2026-05-19,FALSE
Walmart Surrey Downtown,V3R 0A1,Eggs Large,Korean,bulk,GoldEgg Golden D Large 18 Eggs,9.46,each,TRUE,FALSE,2026-05-19,FALSE
Walmart Surrey Downtown,V3R 0A1,Whole Wheat Bread,European,small,Great Value Whole Wheat Bread 564g,2.48,each,TRUE,FALSE,2026-05-19,TRUE
Walmart Surrey Downtown,V3R 0A1,Whole Wheat Bread,European,bulk,Whole wheat bread 2-loaf not available,,each,FALSE,FALSE,2026-05-19,FALSE
Walmart Surrey Downtown,V3R 0A1,Whole Milk,European,small,Dairyland 3.25% Milk 1L,3.04,each,TRUE,FALSE,2026-05-19,FALSE
Walmart Surrey Downtown,V3R 0A1,Whole Milk,European,bulk,Dairyland 3.25% Homogenized Milk 4L,6.11,each,TRUE,FALSE,2026-05-19,FALSE
Walmart Surrey Downtown,V3R 0A1,Cheddar,European,small,Great Value Old Cheddar 400g,5.48,each,TRUE,FALSE,2026-05-19,FALSE
Walmart Surrey Downtown,V3R 0A1,Cheddar,European,bulk,Armstrong Old Cheddar 600g,7.98,each,TRUE,FALSE,2026-05-19,TRUE
Walmart Surrey Downtown,V3R 0A1,Eggs Large,European,small,Great Value Large 12 Eggs,4.21,each,TRUE,FALSE,2026-05-19,FALSE
Walmart Surrey Downtown,V3R 0A1,Eggs Large,European,bulk,GoldEgg Golden D Large 18 Eggs,9.46,each,TRUE,FALSE,2026-05-19,FALSE
Walmart Surrey Downtown,V3R 0A1,Ground Beef,European,small,Lean Ground Beef 450g,8.92,each,TRUE,FALSE,2026-05-19,TRUE
Walmart Surrey Downtown,V3R 0A1,Ground Beef,European,bulk,Value Size Lean Ground Beef 1.36kg,22.68,each,TRUE,FALSE,2026-05-19,TRUE
Walmart Surrey Downtown,V3R 0A1,Russet Potatoes,European,small,Russet Potatoes 5lb,4.97,each,TRUE,FALSE,2026-05-19,FALSE
Walmart Surrey Downtown,V3R 0A1,Russet Potatoes,European,bulk,Potato Russet 10lb,4.24,each,TRUE,FALSE,2026-05-19,FALSE
Walmart Surrey Downtown,V3R 0A1,Carrots,European,small,Carrots 3lb bag,2.94,each,TRUE,FALSE,2026-05-19,FALSE
Walmart Surrey Downtown,V3R 0A1,Carrots,European,bulk,Carrots 5lb not available,,each,FALSE,FALSE,2026-05-19,FALSE
Walmart Surrey Downtown,V3R 0A1,Olive Oil,European,small,Great Value Extra Virgin Olive Oil 500mL,5.97,each,TRUE,FALSE,2026-05-19,FALSE
Walmart Surrey Downtown,V3R 0A1,Olive Oil,European,bulk,Healthy Happy Extra Virgin Olive Oil 3L,29.97,each,TRUE,FALSE,2026-05-19,TRUE
Walmart Surrey Downtown,V3R 0A1,Diced Tomatoes,European,small,Great Value Diced Tomatoes 796mL,1.97,each,TRUE,FALSE,2026-05-19,FALSE
Walmart Surrey Downtown,V3R 0A1,Diced Tomatoes,European,bulk,Diced Tomatoes 6-pack not available,,each,FALSE,FALSE,2026-05-19,FALSE
Walmart Surrey Downtown,V3R 0A1,Greek Yogurt,European,small,Our Finest Plain Greek Yogurt 750g,5.56,each,TRUE,FALSE,2026-05-19,TRUE
Walmart Surrey Downtown,V3R 0A1,Greek Yogurt,European,bulk,Olympic Krema Plain Yogurt 1.75kg,11.47,each,TRUE,FALSE,2026-05-19,TRUE
Walmart Surrey Downtown,V3R 0A1,Gold Seal Salmon,Indigenous,small,Clover Leaf Sockeye Salmon 213g,5.94,each,TRUE,FALSE,2026-05-19,TRUE
Walmart Surrey Downtown,V3R 0A1,Gold Seal Salmon,Indigenous,bulk,Canned Salmon 6-pack not available,,each,FALSE,FALSE,2026-05-19,FALSE
Walmart Surrey Downtown,V3R 0A1,Robin Hood Flour,Indigenous,small,Robin Hood All Purpose Flour 2.5kg,5.93,each,TRUE,FALSE,2026-05-19,TRUE
Walmart Surrey Downtown,V3R 0A1,Robin Hood Flour,Indigenous,bulk,Robin Hood All Purpose Flour 10kg,18.88,each,TRUE,FALSE,2026-05-19,FALSE
Walmart Surrey Downtown,V3R 0A1,Wild Blueberries,Indigenous,small,Great Value Cultivated Blueberries 600g,5.56,each,TRUE,FALSE,2026-05-19,TRUE
Walmart Surrey Downtown,V3R 0A1,Wild Blueberries,Indigenous,bulk,Wild blueberries 1kg not available,,each,FALSE,FALSE,2026-05-19,FALSE
Walmart Surrey Downtown,V3R 0A1,Bison,Indigenous,small,Bison not available,,each,FALSE,FALSE,2026-05-19,FALSE
Walmart Surrey Downtown,V3R 0A1,Bison,Indigenous,bulk,Bison not available,,each,FALSE,FALSE,2026-05-19,FALSE
Walmart Surrey Downtown,V3R 0A1,Russet Potatoes,Indigenous,small,Russet Potatoes 5lb,4.97,each,TRUE,FALSE,2026-05-19,TRUE
Walmart Surrey Downtown,V3R 0A1,Russet Potatoes,Indigenous,bulk,Potato Russet 10lb,4.24,each,TRUE,FALSE,2026-05-19,FALSE
Walmart Surrey Downtown,V3R 0A1,Whole Milk,Indigenous,small,Dairyland 3.25% Milk 1L,3.04,each,TRUE,FALSE,2026-05-19,FALSE
Walmart Surrey Downtown,V3R 0A1,Whole Milk,Indigenous,bulk,Dairyland 3.25% Homogenized Milk 4L,6.11,each,TRUE,FALSE,2026-05-19,FALSE
Walmart Surrey Downtown,V3R 0A1,Eggs Large,Indigenous,small,Great Value Large 12 Eggs,4.21,each,TRUE,FALSE,2026-05-19,FALSE
Walmart Surrey Downtown,V3R 0A1,Eggs Large,Indigenous,bulk,GoldEgg Golden D Large 18 Eggs,9.46,each,TRUE,FALSE,2026-05-19,FALSE
Walmart Surrey Downtown,V3R 0A1,Pinto Beans,Indigenous,small,Great Value Pinto Beans 540mL,1.27,each,TRUE,FALSE,2026-05-19,TRUE
Walmart Surrey Downtown,V3R 0A1,Pinto Beans,Indigenous,bulk,Pinto Beans 6-pack not available,,each,FALSE,FALSE,2026-05-19,FALSE
Walmart Surrey Downtown,V3R 0A1,Quaker Oats,Indigenous,small,Quaker Quick Oats 1kg,3.97,each,TRUE,FALSE,2026-05-19,FALSE
Walmart Surrey Downtown,V3R 0A1,Quaker Oats,Indigenous,bulk,Quaker Quick Oats 2.25kg,6.97,each,TRUE,FALSE,2026-05-19,FALSE
Walmart Surrey Downtown,V3R 0A1,Crisco Shortening,Indigenous,small,Crisco All-Vegetable Shortening 451g,3.97,each,TRUE,FALSE,2026-05-19,TRUE
Walmart Surrey Downtown,V3R 0A1,Crisco Shortening,Indigenous,bulk,Crisco Shortening 1.36kg not available,,each,FALSE,FALSE,2026-05-19,FALSE
Walmart Surrey Downtown,V3R 0A1,Whole Wheat Bread,Others,small,Great Value Whole Wheat Bread 564g,2.48,each,TRUE,FALSE,2026-05-19,TRUE
Walmart Surrey Downtown,V3R 0A1,Whole Wheat Bread,Others,bulk,Whole wheat bread 2-loaf not available,,each,FALSE,FALSE,2026-05-19,FALSE
Walmart Surrey Downtown,V3R 0A1,Whole Milk,Others,small,Dairyland 3.25% Milk 1L,3.04,each,TRUE,FALSE,2026-05-19,FALSE
Walmart Surrey Downtown,V3R 0A1,Whole Milk,Others,bulk,Dairyland 3.25% Homogenized Milk 4L,6.11,each,TRUE,FALSE,2026-05-19,FALSE
Walmart Surrey Downtown,V3R 0A1,Eggs Large,Others,small,Great Value Large 12 Eggs,4.21,each,TRUE,FALSE,2026-05-19,FALSE
Walmart Surrey Downtown,V3R 0A1,Eggs Large,Others,bulk,GoldEgg Golden D Large 18 Eggs,9.46,each,TRUE,FALSE,2026-05-19,FALSE
Walmart Surrey Downtown,V3R 0A1,Chicken Breast,Others,small,Lilydale Boneless Skinless Breasts 927g,14,each,TRUE,TRUE,2026-05-19,TRUE
Walmart Surrey Downtown,V3R 0A1,Chicken Breast,Others,bulk,Mina Halal Boneless Skinless Chicken Breasts,24.79,each,TRUE,TRUE,2026-05-19,TRUE
Walmart Surrey Downtown,V3R 0A1,Russet Potatoes,Others,small,Russet Potatoes 5lb,4.97,each,TRUE,FALSE,2026-05-19,FALSE
Walmart Surrey Downtown,V3R 0A1,Russet Potatoes,Others,bulk,Potato Russet 10lb,4.24,each,TRUE,FALSE,2026-05-19,FALSE
Walmart Surrey Downtown,V3R 0A1,Carrots,Others,small,Carrots 3lb bag,2.94,each,TRUE,FALSE,2026-05-19,FALSE
Walmart Surrey Downtown,V3R 0A1,Carrots,Others,bulk,Carrots 5lb not available,,each,FALSE,FALSE,2026-05-19,FALSE
Walmart Surrey Downtown,V3R 0A1,Black Beans,Others,small,Great Value Black Turtle Beans 540mL,1.27,each,TRUE,FALSE,2026-05-19,TRUE
Walmart Surrey Downtown,V3R 0A1,Black Beans,Others,bulk,Black Beans 6-pack not available,,each,FALSE,FALSE,2026-05-19,FALSE
Walmart Surrey Downtown,V3R 0A1,Canola Oil,Others,small,Great Value Canola Oil 1L,3.98,each,TRUE,FALSE,2026-05-19,FALSE
Walmart Surrey Downtown,V3R 0A1,Canola Oil,Others,bulk,Great Value Canola Oil 2.79L,6.98,each,TRUE,FALSE,2026-05-19,TRUE
Walmart Surrey Downtown,V3R 0A1,Quaker Oats,Others,small,Quaker Quick Oats 1kg,3.97,each,TRUE,FALSE,2026-05-19,FALSE
Walmart Surrey Downtown,V3R 0A1,Quaker Oats,Others,bulk,Quaker Quick Oats 2.25kg,6.97,each,TRUE,FALSE,2026-05-19,FALSE
Walmart Surrey Downtown,V3R 0A1,Bananas,Others,small,Banana by weight ~1kg,1.7,per_kg,TRUE,TRUE,2026-05-19,FALSE
Walmart Surrey Downtown,V3R 0A1,Bananas,Others,bulk,Banana by weight ~3kg,5.1,per_kg,TRUE,TRUE,2026-05-19,FALSE
Walmart Surrey,V3Z 0C6,Basmati Rice,South Asian,small,Great Value Basmati Rice 2kg,5.97,each,TRUE,FALSE,2026-05-19,FALSE
Walmart Surrey,V3Z 0C6,Basmati Rice,South Asian,bulk,Tilda Pure Basmati Rice 10 LB (4.54kg),13.27,each,TRUE,FALSE,2026-05-19,TRUE
Walmart Surrey,V3Z 0C6,Whole Wheat Atta,South Asian,small,Verka Chakki Atta 10lbs (4.54kg),9.97,each,TRUE,FALSE,2026-05-19,TRUE
Walmart Surrey,V3Z 0C6,Whole Wheat Atta,South Asian,bulk,Aashirvaad Whole Wheat Atta 20lbs (9.07kg),22.48,each,TRUE,FALSE,2026-05-19,TRUE
Walmart Surrey,V3Z 0C6,Toor Dal,South Asian,small,Sitara Split Pigeon Peas Toor 1.8kg,4.48,each,TRUE,FALSE,2026-05-19,TRUE
Walmart Surrey,V3Z 0C6,Toor Dal,South Asian,bulk,Sitara Split Pigeon Peas Toor 1.8kg,4.48,each,TRUE,FALSE,2026-05-19,TRUE
Walmart Surrey,V3Z 0C6,Whole Milk,South Asian,small,Dairyland 3.25% Milk 1L,3.04,each,TRUE,FALSE,2026-05-19,FALSE
Walmart Surrey,V3Z 0C6,Whole Milk,South Asian,bulk,Dairyland 3.25% Homogenized Milk 4L,6.11,each,TRUE,FALSE,2026-05-19,FALSE
Walmart Surrey,V3Z 0C6,Yellow Onions,South Asian,small,Yellow onions bagged 3lb bag,2.94,each,TRUE,FALSE,2026-05-19,TRUE
Walmart Surrey,V3Z 0C6,Yellow Onions,South Asian,bulk,Onion yellow 4.54kg/10lb bag,8.97,each,TRUE,FALSE,2026-05-19,TRUE
Walmart Surrey,V3Z 0C6,Roma Tomatoes,South Asian,small,Tomato Roma by weight ~1kg,4.2,per_kg,TRUE,TRUE,2026-05-19,FALSE
Walmart Surrey,V3Z 0C6,Roma Tomatoes,South Asian,bulk,Tomato Roma by weight ~3kg,4.2,per_kg,TRUE,TRUE,2026-05-19,FALSE
Walmart Surrey,V3Z 0C6,Chicken Thighs,South Asian,small,Prime Bone-in Chicken Thighs,13,per_kg,TRUE,TRUE,2026-05-19,FALSE
Walmart Surrey,V3Z 0C6,Chicken Thighs,South Asian,bulk,Lilydale Bone-In Chicken Thighs,8.8,per_kg,TRUE,TRUE,2026-05-19,TRUE
Walmart Surrey,V3Z 0C6,Balkan Yogurt,South Asian,small,Astro Original Balkan Style Plain Yogurt 750g,3.27,each,TRUE,FALSE,2026-05-19,TRUE
Walmart Surrey,V3Z 0C6,Balkan Yogurt,South Asian,bulk,Olympic Organic Plain Yogurt 1.75kg,11.47,each,TRUE,FALSE,2026-05-19,TRUE
Walmart Surrey,V3Z 0C6,Garlic,South Asian,small,Garlic Pack of 3 bulbs,0.88,each,TRUE,FALSE,2026-05-19,TRUE
Walmart Surrey,V3Z 0C6,Garlic,South Asian,bulk,Garlic 1kg Bag,5.97,each,TRUE,FALSE,2026-05-19,TRUE
Walmart Surrey,V3Z 0C6,Canola Oil,South Asian,small,Great Value Canola Oil 1L,3.98,each,TRUE,FALSE,2026-05-19,FALSE
Walmart Surrey,V3Z 0C6,Canola Oil,South Asian,bulk,Great Value Canola Oil 2.79L,6.98,each,TRUE,FALSE,2026-05-19,TRUE
Walmart Surrey,V3Z 0C6,Jasmine Rice,Chinese,small,Great Value Thai Jasmine Rice 2kg,4.98,each,TRUE,FALSE,2026-05-19,FALSE
Walmart Surrey,V3Z 0C6,Jasmine Rice,Chinese,bulk,Delicious Kitchen Premium Jasmine Rice 8kg,19.97,each,TRUE,FALSE,2026-05-19,TRUE
Walmart Surrey,V3Z 0C6,Bok Choy,Chinese,small,Bok Choy Baby 1lb bag,2.77,each,TRUE,FALSE,2026-05-19,TRUE
Walmart Surrey,V3Z 0C6,Bok Choy,Chinese,bulk,Bok Choy by weight ~2kg,12.2,per_kg,TRUE,TRUE,2026-05-19,TRUE
Walmart Surrey,V3Z 0C6,Firm Tofu,Chinese,small,Sunrise Firm Tofu single,2.97,each,TRUE,FALSE,2026-05-19,TRUE
Walmart Surrey,V3Z 0C6,Firm Tofu,Chinese,bulk,Sunrise Extra Firm Tofu,3.44,each,TRUE,FALSE,2026-05-19,TRUE
Walmart Surrey,V3Z 0C6,Kikkoman Soy Sauce,Chinese,small,Kikkoman Soy Sauce 591mL,6.77,each,TRUE,FALSE,2026-05-19,TRUE
Walmart Surrey,V3Z 0C6,Kikkoman Soy Sauce,Chinese,bulk,Kikkoman Soy Sauce 1.2L,12.47,each,TRUE,FALSE,2026-05-19,TRUE
Walmart Surrey,V3Z 0C6,Silk Soy Milk,Chinese,small,Silk Soy Milk 946ml,2.97,each,TRUE,FALSE,2026-05-19,TRUE
Walmart Surrey,V3Z 0C6,Silk Soy Milk,Chinese,bulk,Silk Soy Milk 1.89L,4.97,each,TRUE,FALSE,2026-05-19,FALSE
Walmart Surrey,V3Z 0C6,Eggs Large,Chinese,small,Great Value Large 12 Eggs,4.21,each,TRUE,FALSE,2026-05-19,FALSE
Walmart Surrey,V3Z 0C6,Eggs Large,Chinese,bulk,GoldEgg Golden D Large 18 Eggs,9.46,each,TRUE,FALSE,2026-05-19,FALSE
Walmart Surrey,V3Z 0C6,Green Onions,Chinese,small,Green Onions not available,,each,FALSE,FALSE,2026-05-19,FALSE
Walmart Surrey,V3Z 0C6,Green Onions,Chinese,bulk,Green Onions not available,,each,FALSE,FALSE,2026-05-19,FALSE
Walmart Surrey,V3Z 0C6,Sesame Oil,Chinese,small,Kadoya Sesame Oil 327mL,6.97,each,TRUE,FALSE,2026-05-19,FALSE
Walmart Surrey,V3Z 0C6,Sesame Oil,Chinese,bulk,Sesame Oil 1L not available,,each,FALSE,FALSE,2026-05-19,FALSE
Walmart Surrey,V3Z 0C6,Pork Shoulder,Chinese,small,Maple Leaf Pork Sirloin Cubes ~454g,13.58,each,TRUE,TRUE,2026-05-19,TRUE
Walmart Surrey,V3Z 0C6,Pork Shoulder,Chinese,bulk,Pork Shoulder 3kg not available,,each,FALSE,FALSE,2026-05-19,FALSE
Walmart Surrey,V3Z 0C6,Napa Cabbage,Chinese,small,Cabbage Napa singles avg,6.01,each,TRUE,TRUE,2026-05-19,TRUE
Walmart Surrey,V3Z 0C6,Napa Cabbage,Chinese,bulk,Napa Cabbage by weight ~3kg,11.7,per_kg,TRUE,TRUE,2026-05-19,TRUE
Walmart Surrey,V3Z 0C6,White Rice,Filipino,small,Great Value Long Grain White Rice 2kg,4.98,each,TRUE,FALSE,2026-05-19,FALSE
Walmart Surrey,V3Z 0C6,White Rice,Filipino,bulk,Great Value Long Grain White Rice 8.1kg,12.97,each,TRUE,FALSE,2026-05-19,TRUE
Walmart Surrey,V3Z 0C6,Frozen Tilapia,Filipino,small,Searay Tilapia 350g-550g,8.97,each,TRUE,FALSE,2026-05-19,TRUE
Walmart Surrey,V3Z 0C6,Frozen Tilapia,Filipino,bulk,Catch Of The Day Tilapia Fillets 750g,12.97,each,TRUE,FALSE,2026-05-19,TRUE
Walmart Surrey,V3Z 0C6,Yellow Onions,Filipino,small,Yellow onions bagged 3lb,2.94,each,TRUE,FALSE,2026-05-19,TRUE
Walmart Surrey,V3Z 0C6,Yellow Onions,Filipino,bulk,Onion yellow 10lb bag,8.97,each,TRUE,FALSE,2026-05-19,TRUE
Walmart Surrey,V3Z 0C6,Coconut Milk,Filipino,small,Delicious Kitchen Coconut Milk 400ml,1.57,each,TRUE,FALSE,2026-05-19,FALSE
Walmart Surrey,V3Z 0C6,Coconut Milk,Filipino,bulk,Coconut Milk 6-pack not available,,each,FALSE,FALSE,2026-05-19,FALSE
Walmart Surrey,V3Z 0C6,Fish Sauce,Filipino,small,Blue Dragon Fish Sauce 150mL,2.77,each,TRUE,FALSE,2026-05-19,TRUE
Walmart Surrey,V3Z 0C6,Fish Sauce,Filipino,bulk,Squid Brand Fish Sauce 727mL,3.27,each,TRUE,FALSE,2026-05-19,TRUE
Walmart Surrey,V3Z 0C6,Pork Belly,Filipino,small,Maple Leaf Fresh Pork Belly Slices,22.59,each,TRUE,TRUE,2026-05-19,TRUE
Walmart Surrey,V3Z 0C6,Pork Belly,Filipino,bulk,Pork Belly 3kg not available,,each,FALSE,FALSE,2026-05-19,FALSE
Walmart Surrey,V3Z 0C6,Eggs Large,Filipino,small,Great Value Large 12 Eggs,4.21,each,TRUE,FALSE,2026-05-19,FALSE
Walmart Surrey,V3Z 0C6,Eggs Large,Filipino,bulk,GoldEgg Golden D Large 18 Eggs,9.46,each,TRUE,FALSE,2026-05-19,FALSE
Walmart Surrey,V3Z 0C6,Eggplant,Filipino,small,Eggplant by weight ~500g,2.7,per_kg,TRUE,TRUE,2026-05-19,FALSE
Walmart Surrey,V3Z 0C6,Eggplant,Filipino,bulk,Eggplant by weight ~2kg,10.8,per_kg,TRUE,TRUE,2026-05-19,FALSE
Walmart Surrey,V3Z 0C6,Garlic,Filipino,small,Garlic Pack of 3 bulbs,0.88,each,TRUE,FALSE,2026-05-19,TRUE
Walmart Surrey,V3Z 0C6,Garlic,Filipino,bulk,Garlic 1kg Bag,5.97,each,TRUE,FALSE,2026-05-19,FALSE
Walmart Surrey,V3Z 0C6,Cane Vinegar,Filipino,small,Marca Pina Cane Vinegar 1L,1.97,each,TRUE,FALSE,2026-05-19,TRUE
Walmart Surrey,V3Z 0C6,Cane Vinegar,Filipino,bulk,Marca Pina Cane Vinegar 1L,1.97,each,TRUE,FALSE,2026-05-19,TRUE
Walmart Surrey,V3Z 0C6,Short Grain Rice,Korean,small,Heiwa Short Grain Rice 4lb,7.08,each,TRUE,FALSE,2026-05-19,TRUE
Walmart Surrey,V3Z 0C6,Short Grain Rice,Korean,bulk,Hakuro Premium Sushi Rice 6.8kg,18.97,each,TRUE,FALSE,2026-05-19,TRUE
Walmart Surrey,V3Z 0C6,Kimchi,Korean,small,THE KIMCHI 800g,10.97,each,TRUE,FALSE,2026-05-19,TRUE
Walmart Surrey,V3Z 0C6,Kimchi,Korean,bulk,Kimchi 5kg not available,,each,FALSE,FALSE,2026-05-19,FALSE
Walmart Surrey,V3Z 0C6,Gochujang,Korean,small,Gochujang not available,,each,FALSE,FALSE,2026-05-19,FALSE
Walmart Surrey,V3Z 0C6,Gochujang,Korean,bulk,Gochujang not available,,each,FALSE,FALSE,2026-05-19,FALSE
Walmart Surrey,V3Z 0C6,Bean Sprouts,Korean,small,Bean sprouts 1lb,1.97,each,TRUE,FALSE,2026-05-19,TRUE
Walmart Surrey,V3Z 0C6,Bean Sprouts,Korean,bulk,Bean sprouts 1kg not available,,each,FALSE,FALSE,2026-05-19,FALSE
Walmart Surrey,V3Z 0C6,Ground Beef,Korean,small,Lean Ground Beef 450g,8.92,each,TRUE,FALSE,2026-05-19,TRUE
Walmart Surrey,V3Z 0C6,Ground Beef,Korean,bulk,Value Size Lean Ground Beef 1.36kg,22.68,each,TRUE,FALSE,2026-05-19,TRUE
Walmart Surrey,V3Z 0C6,Sesame Oil,Korean,small,Kadoya Sesame Oil 327mL,6.97,each,TRUE,FALSE,2026-05-19,FALSE
Walmart Surrey,V3Z 0C6,Sesame Oil,Korean,bulk,Sesame Oil 1L not available,,each,FALSE,FALSE,2026-05-19,FALSE
Walmart Surrey,V3Z 0C6,Nori,Korean,small,Delicious Kitchen Sushi Nori 28g,2.97,each,TRUE,FALSE,2026-05-19,TRUE
Walmart Surrey,V3Z 0C6,Nori,Korean,bulk,Nori 100g not available,,each,FALSE,FALSE,2026-05-19,FALSE
Walmart Surrey,V3Z 0C6,Silken Tofu,Korean,small,Sunrise Firm Tofu single,2.97,each,TRUE,FALSE,2026-05-19,TRUE
Walmart Surrey,V3Z 0C6,Silken Tofu,Korean,bulk,Sunrise Extra Firm Tofu,3.44,each,TRUE,FALSE,2026-05-19,TRUE
Walmart Surrey,V3Z 0C6,Frozen Mackerel,Korean,small,Frozen mackerel not available,,each,FALSE,FALSE,2026-05-19,FALSE
Walmart Surrey,V3Z 0C6,Frozen Mackerel,Korean,bulk,Frozen mackerel not available,,each,FALSE,FALSE,2026-05-19,FALSE
Walmart Surrey,V3Z 0C6,Eggs Large,Korean,small,Great Value Large 12 Eggs,4.21,each,TRUE,FALSE,2026-05-19,FALSE
Walmart Surrey,V3Z 0C6,Eggs Large,Korean,bulk,GoldEgg Golden D Large 18 Eggs,9.46,each,TRUE,FALSE,2026-05-19,FALSE
Walmart Surrey,V3Z 0C6,Whole Wheat Bread,European,small,Great Value Whole Wheat Bread 564g,2.48,each,TRUE,FALSE,2026-05-19,TRUE
Walmart Surrey,V3Z 0C6,Whole Wheat Bread,European,bulk,Whole wheat bread 2-loaf not available,,each,FALSE,FALSE,2026-05-19,FALSE
Walmart Surrey,V3Z 0C6,Whole Milk,European,small,Dairyland 3.25% Milk 1L,3.04,each,TRUE,FALSE,2026-05-19,FALSE
Walmart Surrey,V3Z 0C6,Whole Milk,European,bulk,Dairyland 3.25% Homogenized Milk 4L,6.11,each,TRUE,FALSE,2026-05-19,FALSE
Walmart Surrey,V3Z 0C6,Cheddar,European,small,Great Value Old Cheddar 400g,5.48,each,TRUE,FALSE,2026-05-19,FALSE
Walmart Surrey,V3Z 0C6,Cheddar,European,bulk,Armstrong Old Cheddar 600g,7.98,each,TRUE,FALSE,2026-05-19,TRUE
Walmart Surrey,V3Z 0C6,Eggs Large,European,small,Great Value Large 12 Eggs,4.21,each,TRUE,FALSE,2026-05-19,FALSE
Walmart Surrey,V3Z 0C6,Eggs Large,European,bulk,GoldEgg Golden D Large 18 Eggs,9.46,each,TRUE,FALSE,2026-05-19,FALSE
Walmart Surrey,V3Z 0C6,Ground Beef,European,small,Lean Ground Beef 450g,8.92,each,TRUE,FALSE,2026-05-19,TRUE
Walmart Surrey,V3Z 0C6,Ground Beef,European,bulk,Value Size Lean Ground Beef 1.36kg,22.68,each,TRUE,FALSE,2026-05-19,TRUE
Walmart Surrey,V3Z 0C6,Russet Potatoes,European,small,Russet Potatoes 5lb,4.97,each,TRUE,FALSE,2026-05-19,FALSE
Walmart Surrey,V3Z 0C6,Russet Potatoes,European,bulk,Potato Russet 10lb,4.24,each,TRUE,FALSE,2026-05-19,FALSE
Walmart Surrey,V3Z 0C6,Carrots,European,small,Carrots 3lb bag,2.94,each,TRUE,FALSE,2026-05-19,FALSE
Walmart Surrey,V3Z 0C6,Carrots,European,bulk,Carrots 5lb not available,,each,FALSE,FALSE,2026-05-19,FALSE
Walmart Surrey,V3Z 0C6,Olive Oil,European,small,Great Value Extra Virgin Olive Oil 500mL,5.97,each,TRUE,FALSE,2026-05-19,FALSE
Walmart Surrey,V3Z 0C6,Olive Oil,European,bulk,Healthy Happy Extra Virgin Olive Oil 3L,29.97,each,TRUE,FALSE,2026-05-19,TRUE
Walmart Surrey,V3Z 0C6,Diced Tomatoes,European,small,Great Value Diced Tomatoes 796mL,1.97,each,TRUE,FALSE,2026-05-19,FALSE
Walmart Surrey,V3Z 0C6,Diced Tomatoes,European,bulk,Diced Tomatoes 6-pack not available,,each,FALSE,FALSE,2026-05-19,FALSE
Walmart Surrey,V3Z 0C6,Greek Yogurt,European,small,Our Finest Plain Greek Yogurt 750g,5.56,each,TRUE,FALSE,2026-05-19,TRUE
Walmart Surrey,V3Z 0C6,Greek Yogurt,European,bulk,Olympic Krema Plain Yogurt 1.75kg,11.47,each,TRUE,FALSE,2026-05-19,TRUE
Walmart Surrey,V3Z 0C6,Gold Seal Salmon,Indigenous,small,Clover Leaf Sockeye Salmon 213g,5.94,each,TRUE,FALSE,2026-05-19,TRUE
Walmart Surrey,V3Z 0C6,Gold Seal Salmon,Indigenous,bulk,Canned Salmon 6-pack not available,,each,FALSE,FALSE,2026-05-19,FALSE
Walmart Surrey,V3Z 0C6,Robin Hood Flour,Indigenous,small,Robin Hood All Purpose Flour 2.5kg,5.93,each,TRUE,FALSE,2026-05-19,TRUE
Walmart Surrey,V3Z 0C6,Robin Hood Flour,Indigenous,bulk,Robin Hood All Purpose Flour 10kg,18.88,each,TRUE,FALSE,2026-05-19,FALSE
Walmart Surrey,V3Z 0C6,Wild Blueberries,Indigenous,small,Great Value Cultivated Blueberries 600g,5.56,each,TRUE,FALSE,2026-05-19,TRUE
Walmart Surrey,V3Z 0C6,Wild Blueberries,Indigenous,bulk,Wild blueberries 1kg not available,,each,FALSE,FALSE,2026-05-19,FALSE
Walmart Surrey,V3Z 0C6,Bison,Indigenous,small,Bison not available,,each,FALSE,FALSE,2026-05-19,FALSE
Walmart Surrey,V3Z 0C6,Bison,Indigenous,bulk,Bison not available,,each,FALSE,FALSE,2026-05-19,FALSE
Walmart Surrey,V3Z 0C6,Russet Potatoes,Indigenous,small,Russet Potatoes 5lb,4.97,each,TRUE,FALSE,2026-05-19,TRUE
Walmart Surrey,V3Z 0C6,Russet Potatoes,Indigenous,bulk,Potato Russet 10lb,4.24,each,TRUE,FALSE,2026-05-19,FALSE
Walmart Surrey,V3Z 0C6,Whole Milk,Indigenous,small,Dairyland 3.25% Milk 1L,3.04,each,TRUE,FALSE,2026-05-19,FALSE
Walmart Surrey,V3Z 0C6,Whole Milk,Indigenous,bulk,Dairyland 3.25% Homogenized Milk 4L,6.11,each,TRUE,FALSE,2026-05-19,FALSE
Walmart Surrey,V3Z 0C6,Eggs Large,Indigenous,small,Great Value Large 12 Eggs,4.21,each,TRUE,FALSE,2026-05-19,FALSE
Walmart Surrey,V3Z 0C6,Eggs Large,Indigenous,bulk,GoldEgg Golden D Large 18 Eggs,9.46,each,TRUE,FALSE,2026-05-19,FALSE
Walmart Surrey,V3Z 0C6,Pinto Beans,Indigenous,small,Great Value Pinto Beans 540mL,1.27,each,TRUE,FALSE,2026-05-19,TRUE
Walmart Surrey,V3Z 0C6,Pinto Beans,Indigenous,bulk,Pinto Beans 6-pack not available,,each,FALSE,FALSE,2026-05-19,FALSE
Walmart Surrey,V3Z 0C6,Quaker Oats,Indigenous,small,Quaker Quick Oats 1kg,3.97,each,TRUE,FALSE,2026-05-19,FALSE
Walmart Surrey,V3Z 0C6,Quaker Oats,Indigenous,bulk,Quaker Quick Oats 2.25kg,6.97,each,TRUE,FALSE,2026-05-19,FALSE
Walmart Surrey,V3Z 0C6,Crisco Shortening,Indigenous,small,Crisco All-Vegetable Shortening 451g,3.97,each,TRUE,FALSE,2026-05-19,TRUE
Walmart Surrey,V3Z 0C6,Crisco Shortening,Indigenous,bulk,Crisco Shortening 1.36kg not available,,each,FALSE,FALSE,2026-05-19,FALSE
Walmart Surrey,V3Z 0C6,Whole Wheat Bread,Others,small,Great Value Whole Wheat Bread 564g,2.48,each,TRUE,FALSE,2026-05-19,TRUE
Walmart Surrey,V3Z 0C6,Whole Wheat Bread,Others,bulk,Whole wheat bread 2-loaf not available,,each,FALSE,FALSE,2026-05-19,FALSE
Walmart Surrey,V3Z 0C6,Whole Milk,Others,small,Dairyland 3.25% Milk 1L,3.04,each,TRUE,FALSE,2026-05-19,FALSE
Walmart Surrey,V3Z 0C6,Whole Milk,Others,bulk,Dairyland 3.25% Homogenized Milk 4L,6.11,each,TRUE,FALSE,2026-05-19,FALSE
Walmart Surrey,V3Z 0C6,Eggs Large,Others,small,Great Value Large 12 Eggs,4.21,each,TRUE,FALSE,2026-05-19,FALSE
Walmart Surrey,V3Z 0C6,Eggs Large,Others,bulk,GoldEgg Golden D Large 18 Eggs,9.46,each,TRUE,FALSE,2026-05-19,FALSE
Walmart Surrey,V3Z 0C6,Chicken Breast,Others,small,Lilydale Boneless Skinless Breasts 927g,14,each,TRUE,TRUE,2026-05-19,TRUE
Walmart Surrey,V3Z 0C6,Chicken Breast,Others,bulk,Mina Halal Boneless Skinless Chicken Breasts,24.79,each,TRUE,TRUE,2026-05-19,TRUE
Walmart Surrey,V3Z 0C6,Russet Potatoes,Others,small,Russet Potatoes 5lb,4.97,each,TRUE,FALSE,2026-05-19,FALSE
Walmart Surrey,V3Z 0C6,Russet Potatoes,Others,bulk,Potato Russet 10lb,4.24,each,TRUE,FALSE,2026-05-19,FALSE
Walmart Surrey,V3Z 0C6,Carrots,Others,small,Carrots 3lb bag,2.94,each,TRUE,FALSE,2026-05-19,FALSE
Walmart Surrey,V3Z 0C6,Carrots,Others,bulk,Carrots 5lb not available,,each,FALSE,FALSE,2026-05-19,FALSE
Walmart Surrey,V3Z 0C6,Black Beans,Others,small,Great Value Black Turtle Beans 540mL,1.27,each,TRUE,FALSE,2026-05-19,TRUE
Walmart Surrey,V3Z 0C6,Black Beans,Others,bulk,Black Beans 6-pack not available,,each,FALSE,FALSE,2026-05-19,FALSE
Walmart Surrey,V3Z 0C6,Canola Oil,Others,small,Great Value Canola Oil 1L,3.98,each,TRUE,FALSE,2026-05-19,FALSE
Walmart Surrey,V3Z 0C6,Canola Oil,Others,bulk,Great Value Canola Oil 2.79L,6.98,each,TRUE,FALSE,2026-05-19,TRUE
Walmart Surrey,V3Z 0C6,Quaker Oats,Others,small,Quaker Quick Oats 1kg,3.97,each,TRUE,FALSE,2026-05-19,FALSE
Walmart Surrey,V3Z 0C6,Quaker Oats,Others,bulk,Quaker Quick Oats 2.25kg,6.97,each,TRUE,FALSE,2026-05-19,FALSE
Walmart Surrey,V3Z 0C6,Bananas,Others,small,Banana by weight ~1kg,1.7,per_kg,TRUE,TRUE,2026-05-19,FALSE
Walmart Surrey,V3Z 0C6,Bananas,Others,bulk,Banana by weight ~3kg,5.1,per_kg,TRUE,TRUE,2026-05-19,FALSE
Walmart Langley,V3A 4H9,Basmati Rice,South Asian,small,Great Value Basmati Rice 2kg,5.97,each,TRUE,FALSE,2026-05-19,FALSE
Walmart Langley,V3A 4H9,Basmati Rice,South Asian,bulk,Tilda Pure Basmati Rice 10 LB (4.54kg),13.27,each,TRUE,FALSE,2026-05-19,TRUE
Walmart Langley,V3A 4H9,Whole Wheat Atta,South Asian,small,Verka Chakki Atta 10lbs (4.54kg),9.97,each,TRUE,FALSE,2026-05-19,TRUE
Walmart Langley,V3A 4H9,Whole Wheat Atta,South Asian,bulk,Aashirvaad Whole Wheat Atta 20lbs (9.07kg),22.48,each,TRUE,FALSE,2026-05-19,TRUE
Walmart Langley,V3A 4H9,Toor Dal,South Asian,small,Sitara Split Pigeon Peas Toor 1.8kg,4.48,each,TRUE,FALSE,2026-05-19,TRUE
Walmart Langley,V3A 4H9,Toor Dal,South Asian,bulk,Sitara Split Pigeon Peas Toor 1.8kg,4.48,each,TRUE,FALSE,2026-05-19,TRUE
Walmart Langley,V3A 4H9,Whole Milk,South Asian,small,Dairyland 3.25% Milk 1L,3.04,each,TRUE,FALSE,2026-05-19,FALSE
Walmart Langley,V3A 4H9,Whole Milk,South Asian,bulk,Dairyland 3.25% Homogenized Milk 4L,6.11,each,TRUE,FALSE,2026-05-19,FALSE
Walmart Langley,V3A 4H9,Yellow Onions,South Asian,small,Yellow onions bagged 3lb bag,2.94,each,TRUE,FALSE,2026-05-19,TRUE
Walmart Langley,V3A 4H9,Yellow Onions,South Asian,bulk,Onion yellow 4.54kg/10lb bag,8.97,each,TRUE,FALSE,2026-05-19,TRUE
Walmart Langley,V3A 4H9,Roma Tomatoes,South Asian,small,Tomato Roma by weight ~1kg,4.2,per_kg,TRUE,TRUE,2026-05-19,FALSE
Walmart Langley,V3A 4H9,Roma Tomatoes,South Asian,bulk,Tomato Roma by weight ~3kg,4.2,per_kg,TRUE,TRUE,2026-05-19,FALSE
Walmart Langley,V3A 4H9,Chicken Thighs,South Asian,small,Prime Bone-in Chicken Thighs,13,per_kg,TRUE,TRUE,2026-05-19,FALSE
Walmart Langley,V3A 4H9,Chicken Thighs,South Asian,bulk,Lilydale Bone-In Chicken Thighs,8.8,per_kg,TRUE,TRUE,2026-05-19,TRUE
Walmart Langley,V3A 4H9,Balkan Yogurt,South Asian,small,Astro Original Balkan Style Plain Yogurt 750g,3.27,each,TRUE,FALSE,2026-05-19,TRUE
Walmart Langley,V3A 4H9,Balkan Yogurt,South Asian,bulk,Olympic Organic Plain Yogurt 1.75kg,11.47,each,TRUE,FALSE,2026-05-19,TRUE
Walmart Langley,V3A 4H9,Garlic,South Asian,small,Garlic Pack of 3 bulbs,0.88,each,TRUE,FALSE,2026-05-19,TRUE
Walmart Langley,V3A 4H9,Garlic,South Asian,bulk,Garlic 1kg Bag,5.97,each,TRUE,FALSE,2026-05-19,TRUE
Walmart Langley,V3A 4H9,Canola Oil,South Asian,small,Great Value Canola Oil 1L,3.98,each,TRUE,FALSE,2026-05-19,FALSE
Walmart Langley,V3A 4H9,Canola Oil,South Asian,bulk,Great Value Canola Oil 2.79L,6.98,each,TRUE,FALSE,2026-05-19,TRUE
Walmart Langley,V3A 4H9,Jasmine Rice,Chinese,small,Great Value Thai Jasmine Rice 2kg,4.98,each,TRUE,FALSE,2026-05-19,FALSE
Walmart Langley,V3A 4H9,Jasmine Rice,Chinese,bulk,Delicious Kitchen Premium Jasmine Rice 8kg,19.97,each,TRUE,FALSE,2026-05-19,TRUE
Walmart Langley,V3A 4H9,Bok Choy,Chinese,small,Bok Choy Baby 1lb bag,2.77,each,TRUE,FALSE,2026-05-19,TRUE
Walmart Langley,V3A 4H9,Bok Choy,Chinese,bulk,Bok Choy by weight ~2kg,12.2,per_kg,TRUE,TRUE,2026-05-19,TRUE
Walmart Langley,V3A 4H9,Firm Tofu,Chinese,small,Sunrise Firm Tofu single,2.97,each,TRUE,FALSE,2026-05-19,TRUE
Walmart Langley,V3A 4H9,Firm Tofu,Chinese,bulk,Sunrise Extra Firm Tofu,3.44,each,TRUE,FALSE,2026-05-19,TRUE
Walmart Langley,V3A 4H9,Kikkoman Soy Sauce,Chinese,small,Kikkoman Soy Sauce 591mL,6.77,each,TRUE,FALSE,2026-05-19,TRUE
Walmart Langley,V3A 4H9,Kikkoman Soy Sauce,Chinese,bulk,Kikkoman Soy Sauce 1.2L,12.47,each,TRUE,FALSE,2026-05-19,TRUE
Walmart Langley,V3A 4H9,Silk Soy Milk,Chinese,small,Silk Soy Milk 946ml,2.97,each,TRUE,FALSE,2026-05-19,TRUE
Walmart Langley,V3A 4H9,Silk Soy Milk,Chinese,bulk,Silk Soy Milk 1.89L,4.97,each,TRUE,FALSE,2026-05-19,FALSE
Walmart Langley,V3A 4H9,Eggs Large,Chinese,small,Great Value Large 12 Eggs,4.21,each,TRUE,FALSE,2026-05-19,FALSE
Walmart Langley,V3A 4H9,Eggs Large,Chinese,bulk,GoldEgg Golden D Large 18 Eggs,9.46,each,TRUE,FALSE,2026-05-19,FALSE
Walmart Langley,V3A 4H9,Green Onions,Chinese,small,Green Onions not available,,each,FALSE,FALSE,2026-05-19,FALSE
Walmart Langley,V3A 4H9,Green Onions,Chinese,bulk,Green Onions not available,,each,FALSE,FALSE,2026-05-19,FALSE
Walmart Langley,V3A 4H9,Sesame Oil,Chinese,small,Kadoya Sesame Oil 327mL,6.97,each,TRUE,FALSE,2026-05-19,FALSE
Walmart Langley,V3A 4H9,Sesame Oil,Chinese,bulk,Sesame Oil 1L not available,,each,FALSE,FALSE,2026-05-19,FALSE
Walmart Langley,V3A 4H9,Pork Shoulder,Chinese,small,Maple Leaf Pork Sirloin Cubes ~454g,13.58,each,TRUE,TRUE,2026-05-19,TRUE
Walmart Langley,V3A 4H9,Pork Shoulder,Chinese,bulk,Pork Shoulder 3kg not available,,each,FALSE,FALSE,2026-05-19,FALSE
Walmart Langley,V3A 4H9,Napa Cabbage,Chinese,small,Cabbage Napa singles avg,6.01,each,TRUE,TRUE,2026-05-19,TRUE
Walmart Langley,V3A 4H9,Napa Cabbage,Chinese,bulk,Napa Cabbage by weight ~3kg,11.7,per_kg,TRUE,TRUE,2026-05-19,TRUE
Walmart Langley,V3A 4H9,White Rice,Filipino,small,Great Value Long Grain White Rice 2kg,4.98,each,TRUE,FALSE,2026-05-19,FALSE
Walmart Langley,V3A 4H9,White Rice,Filipino,bulk,Great Value Long Grain White Rice 8.1kg,12.97,each,TRUE,FALSE,2026-05-19,TRUE
Walmart Langley,V3A 4H9,Frozen Tilapia,Filipino,small,Searay Tilapia 350g-550g,8.97,each,TRUE,FALSE,2026-05-19,TRUE
Walmart Langley,V3A 4H9,Frozen Tilapia,Filipino,bulk,Catch Of The Day Tilapia Fillets 750g,12.97,each,TRUE,FALSE,2026-05-19,TRUE
Walmart Langley,V3A 4H9,Yellow Onions,Filipino,small,Yellow onions bagged 3lb,2.94,each,TRUE,FALSE,2026-05-19,TRUE
Walmart Langley,V3A 4H9,Yellow Onions,Filipino,bulk,Onion yellow 10lb bag,8.97,each,TRUE,FALSE,2026-05-19,TRUE
Walmart Langley,V3A 4H9,Coconut Milk,Filipino,small,Delicious Kitchen Coconut Milk 400ml,1.57,each,TRUE,FALSE,2026-05-19,FALSE
Walmart Langley,V3A 4H9,Coconut Milk,Filipino,bulk,Coconut Milk 6-pack not available,,each,FALSE,FALSE,2026-05-19,FALSE
Walmart Langley,V3A 4H9,Fish Sauce,Filipino,small,Blue Dragon Fish Sauce 150mL,2.77,each,TRUE,FALSE,2026-05-19,TRUE
Walmart Langley,V3A 4H9,Fish Sauce,Filipino,bulk,Squid Brand Fish Sauce 727mL,3.27,each,TRUE,FALSE,2026-05-19,TRUE
Walmart Langley,V3A 4H9,Pork Belly,Filipino,small,Maple Leaf Fresh Pork Belly Slices,22.59,each,TRUE,TRUE,2026-05-19,TRUE
Walmart Langley,V3A 4H9,Pork Belly,Filipino,bulk,Pork Belly 3kg not available,,each,FALSE,FALSE,2026-05-19,FALSE
Walmart Langley,V3A 4H9,Eggs Large,Filipino,small,Great Value Large 12 Eggs,4.21,each,TRUE,FALSE,2026-05-19,FALSE
Walmart Langley,V3A 4H9,Eggs Large,Filipino,bulk,GoldEgg Golden D Large 18 Eggs,9.46,each,TRUE,FALSE,2026-05-19,FALSE
Walmart Langley,V3A 4H9,Eggplant,Filipino,small,Eggplant by weight ~500g,2.7,per_kg,TRUE,TRUE,2026-05-19,FALSE
Walmart Langley,V3A 4H9,Eggplant,Filipino,bulk,Eggplant by weight ~2kg,10.8,per_kg,TRUE,TRUE,2026-05-19,FALSE
Walmart Langley,V3A 4H9,Garlic,Filipino,small,Garlic Pack of 3 bulbs,0.88,each,TRUE,FALSE,2026-05-19,TRUE
Walmart Langley,V3A 4H9,Garlic,Filipino,bulk,Garlic 1kg Bag,5.97,each,TRUE,FALSE,2026-05-19,FALSE
Walmart Langley,V3A 4H9,Cane Vinegar,Filipino,small,Marca Pina Cane Vinegar 1L,1.97,each,TRUE,FALSE,2026-05-19,TRUE
Walmart Langley,V3A 4H9,Cane Vinegar,Filipino,bulk,Marca Pina Cane Vinegar 1L,1.97,each,TRUE,FALSE,2026-05-19,TRUE
Walmart Langley,V3A 4H9,Short Grain Rice,Korean,small,Heiwa Short Grain Rice 4lb,7.08,each,TRUE,FALSE,2026-05-19,TRUE
Walmart Langley,V3A 4H9,Short Grain Rice,Korean,bulk,Hakuro Premium Sushi Rice 6.8kg,18.97,each,TRUE,FALSE,2026-05-19,TRUE
Walmart Langley,V3A 4H9,Kimchi,Korean,small,THE KIMCHI 800g,10.97,each,TRUE,FALSE,2026-05-19,TRUE
Walmart Langley,V3A 4H9,Kimchi,Korean,bulk,Kimchi 5kg not available,,each,FALSE,FALSE,2026-05-19,FALSE
Walmart Langley,V3A 4H9,Gochujang,Korean,small,Gochujang not available,,each,FALSE,FALSE,2026-05-19,FALSE
Walmart Langley,V3A 4H9,Gochujang,Korean,bulk,Gochujang not available,,each,FALSE,FALSE,2026-05-19,FALSE
Walmart Langley,V3A 4H9,Bean Sprouts,Korean,small,Bean sprouts 1lb,1.97,each,TRUE,FALSE,2026-05-19,TRUE
Walmart Langley,V3A 4H9,Bean Sprouts,Korean,bulk,Bean sprouts 1kg not available,,each,FALSE,FALSE,2026-05-19,FALSE
Walmart Langley,V3A 4H9,Ground Beef,Korean,small,Lean Ground Beef 450g,8.92,each,TRUE,FALSE,2026-05-19,TRUE
Walmart Langley,V3A 4H9,Ground Beef,Korean,bulk,Value Size Lean Ground Beef 1.36kg,22.68,each,TRUE,FALSE,2026-05-19,TRUE
Walmart Langley,V3A 4H9,Sesame Oil,Korean,small,Kadoya Sesame Oil 327mL,6.97,each,TRUE,FALSE,2026-05-19,FALSE
Walmart Langley,V3A 4H9,Sesame Oil,Korean,bulk,Sesame Oil 1L not available,,each,FALSE,FALSE,2026-05-19,FALSE
Walmart Langley,V3A 4H9,Nori,Korean,small,Delicious Kitchen Sushi Nori 28g,2.97,each,TRUE,FALSE,2026-05-19,TRUE
Walmart Langley,V3A 4H9,Nori,Korean,bulk,Nori 100g not available,,each,FALSE,FALSE,2026-05-19,FALSE
Walmart Langley,V3A 4H9,Silken Tofu,Korean,small,Sunrise Firm Tofu single,2.97,each,TRUE,FALSE,2026-05-19,TRUE
Walmart Langley,V3A 4H9,Silken Tofu,Korean,bulk,Sunrise Extra Firm Tofu,3.44,each,TRUE,FALSE,2026-05-19,TRUE
Walmart Langley,V3A 4H9,Frozen Mackerel,Korean,small,Frozen mackerel not available,,each,FALSE,FALSE,2026-05-19,FALSE
Walmart Langley,V3A 4H9,Frozen Mackerel,Korean,bulk,Frozen mackerel not available,,each,FALSE,FALSE,2026-05-19,FALSE
Walmart Langley,V3A 4H9,Eggs Large,Korean,small,Great Value Large 12 Eggs,4.21,each,TRUE,FALSE,2026-05-19,FALSE
Walmart Langley,V3A 4H9,Eggs Large,Korean,bulk,GoldEgg Golden D Large 18 Eggs,9.46,each,TRUE,FALSE,2026-05-19,FALSE
Walmart Langley,V3A 4H9,Whole Wheat Bread,European,small,Great Value Whole Wheat Bread 564g,2.48,each,TRUE,FALSE,2026-05-19,TRUE
Walmart Langley,V3A 4H9,Whole Wheat Bread,European,bulk,Whole wheat bread 2-loaf not available,,each,FALSE,FALSE,2026-05-19,FALSE
Walmart Langley,V3A 4H9,Whole Milk,European,small,Dairyland 3.25% Milk 1L,3.04,each,TRUE,FALSE,2026-05-19,FALSE
Walmart Langley,V3A 4H9,Whole Milk,European,bulk,Dairyland 3.25% Homogenized Milk 4L,6.11,each,TRUE,FALSE,2026-05-19,FALSE
Walmart Langley,V3A 4H9,Cheddar,European,small,Great Value Old Cheddar 400g,5.48,each,TRUE,FALSE,2026-05-19,FALSE
Walmart Langley,V3A 4H9,Cheddar,European,bulk,Armstrong Old Cheddar 600g,7.98,each,TRUE,FALSE,2026-05-19,TRUE
Walmart Langley,V3A 4H9,Eggs Large,European,small,Great Value Large 12 Eggs,4.21,each,TRUE,FALSE,2026-05-19,FALSE
Walmart Langley,V3A 4H9,Eggs Large,European,bulk,GoldEgg Golden D Large 18 Eggs,9.46,each,TRUE,FALSE,2026-05-19,FALSE
Walmart Langley,V3A 4H9,Ground Beef,European,small,Lean Ground Beef 450g,8.92,each,TRUE,FALSE,2026-05-19,TRUE
Walmart Langley,V3A 4H9,Ground Beef,European,bulk,Value Size Lean Ground Beef 1.36kg,22.68,each,TRUE,FALSE,2026-05-19,TRUE
Walmart Langley,V3A 4H9,Russet Potatoes,European,small,Russet Potatoes 5lb,4.97,each,TRUE,FALSE,2026-05-19,FALSE
Walmart Langley,V3A 4H9,Russet Potatoes,European,bulk,Potato Russet 10lb,4.24,each,TRUE,FALSE,2026-05-19,FALSE
Walmart Langley,V3A 4H9,Carrots,European,small,Carrots 3lb bag,2.94,each,TRUE,FALSE,2026-05-19,FALSE
Walmart Langley,V3A 4H9,Carrots,European,bulk,Carrots 5lb not available,,each,FALSE,FALSE,2026-05-19,FALSE
Walmart Langley,V3A 4H9,Olive Oil,European,small,Great Value Extra Virgin Olive Oil 500mL,5.97,each,TRUE,FALSE,2026-05-19,FALSE
Walmart Langley,V3A 4H9,Olive Oil,European,bulk,Healthy Happy Extra Virgin Olive Oil 3L,29.97,each,TRUE,FALSE,2026-05-19,TRUE
Walmart Langley,V3A 4H9,Diced Tomatoes,European,small,Great Value Diced Tomatoes 796mL,1.97,each,TRUE,FALSE,2026-05-19,FALSE
Walmart Langley,V3A 4H9,Diced Tomatoes,European,bulk,Diced Tomatoes 6-pack not available,,each,FALSE,FALSE,2026-05-19,FALSE
Walmart Langley,V3A 4H9,Greek Yogurt,European,small,Our Finest Plain Greek Yogurt 750g,5.56,each,TRUE,FALSE,2026-05-19,TRUE
Walmart Langley,V3A 4H9,Greek Yogurt,European,bulk,Olympic Krema Plain Yogurt 1.75kg,11.47,each,TRUE,FALSE,2026-05-19,TRUE
Walmart Langley,V3A 4H9,Gold Seal Salmon,Indigenous,small,Clover Leaf Sockeye Salmon 213g,5.94,each,TRUE,FALSE,2026-05-19,TRUE
Walmart Langley,V3A 4H9,Gold Seal Salmon,Indigenous,bulk,Canned Salmon 6-pack not available,,each,FALSE,FALSE,2026-05-19,FALSE
Walmart Langley,V3A 4H9,Robin Hood Flour,Indigenous,small,Robin Hood All Purpose Flour 2.5kg,5.93,each,TRUE,FALSE,2026-05-19,TRUE
Walmart Langley,V3A 4H9,Robin Hood Flour,Indigenous,bulk,Robin Hood All Purpose Flour 10kg,18.88,each,TRUE,FALSE,2026-05-19,FALSE
Walmart Langley,V3A 4H9,Wild Blueberries,Indigenous,small,Great Value Cultivated Blueberries 600g,5.56,each,TRUE,FALSE,2026-05-19,TRUE
Walmart Langley,V3A 4H9,Wild Blueberries,Indigenous,bulk,Wild blueberries 1kg not available,,each,FALSE,FALSE,2026-05-19,FALSE
Walmart Langley,V3A 4H9,Bison,Indigenous,small,Bison not available,,each,FALSE,FALSE,2026-05-19,FALSE
Walmart Langley,V3A 4H9,Bison,Indigenous,bulk,Bison not available,,each,FALSE,FALSE,2026-05-19,FALSE
Walmart Langley,V3A 4H9,Russet Potatoes,Indigenous,small,Russet Potatoes 5lb,4.97,each,TRUE,FALSE,2026-05-19,TRUE
Walmart Langley,V3A 4H9,Russet Potatoes,Indigenous,bulk,Potato Russet 10lb,4.24,each,TRUE,FALSE,2026-05-19,FALSE
Walmart Langley,V3A 4H9,Whole Milk,Indigenous,small,Dairyland 3.25% Milk 1L,3.04,each,TRUE,FALSE,2026-05-19,FALSE
Walmart Langley,V3A 4H9,Whole Milk,Indigenous,bulk,Dairyland 3.25% Homogenized Milk 4L,6.11,each,TRUE,FALSE,2026-05-19,FALSE
Walmart Langley,V3A 4H9,Eggs Large,Indigenous,small,Great Value Large 12 Eggs,4.21,each,TRUE,FALSE,2026-05-19,FALSE
Walmart Langley,V3A 4H9,Eggs Large,Indigenous,bulk,GoldEgg Golden D Large 18 Eggs,9.46,each,TRUE,FALSE,2026-05-19,FALSE
Walmart Langley,V3A 4H9,Pinto Beans,Indigenous,small,Great Value Pinto Beans 540mL,1.27,each,TRUE,FALSE,2026-05-19,TRUE
Walmart Langley,V3A 4H9,Pinto Beans,Indigenous,bulk,Pinto Beans 6-pack not available,,each,FALSE,FALSE,2026-05-19,FALSE
Walmart Langley,V3A 4H9,Quaker Oats,Indigenous,small,Quaker Quick Oats 1kg,3.97,each,TRUE,FALSE,2026-05-19,FALSE
Walmart Langley,V3A 4H9,Quaker Oats,Indigenous,bulk,Quaker Quick Oats 2.25kg,6.97,each,TRUE,FALSE,2026-05-19,FALSE
Walmart Langley,V3A 4H9,Crisco Shortening,Indigenous,small,Crisco All-Vegetable Shortening 451g,3.97,each,TRUE,FALSE,2026-05-19,TRUE
Walmart Langley,V3A 4H9,Crisco Shortening,Indigenous,bulk,Crisco Shortening 1.36kg not available,,each,FALSE,FALSE,2026-05-19,FALSE
Walmart Langley,V3A 4H9,Whole Wheat Bread,Others,small,Great Value Whole Wheat Bread 564g,2.48,each,TRUE,FALSE,2026-05-19,TRUE
Walmart Langley,V3A 4H9,Whole Wheat Bread,Others,bulk,Whole wheat bread 2-loaf not available,,each,FALSE,FALSE,2026-05-19,FALSE
Walmart Langley,V3A 4H9,Whole Milk,Others,small,Dairyland 3.25% Milk 1L,3.04,each,TRUE,FALSE,2026-05-19,FALSE
Walmart Langley,V3A 4H9,Whole Milk,Others,bulk,Dairyland 3.25% Homogenized Milk 4L,6.11,each,TRUE,FALSE,2026-05-19,FALSE
Walmart Langley,V3A 4H9,Eggs Large,Others,small,Great Value Large 12 Eggs,4.21,each,TRUE,FALSE,2026-05-19,FALSE
Walmart Langley,V3A 4H9,Eggs Large,Others,bulk,GoldEgg Golden D Large 18 Eggs,9.46,each,TRUE,FALSE,2026-05-19,FALSE
Walmart Langley,V3A 4H9,Chicken Breast,Others,small,Lilydale Boneless Skinless Breasts 927g,14,each,TRUE,TRUE,2026-05-19,TRUE
Walmart Langley,V3A 4H9,Chicken Breast,Others,bulk,Mina Halal Boneless Skinless Chicken Breasts,24.79,each,TRUE,TRUE,2026-05-19,TRUE
Walmart Langley,V3A 4H9,Russet Potatoes,Others,small,Russet Potatoes 5lb,4.97,each,TRUE,FALSE,2026-05-19,FALSE
Walmart Langley,V3A 4H9,Russet Potatoes,Others,bulk,Potato Russet 10lb,4.24,each,TRUE,FALSE,2026-05-19,FALSE
Walmart Langley,V3A 4H9,Carrots,Others,small,Carrots 3lb bag,2.94,each,TRUE,FALSE,2026-05-19,FALSE
Walmart Langley,V3A 4H9,Carrots,Others,bulk,Carrots 5lb not available,,each,FALSE,FALSE,2026-05-19,FALSE
Walmart Langley,V3A 4H9,Black Beans,Others,small,Great Value Black Turtle Beans 540mL,1.27,each,TRUE,FALSE,2026-05-19,TRUE
Walmart Langley,V3A 4H9,Black Beans,Others,bulk,Black Beans 6-pack not available,,each,FALSE,FALSE,2026-05-19,FALSE
Walmart Langley,V3A 4H9,Canola Oil,Others,small,Great Value Canola Oil 1L,3.98,each,TRUE,FALSE,2026-05-19,FALSE
Walmart Langley,V3A 4H9,Canola Oil,Others,bulk,Great Value Canola Oil 2.79L,6.98,each,TRUE,FALSE,2026-05-19,TRUE
Walmart Langley,V3A 4H9,Quaker Oats,Others,small,Quaker Quick Oats 1kg,3.97,each,TRUE,FALSE,2026-05-19,FALSE
Walmart Langley,V3A 4H9,Quaker Oats,Others,bulk,Quaker Quick Oats 2.25kg,6.97,each,TRUE,FALSE,2026-05-19,FALSE
Walmart Langley,V3A 4H9,Bananas,Others,small,Banana by weight ~1kg,1.7,per_kg,TRUE,TRUE,2026-05-19,FALSE
Walmart Langley,V3A 4H9,Bananas,Others,bulk,Banana by weight ~3kg,5.1,per_kg,TRUE,TRUE,2026-05-19,FALSE
No Frills Hastings Vancouver,V5L 2C6,Basmati Rice,South Asian,small,Tilda Basmati Rice 1.81kg (sub for 2kg),11.79,each,TRUE,FALSE,2026-05-20,TRUE
No Frills Hastings Vancouver,V5L 2C6,Basmati Rice,South Asian,bulk,Tilda Basmati Rice 4.54kg (sub for 10kg),19.99,each,TRUE,FALSE,2026-05-20,TRUE
No Frills Hastings Vancouver,V5L 2C6,Whole Wheat Atta,South Asian,small,Robin Hood WW Flour 5kg,12.49,each,TRUE,FALSE,2026-05-20,TRUE
No Frills Hastings Vancouver,V5L 2C6,Whole Wheat Atta,South Asian,bulk,Golden Temple WW Atta 9kg,15.99,each,TRUE,FALSE,2026-05-20,TRUE
No Frills Hastings Vancouver,V5L 2C6,Toor Dal,South Asian,small,Suraj Toor Dal 1.81kg,8,each,TRUE,FALSE,2026-05-20,TRUE
No Frills Hastings Vancouver,V5L 2C6,Toor Dal,South Asian,bulk,Toor Dal 4kg not found,,each,FALSE,FALSE,2026-05-20,TRUE
No Frills Hastings Vancouver,V5L 2C6,Whole Milk,South Asian,small,Dairyland Whole Milk 1L,3.04,each,TRUE,FALSE,2026-05-20,FALSE
No Frills Hastings Vancouver,V5L 2C6,Whole Milk,South Asian,bulk,Dairyland Whole Milk 4L,6.11,each,TRUE,FALSE,2026-05-20,FALSE
No Frills Hastings Vancouver,V5L 2C6,Yellow Onions,South Asian,small,FM Yellow Onions 3lb,3.25,each,TRUE,FALSE,2026-05-20,TRUE
No Frills Hastings Vancouver,V5L 2C6,Yellow Onions,South Asian,bulk,FM Yellow Onions 10lb,9.49,each,TRUE,FALSE,2026-05-20,TRUE
No Frills Hastings Vancouver,V5L 2C6,Roma Tomatoes,South Asian,small,Roma Tomatoes by weight OOS,0.92,per_kg,FALSE,TRUE,2026-05-20,TRUE
No Frills Hastings Vancouver,V5L 2C6,Roma Tomatoes,South Asian,bulk,Roma Tomatoes 3kg OOS,,each,FALSE,FALSE,2026-05-20,TRUE
No Frills Hastings Vancouver,V5L 2C6,Chicken Thighs,South Asian,small,Maple Leaf Chicken Thighs ~0.954kg,11,each,TRUE,TRUE,2026-05-20,TRUE
No Frills Hastings Vancouver,V5L 2C6,Chicken Thighs,South Asian,bulk,Chicken Thighs Club Pack OOS,,each,FALSE,TRUE,2026-05-20,TRUE
No Frills Hastings Vancouver,V5L 2C6,Balkan Yogurt,South Asian,small,Astro Original Balkan Yogurt 650g,3.49,each,TRUE,FALSE,2026-05-20,FALSE
No Frills Hastings Vancouver,V5L 2C6,Balkan Yogurt,South Asian,bulk,Olympic Krema Balkan Yogurt 1.75kg,13.99,each,TRUE,FALSE,2026-05-20,FALSE
No Frills Hastings Vancouver,V5L 2C6,Garlic,South Asian,small,Rooster Garlic 3-count,0.99,each,TRUE,FALSE,2026-05-20,TRUE
No Frills Hastings Vancouver,V5L 2C6,Garlic,South Asian,bulk,Garlic Bulbs 1kg,5.99,each,TRUE,FALSE,2026-05-20,TRUE
No Frills Hastings Vancouver,V5L 2C6,Canola Oil,South Asian,small,No Name Canola Oil 946ml,4,each,TRUE,FALSE,2026-05-20,TRUE
No Frills Hastings Vancouver,V5L 2C6,Canola Oil,South Asian,bulk,No Name Canola Oil 3L,9.19,each,TRUE,FALSE,2026-05-20,FALSE
No Frills Hastings Vancouver,V5L 2C6,Jasmine Rice,Chinese,small,Rooster Jasmine Rice 2kg,5,each,TRUE,FALSE,2026-05-20,FALSE
No Frills Hastings Vancouver,V5L 2C6,Jasmine Rice,Chinese,bulk,Rooster Jasmine Rice 8kg,19.99,each,TRUE,FALSE,2026-05-20,TRUE
No Frills Hastings Vancouver,V5L 2C6,Bok Choy,Chinese,small,Baby Bok Choy by weight $6.59/kg,6.59,per_kg,TRUE,TRUE,2026-05-20,TRUE
No Frills Hastings Vancouver,V5L 2C6,Bok Choy,Chinese,bulk,Bok Choy by weight $6.59/kg,6.59,per_kg,TRUE,TRUE,2026-05-20,TRUE
No Frills Hastings Vancouver,V5L 2C6,Firm Tofu,Chinese,small,Sunrise Firm Tofu 350g,3.99,each,TRUE,FALSE,2026-05-20,FALSE
No Frills Hastings Vancouver,V5L 2C6,Firm Tofu,Chinese,bulk,Firm Tofu 2-pack not found,,each,FALSE,FALSE,2026-05-20,TRUE
No Frills Hastings Vancouver,V5L 2C6,Kikkoman Soy Sauce,Chinese,small,Kikkoman Soy Sauce 591ml,6.99,each,TRUE,FALSE,2026-05-20,TRUE
No Frills Hastings Vancouver,V5L 2C6,Kikkoman Soy Sauce,Chinese,bulk,Lee Kum Kee Soy Sauce 1.9L,7.99,each,TRUE,FALSE,2026-05-20,TRUE
No Frills Hastings Vancouver,V5L 2C6,Silk Soy Milk,Chinese,small,Silk Original Soy Milk 946ml,3,each,TRUE,FALSE,2026-05-20,FALSE
No Frills Hastings Vancouver,V5L 2C6,Silk Soy Milk,Chinese,bulk,Silk Original Soy Milk 1.89L,5,each,TRUE,FALSE,2026-05-20,FALSE
No Frills Hastings Vancouver,V5L 2C6,Eggs Large,Chinese,small,No Name Large Eggs 12-pack,4.21,each,TRUE,FALSE,2026-05-20,FALSE
No Frills Hastings Vancouver,V5L 2C6,Eggs Large,Chinese,bulk,Foremost Large Eggs 18-pack,7.41,each,TRUE,FALSE,2026-05-20,FALSE
No Frills Hastings Vancouver,V5L 2C6,Green Onions,Chinese,small,Green Onions 1 bunch OOS,1.79,each,FALSE,FALSE,2026-05-20,FALSE
No Frills Hastings Vancouver,V5L 2C6,Green Onions,Chinese,bulk,Green Onions 3-bunch OOS,,each,FALSE,FALSE,2026-05-20,TRUE
No Frills Hastings Vancouver,V5L 2C6,Sesame Oil,Chinese,small,Foreway Sesame Oil 370ml,6.49,each,TRUE,FALSE,2026-05-20,TRUE
No Frills Hastings Vancouver,V5L 2C6,Sesame Oil,Chinese,bulk,Sesame Oil 1L not found,,each,FALSE,FALSE,2026-05-20,TRUE
No Frills Hastings Vancouver,V5L 2C6,Pork Shoulder,Chinese,small,PC Slow Cooked Carnitas 900g,14,each,TRUE,FALSE,2026-05-20,TRUE
No Frills Hastings Vancouver,V5L 2C6,Pork Shoulder,Chinese,bulk,Pork Shoulder Club Pack OOS,,each,FALSE,TRUE,2026-05-20,TRUE
No Frills Hastings Vancouver,V5L 2C6,Napa Cabbage,Chinese,small,Napa Cabbage by weight $4.39/kg,4.39,per_kg,TRUE,TRUE,2026-05-20,TRUE
No Frills Hastings Vancouver,V5L 2C6,Napa Cabbage,Chinese,bulk,Napa Cabbage by weight $4.39/kg,4.39,per_kg,TRUE,TRUE,2026-05-20,TRUE
No Frills Hastings Vancouver,V5L 2C6,White Rice,Filipino,small,No Name White Rice 2kg,5,each,TRUE,FALSE,2026-05-20,FALSE
No Frills Hastings Vancouver,V5L 2C6,White Rice,Filipino,bulk,No Name White Rice 8kg,14,each,TRUE,FALSE,2026-05-20,TRUE
No Frills Hastings Vancouver,V5L 2C6,Frozen Tilapia,Filipino,small,Seaquest Tilapia Fillets 400g,6.5,each,TRUE,FALSE,2026-05-20,TRUE
No Frills Hastings Vancouver,V5L 2C6,Frozen Tilapia,Filipino,bulk,Frozen Tilapia 2kg OOS,,each,FALSE,FALSE,2026-05-20,TRUE
No Frills Hastings Vancouver,V5L 2C6,Yellow Onions,Filipino,small,FM Yellow Onions 3lb,3.25,each,TRUE,FALSE,2026-05-20,TRUE
No Frills Hastings Vancouver,V5L 2C6,Yellow Onions,Filipino,bulk,FM Yellow Onions 10lb,9.49,each,TRUE,FALSE,2026-05-20,TRUE
No Frills Hastings Vancouver,V5L 2C6,Coconut Milk,Filipino,small,Grace Coconut Milk 400ml,2,each,TRUE,FALSE,2026-05-20,FALSE
No Frills Hastings Vancouver,V5L 2C6,Coconut Milk,Filipino,bulk,Coconut Milk 6-pack not found,,each,FALSE,FALSE,2026-05-20,TRUE
No Frills Hastings Vancouver,V5L 2C6,Fish Sauce,Filipino,small,Cock Brand Fish Sauce 200ml,1.99,each,TRUE,FALSE,2026-05-20,TRUE
No Frills Hastings Vancouver,V5L 2C6,Fish Sauce,Filipino,bulk,Squid Brand Fish Sauce 725ml,3.49,each,TRUE,FALSE,2026-05-20,TRUE
No Frills Hastings Vancouver,V5L 2C6,Pork Belly,Filipino,small,Pork Belly by weight $12.77/kg,12.77,per_kg,TRUE,TRUE,2026-05-20,TRUE
No Frills Hastings Vancouver,V5L 2C6,Pork Belly,Filipino,bulk,Pork Belly by weight $12.77/kg,12.77,per_kg,TRUE,TRUE,2026-05-20,TRUE
No Frills Hastings Vancouver,V5L 2C6,Eggs Large,Filipino,small,No Name Large Eggs 12-pack,4.21,each,TRUE,FALSE,2026-05-20,FALSE
No Frills Hastings Vancouver,V5L 2C6,Eggs Large,Filipino,bulk,Foremost Large Eggs 18-pack,7.41,each,TRUE,FALSE,2026-05-20,FALSE
No Frills Hastings Vancouver,V5L 2C6,Eggplant,Filipino,small,Eggplant by weight $5.49/kg,5.49,per_kg,TRUE,TRUE,2026-05-20,TRUE
No Frills Hastings Vancouver,V5L 2C6,Eggplant,Filipino,bulk,Eggplant by weight $5.49/kg,5.49,per_kg,TRUE,TRUE,2026-05-20,TRUE
No Frills Hastings Vancouver,V5L 2C6,Garlic,Filipino,small,Rooster Garlic 3-count,0.99,each,TRUE,FALSE,2026-05-20,TRUE
No Frills Hastings Vancouver,V5L 2C6,Garlic,Filipino,bulk,Garlic Bulbs 1kg,5.99,each,TRUE,FALSE,2026-05-20,TRUE
No Frills Hastings Vancouver,V5L 2C6,Cane Vinegar,Filipino,small,Cane Vinegar not available,,each,FALSE,FALSE,2026-05-20,TRUE
No Frills Hastings Vancouver,V5L 2C6,Cane Vinegar,Filipino,bulk,Cane Vinegar not available,,each,FALSE,FALSE,2026-05-20,TRUE
No Frills Hastings Vancouver,V5L 2C6,Short Grain Rice,Korean,small,No Name Calrose 2kg,8.99,each,TRUE,FALSE,2026-05-20,TRUE
No Frills Hastings Vancouver,V5L 2C6,Short Grain Rice,Korean,bulk,Botan Calrose 8kg,23.99,each,TRUE,FALSE,2026-05-20,TRUE
No Frills Hastings Vancouver,V5L 2C6,Kimchi,Korean,small,Rooster Kimchi 1kg,11,each,TRUE,FALSE,2026-05-20,FALSE
No Frills Hastings Vancouver,V5L 2C6,Kimchi,Korean,bulk,Kimchi 5kg not found,,each,FALSE,FALSE,2026-05-20,TRUE
No Frills Hastings Vancouver,V5L 2C6,Gochujang,Korean,small,O Food Gochujang 500g OOS,6.49,each,FALSE,FALSE,2026-05-20,FALSE
No Frills Hastings Vancouver,V5L 2C6,Gochujang,Korean,bulk,Gochujang 1kg not found,,each,FALSE,FALSE,2026-05-20,TRUE
No Frills Hastings Vancouver,V5L 2C6,Bean Sprouts,Korean,small,Bean Sprouts 340g OOS,2.49,each,FALSE,FALSE,2026-05-20,FALSE
No Frills Hastings Vancouver,V5L 2C6,Bean Sprouts,Korean,bulk,Soy Sprouts 454g,1.99,each,TRUE,FALSE,2026-05-20,TRUE
No Frills Hastings Vancouver,V5L 2C6,Ground Beef,Korean,small,Butchers Choice Ground Beef 450g,9,each,TRUE,FALSE,2026-05-20,TRUE
No Frills Hastings Vancouver,V5L 2C6,Ground Beef,Korean,bulk,Ground Beef Club Pack ~$23.82,23.82,each,TRUE,TRUE,2026-05-20,TRUE
No Frills Hastings Vancouver,V5L 2C6,Sesame Oil,Korean,small,Foreway Sesame Oil 370ml,6.49,each,TRUE,FALSE,2026-05-20,TRUE
No Frills Hastings Vancouver,V5L 2C6,Sesame Oil,Korean,bulk,Sesame Oil 1L not found,,each,FALSE,FALSE,2026-05-20,TRUE
No Frills Hastings Vancouver,V5L 2C6,Nori Seaweed,Korean,small,T&T Nori 15g,1.79,each,TRUE,FALSE,2026-05-20,TRUE
No Frills Hastings Vancouver,V5L 2C6,Nori Seaweed,Korean,bulk,T&T Nori 60g,4.99,each,TRUE,FALSE,2026-05-20,TRUE
No Frills Hastings Vancouver,V5L 2C6,Silken Tofu,Korean,small,Rooster Silken Tofu 454g,2.79,each,TRUE,FALSE,2026-05-20,FALSE
No Frills Hastings Vancouver,V5L 2C6,Silken Tofu,Korean,bulk,Silken Tofu 2-pack not found,,each,FALSE,FALSE,2026-05-20,TRUE
No Frills Hastings Vancouver,V5L 2C6,Frozen Mackerel,Korean,small,Frozen Mackerel not available,,each,FALSE,FALSE,2026-05-20,TRUE
No Frills Hastings Vancouver,V5L 2C6,Frozen Mackerel,Korean,bulk,Frozen Mackerel not available,,each,FALSE,FALSE,2026-05-20,TRUE
No Frills Hastings Vancouver,V5L 2C6,Eggs Large,Korean,small,No Name Large Eggs 12-pack,4.21,each,TRUE,FALSE,2026-05-20,FALSE
No Frills Hastings Vancouver,V5L 2C6,Eggs Large,Korean,bulk,Foremost Large Eggs 18-pack,7.41,each,TRUE,FALSE,2026-05-20,FALSE
No Frills Hastings Vancouver,V5L 2C6,Whole Wheat Bread,European,small,Wonder Whole Wheat Bread 570g,3.69,each,TRUE,FALSE,2026-05-20,FALSE
No Frills Hastings Vancouver,V5L 2C6,Whole Wheat Bread,European,bulk,Whole Wheat Bread 2-loaf not found,,each,FALSE,FALSE,2026-05-20,TRUE
No Frills Hastings Vancouver,V5L 2C6,Whole Milk,European,small,Dairyland Whole Milk 1L,3.04,each,TRUE,FALSE,2026-05-20,FALSE
No Frills Hastings Vancouver,V5L 2C6,Whole Milk,European,bulk,Dairyland Whole Milk 4L,6.11,each,TRUE,FALSE,2026-05-20,FALSE
No Frills Hastings Vancouver,V5L 2C6,Cheddar Cheese,European,small,PC Cheddar Cheese 400g,6.79,each,TRUE,FALSE,2026-05-20,FALSE
No Frills Hastings Vancouver,V5L 2C6,Cheddar Cheese,European,bulk,No Name Cheddar Cheese 700g,9,each,TRUE,FALSE,2026-05-20,TRUE
No Frills Hastings Vancouver,V5L 2C6,Eggs Large,European,small,No Name Large Eggs 12-pack,4.21,each,TRUE,FALSE,2026-05-20,FALSE
No Frills Hastings Vancouver,V5L 2C6,Eggs Large,European,bulk,Foremost Large Eggs 18-pack,7.41,each,TRUE,FALSE,2026-05-20,FALSE
No Frills Hastings Vancouver,V5L 2C6,Ground Beef,European,small,Butchers Choice Ground Beef 450g,9,each,TRUE,FALSE,2026-05-20,TRUE
No Frills Hastings Vancouver,V5L 2C6,Ground Beef,European,bulk,Ground Beef Club Pack ~$23.82,23.82,each,TRUE,TRUE,2026-05-20,TRUE
No Frills Hastings Vancouver,V5L 2C6,Russet Potatoes,European,small,PC Russet Potatoes 5lb,5.5,each,TRUE,FALSE,2026-05-20,FALSE
No Frills Hastings Vancouver,V5L 2C6,Russet Potatoes,European,bulk,FM Russet Potatoes 10lb,5.99,each,TRUE,FALSE,2026-05-20,FALSE
No Frills Hastings Vancouver,V5L 2C6,Carrots,European,small,FM Carrots 2lb,3.99,each,TRUE,FALSE,2026-05-20,TRUE
No Frills Hastings Vancouver,V5L 2C6,Carrots,European,bulk,FM Carrots 5lb,6.99,each,TRUE,FALSE,2026-05-20,FALSE
No Frills Hastings Vancouver,V5L 2C6,Olive Oil,European,small,PC Splendido Olive Oil 500ml,10,each,TRUE,FALSE,2026-05-20,FALSE
No Frills Hastings Vancouver,V5L 2C6,Olive Oil,European,bulk,Olive Oil 2L not found,,each,FALSE,FALSE,2026-05-20,TRUE
No Frills Hastings Vancouver,V5L 2C6,Diced Tomatoes,European,small,No Name Diced Tomatoes 796ml,2,each,TRUE,FALSE,2026-05-20,FALSE
No Frills Hastings Vancouver,V5L 2C6,Diced Tomatoes,European,bulk,Diced Tomatoes 6-pack not found,,each,FALSE,FALSE,2026-05-20,TRUE
No Frills Hastings Vancouver,V5L 2C6,Greek Yogurt,European,small,PC Greek Yogurt 750g,6,each,TRUE,FALSE,2026-05-20,TRUE
No Frills Hastings Vancouver,V5L 2C6,Greek Yogurt,European,bulk,PC Greek Yogurt Club 1kg,7,each,TRUE,FALSE,2026-05-20,TRUE
No Frills Hastings Vancouver,V5L 2C6,Gold Seal Salmon,Indigenous,small,Gold Seal Pink Salmon 213g,6.99,each,TRUE,FALSE,2026-05-20,FALSE
No Frills Hastings Vancouver,V5L 2C6,Gold Seal Salmon,Indigenous,bulk,Gold Seal Salmon 6-pack not found,,each,FALSE,FALSE,2026-05-20,TRUE
No Frills Hastings Vancouver,V5L 2C6,Robin Hood Flour,Indigenous,small,Robin Hood All Purpose Flour 2.5kg,5.5,each,TRUE,FALSE,2026-05-20,TRUE
No Frills Hastings Vancouver,V5L 2C6,Robin Hood Flour,Indigenous,bulk,Robin Hood All Purpose Flour 10kg,18.88,each,TRUE,FALSE,2026-05-20,FALSE
No Frills Hastings Vancouver,V5L 2C6,Wild Blueberries,Indigenous,small,PC Frozen Wild Blueberries 400g,5.5,each,TRUE,FALSE,2026-05-20,TRUE
No Frills Hastings Vancouver,V5L 2C6,Wild Blueberries,Indigenous,bulk,PC Frozen Wild Blueberries 1.5kg,19.49,each,TRUE,FALSE,2026-05-20,TRUE
No Frills Hastings Vancouver,V5L 2C6,Bison,Indigenous,small,Bison not available,,each,FALSE,FALSE,2026-05-20,TRUE
No Frills Hastings Vancouver,V5L 2C6,Bison,Indigenous,bulk,Bison not available,,each,FALSE,FALSE,2026-05-20,TRUE
No Frills Hastings Vancouver,V5L 2C6,Russet Potatoes,Indigenous,small,PC Organics Russet Potatoes 3lb,6.49,each,TRUE,FALSE,2026-05-20,FALSE
No Frills Hastings Vancouver,V5L 2C6,Russet Potatoes,Indigenous,bulk,FM Russet Potatoes 10lb,5.99,each,TRUE,FALSE,2026-05-20,FALSE
No Frills Hastings Vancouver,V5L 2C6,Whole Milk,Indigenous,small,Dairyland Whole Milk 1L,3.04,each,TRUE,FALSE,2026-05-20,FALSE
No Frills Hastings Vancouver,V5L 2C6,Whole Milk,Indigenous,bulk,Dairyland Whole Milk 4L,6.11,each,TRUE,FALSE,2026-05-20,FALSE
No Frills Hastings Vancouver,V5L 2C6,Eggs Large,Indigenous,small,No Name Large Eggs 12-pack,4.21,each,TRUE,FALSE,2026-05-20,FALSE
No Frills Hastings Vancouver,V5L 2C6,Eggs Large,Indigenous,bulk,Foremost Large Eggs 18-pack,7.41,each,TRUE,FALSE,2026-05-20,FALSE
No Frills Hastings Vancouver,V5L 2C6,Pinto Beans,Indigenous,small,Unico Pinto Beans 540ml,2,each,TRUE,FALSE,2026-05-20,FALSE
No Frills Hastings Vancouver,V5L 2C6,Pinto Beans,Indigenous,bulk,Pinto Beans 6-pack not found,,each,FALSE,FALSE,2026-05-20,TRUE
No Frills Hastings Vancouver,V5L 2C6,Quaker Oats,Indigenous,small,Quaker Quick Oats 1kg,4.29,each,TRUE,FALSE,2026-05-20,FALSE
No Frills Hastings Vancouver,V5L 2C6,Quaker Oats,Indigenous,bulk,Quaker Quick Oats 2.25kg,7.79,each,TRUE,FALSE,2026-05-20,FALSE
No Frills Hastings Vancouver,V5L 2C6,Crisco Shortening,Indigenous,small,Crisco Shortening 454g,4.49,each,TRUE,FALSE,2026-05-20,FALSE
No Frills Hastings Vancouver,V5L 2C6,Crisco Shortening,Indigenous,bulk,Crisco Shortening 1.36kg,12.99,each,TRUE,FALSE,2026-05-20,FALSE
No Frills Hastings Vancouver,V5L 2C6,Whole Wheat Bread,Others,small,Wonder Whole Wheat Bread 570g,3.69,each,TRUE,FALSE,2026-05-20,FALSE
No Frills Hastings Vancouver,V5L 2C6,Whole Wheat Bread,Others,bulk,Whole Wheat Bread 2-loaf not found,,each,FALSE,FALSE,2026-05-20,TRUE
No Frills Hastings Vancouver,V5L 2C6,Whole Milk,Others,small,Dairyland Whole Milk 1L,3.04,each,TRUE,FALSE,2026-05-20,FALSE
No Frills Hastings Vancouver,V5L 2C6,Whole Milk,Others,bulk,Dairyland Whole Milk 4L,6.11,each,TRUE,FALSE,2026-05-20,FALSE
No Frills Hastings Vancouver,V5L 2C6,Eggs Large,Others,small,No Name Large Eggs 12-pack,4.21,each,TRUE,FALSE,2026-05-20,FALSE
No Frills Hastings Vancouver,V5L 2C6,Eggs Large,Others,bulk,Foremost Large Eggs 18-pack,7.41,each,TRUE,FALSE,2026-05-20,FALSE
No Frills Hastings Vancouver,V5L 2C6,Chicken Breast,Others,small,PC Blue Menu Chicken Breasts 841g,19,each,TRUE,FALSE,2026-05-20,TRUE
No Frills Hastings Vancouver,V5L 2C6,Chicken Breast,Others,bulk,Chicken Breast Club Pack OOS,19.46,each,FALSE,TRUE,2026-05-20,TRUE
No Frills Hastings Vancouver,V5L 2C6,Russet Potatoes,Others,small,PC Russet Potatoes 5lb,5.5,each,TRUE,FALSE,2026-05-20,FALSE
No Frills Hastings Vancouver,V5L 2C6,Russet Potatoes,Others,bulk,FM Russet Potatoes 10lb,5.99,each,TRUE,FALSE,2026-05-20,FALSE
No Frills Hastings Vancouver,V5L 2C6,Carrots,Others,small,FM Carrots 2lb,3.99,each,TRUE,FALSE,2026-05-20,TRUE
No Frills Hastings Vancouver,V5L 2C6,Carrots,Others,bulk,FM Carrots 5lb,6.99,each,TRUE,FALSE,2026-05-20,FALSE
No Frills Hastings Vancouver,V5L 2C6,Black Beans,Others,small,No Name Black Beans 540ml,1.5,each,TRUE,FALSE,2026-05-20,FALSE
No Frills Hastings Vancouver,V5L 2C6,Black Beans,Others,bulk,Black Beans 6-pack not found,,each,FALSE,FALSE,2026-05-20,TRUE
No Frills Hastings Vancouver,V5L 2C6,Canola Oil,Others,small,No Name Canola Oil 946ml,4,each,TRUE,FALSE,2026-05-20,TRUE
No Frills Hastings Vancouver,V5L 2C6,Canola Oil,Others,bulk,No Name Canola Oil 3L,9.19,each,TRUE,FALSE,2026-05-20,FALSE
No Frills Hastings Vancouver,V5L 2C6,Quaker Oats,Others,small,Quaker Quick Oats 1kg,4.29,each,TRUE,FALSE,2026-05-20,FALSE
No Frills Hastings Vancouver,V5L 2C6,Quaker Oats,Others,bulk,Quaker Quick Oats 2.25kg,7.79,each,TRUE,FALSE,2026-05-20,FALSE
No Frills Hastings Vancouver,V5L 2C6,Bananas,Others,small,Bananas OOS,1.72,per_kg,FALSE,TRUE,2026-05-20,TRUE
No Frills Hastings Vancouver,V5L 2C6,Bananas,Others,bulk,PC Organics Banana Bunch $2.14/kg,2.14,per_kg,TRUE,TRUE,2026-05-20,TRUE
No Frills Burnaby Hastings,V5H 4J4,Basmati Rice,South Asian,small,No Name Basmati Rice 2kg,5,each,TRUE,FALSE,2026-05-21,FALSE
No Frills Burnaby Hastings,V5H 4J4,Basmati Rice,South Asian,bulk,Tilda Pure Basmati Rice 9.07kg,11.99,each,TRUE,FALSE,2026-05-21,TRUE
No Frills Burnaby Hastings,V5H 4J4,Whole Wheat Atta,South Asian,small,Robin Hood Whole Wheat AP Flour 2.5kg,5.5,each,TRUE,FALSE,2026-05-21,TRUE
No Frills Burnaby Hastings,V5H 4J4,Whole Wheat Atta,South Asian,bulk,Aashirvaad Whole Wheat Flour 9.07kg,12.99,each,TRUE,FALSE,2026-05-21,TRUE
No Frills Burnaby Hastings,V5H 4J4,Toor Dal,South Asian,small,Suraj Toor Dal Dry 1.81kg,8,each,TRUE,FALSE,2026-05-21,TRUE
No Frills Burnaby Hastings,V5H 4J4,Toor Dal,South Asian,bulk,Suraj Toor Dal 4kg not found,,each,FALSE,FALSE,2026-05-21,TRUE
No Frills Burnaby Hastings,V5H 4J4,Whole Milk,South Asian,small,Dairyland 3.25% Milk 1L,3.04,each,TRUE,FALSE,2026-05-21,FALSE
No Frills Burnaby Hastings,V5H 4J4,Whole Milk,South Asian,bulk,Dairyland 3.25% Milk 4L,6.11,each,TRUE,FALSE,2026-05-21,FALSE
No Frills Burnaby Hastings,V5H 4J4,Yellow Onions,South Asian,small,Farmers Market Yellow Onions 3lb,3.25,each,TRUE,FALSE,2026-05-21,TRUE
No Frills Burnaby Hastings,V5H 4J4,Yellow Onions,South Asian,bulk,Farmers Market Yellow Onions 10lb,9.49,each,TRUE,FALSE,2026-05-21,TRUE
No Frills Burnaby Hastings,V5H 4J4,Roma Tomatoes,South Asian,small,Roma Tomatoes by weight OOS,7.69,per_kg,FALSE,TRUE,2026-05-21,TRUE
No Frills Burnaby Hastings,V5H 4J4,Roma Tomatoes,South Asian,bulk,Roma Tomatoes 3kg OOS,23.07,per_kg,FALSE,TRUE,2026-05-21,TRUE
No Frills Burnaby Hastings,V5H 4J4,Chicken Thighs,South Asian,small,PC Blue Menu Boneless Skinless Chicken Thighs,15,each,TRUE,TRUE,2026-05-21,TRUE
No Frills Burnaby Hastings,V5H 4J4,Chicken Thighs,South Asian,bulk,Chicken Thighs Club Pack OOS,9.92,per_kg,FALSE,TRUE,2026-05-21,TRUE
No Frills Burnaby Hastings,V5H 4J4,Balkan Yogurt,South Asian,small,Astro Original Balkan Style Plain 750g,3.49,each,TRUE,FALSE,2026-05-21,TRUE
No Frills Burnaby Hastings,V5H 4J4,Balkan Yogurt,South Asian,bulk,Olympic Krema 1.75kg,13.99,each,TRUE,FALSE,2026-05-21,TRUE
No Frills Burnaby Hastings,V5H 4J4,Garlic,South Asian,small,Rooster Garlic Bulbs 3-count,0.99,each,TRUE,FALSE,2026-05-21,FALSE
No Frills Burnaby Hastings,V5H 4J4,Garlic,South Asian,bulk,Garlic Bulbs 1kg,5.99,each,TRUE,FALSE,2026-05-21,TRUE
No Frills Burnaby Hastings,V5H 4J4,Canola Oil,South Asian,small,No Name Canola Oil 946ml,4,each,TRUE,FALSE,2026-05-21,TRUE
No Frills Burnaby Hastings,V5H 4J4,Canola Oil,South Asian,bulk,No Name Canola Oil 3L,9.19,each,TRUE,FALSE,2026-05-21,FALSE
No Frills Burnaby Hastings,V5H 4J4,Jasmine Rice,Chinese,small,Rooster Thai Hom Mali Jasmine Rice 2kg,5,each,TRUE,FALSE,2026-05-21,FALSE
No Frills Burnaby Hastings,V5H 4J4,Jasmine Rice,Chinese,bulk,Rooster Scented Jasmine Rice 8kg,19.99,each,TRUE,FALSE,2026-05-21,TRUE
No Frills Burnaby Hastings,V5H 4J4,Bok Choy,Chinese,small,Baby Bok Choy by weight $6.59/kg,6.59,per_kg,TRUE,TRUE,2026-05-21,TRUE
No Frills Burnaby Hastings,V5H 4J4,Bok Choy,Chinese,bulk,Baby Bok Choy by weight $6.59/kg,6.59,per_kg,TRUE,TRUE,2026-05-21,TRUE
No Frills Burnaby Hastings,V5H 4J4,Firm Tofu,Chinese,small,Sunrise Tofu Extra Firm 350g,3.99,each,TRUE,FALSE,2026-05-21,FALSE
No Frills Burnaby Hastings,V5H 4J4,Firm Tofu,Chinese,bulk,No 2-pack available,,each,FALSE,FALSE,2026-05-21,TRUE
No Frills Burnaby Hastings,V5H 4J4,Kikkoman Soy Sauce,Chinese,small,Kikkoman Soy Sauce 591ml,6.99,each,TRUE,FALSE,2026-05-21,TRUE
No Frills Burnaby Hastings,V5H 4J4,Kikkoman Soy Sauce,Chinese,bulk,Lee Kum Kee Soy Sauce 1.9L,7.99,each,TRUE,FALSE,2026-05-21,TRUE
No Frills Burnaby Hastings,V5H 4J4,Silk Soy Milk,Chinese,small,Silk Soy Milk Alternative 946ml,3,each,TRUE,FALSE,2026-05-21,FALSE
No Frills Burnaby Hastings,V5H 4J4,Silk Soy Milk,Chinese,bulk,Silk Soy Milk Alternative 1.89L,3.75,each,TRUE,FALSE,2026-05-21,TRUE
No Frills Burnaby Hastings,V5H 4J4,Eggs Large,Chinese,small,No Name Large Eggs 12pk,4.21,each,TRUE,FALSE,2026-05-21,FALSE
No Frills Burnaby Hastings,V5H 4J4,Eggs Large,Chinese,bulk,Foremost Large Eggs 18pk,7.41,each,TRUE,FALSE,2026-05-21,FALSE
No Frills Burnaby Hastings,V5H 4J4,Green Onions,Chinese,small,Green Onion 1 each OOS,1.5,each,FALSE,FALSE,2026-05-21,FALSE
No Frills Burnaby Hastings,V5H 4J4,Green Onions,Chinese,bulk,No 3-bunch available,,each,FALSE,FALSE,2026-05-21,TRUE
No Frills Burnaby Hastings,V5H 4J4,Sesame Oil,Chinese,small,Foreway Pure Sesame Oil 370ml,6.49,each,TRUE,FALSE,2026-05-21,TRUE
No Frills Burnaby Hastings,V5H 4J4,Sesame Oil,Chinese,bulk,No 1L sesame oil available,,each,FALSE,FALSE,2026-05-21,TRUE
No Frills Burnaby Hastings,V5H 4J4,Pork Shoulder,Chinese,small,PC Seasoned Pork Shoulder Carnitas 900g,14,each,TRUE,FALSE,2026-05-21,TRUE
No Frills Burnaby Hastings,V5H 4J4,Pork Shoulder,Chinese,bulk,Pork Picnic Shoulder by weight OOS,6.61,per_kg,FALSE,TRUE,2026-05-21,TRUE
No Frills Burnaby Hastings,V5H 4J4,Napa Cabbage,Chinese,small,Chinese Napa Cabbage by weight $4.39/kg,4.39,per_kg,TRUE,TRUE,2026-05-21,TRUE
No Frills Burnaby Hastings,V5H 4J4,Napa Cabbage,Chinese,bulk,Chinese Napa Cabbage by weight $4.39/kg,4.39,per_kg,TRUE,TRUE,2026-05-21,TRUE
No Frills Burnaby Hastings,V5H 4J4,White Rice,Filipino,small,No Name Long Grain White Rice 2kg,5,each,TRUE,FALSE,2026-05-21,FALSE
No Frills Burnaby Hastings,V5H 4J4,White Rice,Filipino,bulk,No Name Long Grain White Rice 8kg,14,each,TRUE,FALSE,2026-05-21,TRUE
No Frills Burnaby Hastings,V5H 4J4,Frozen Tilapia,Filipino,small,Seaquest Tilapia Fillets 400g,7.5,each,TRUE,FALSE,2026-05-21,TRUE
No Frills Burnaby Hastings,V5H 4J4,Frozen Tilapia,Filipino,bulk,Seaquest Tilapia Fillets 1kg OOS,18,each,FALSE,FALSE,2026-05-21,TRUE
No Frills Burnaby Hastings,V5H 4J4,Yellow Onions,Filipino,small,Farmers Market Yellow Onions 3lb,3.25,each,TRUE,FALSE,2026-05-21,TRUE
No Frills Burnaby Hastings,V5H 4J4,Yellow Onions,Filipino,bulk,Farmers Market Yellow Onions 10lb,9.49,each,TRUE,FALSE,2026-05-21,TRUE
No Frills Burnaby Hastings,V5H 4J4,Coconut Milk,Filipino,small,Grace Coconut Milk 400ml,2,each,TRUE,FALSE,2026-05-21,FALSE
No Frills Burnaby Hastings,V5H 4J4,Coconut Milk,Filipino,bulk,No 6-pack available,,each,FALSE,FALSE,2026-05-21,TRUE
No Frills Burnaby Hastings,V5H 4J4,Fish Sauce,Filipino,small,Cock Fish Sauce 200ml,1.99,each,TRUE,FALSE,2026-05-21,TRUE
No Frills Burnaby Hastings,V5H 4J4,Fish Sauce,Filipino,bulk,Squid Brand Fish Sauce 725ml,3.49,each,TRUE,FALSE,2026-05-21,TRUE
No Frills Burnaby Hastings,V5H 4J4,Pork Belly,Filipino,small,Pork Belly by weight $12.77/kg,12.77,per_kg,TRUE,TRUE,2026-05-21,TRUE
No Frills Burnaby Hastings,V5H 4J4,Pork Belly,Filipino,bulk,Pork Belly by weight $12.77/kg,12.77,per_kg,TRUE,TRUE,2026-05-21,TRUE
No Frills Burnaby Hastings,V5H 4J4,Eggs Large,Filipino,small,No Name Large Eggs 12pk,4.21,each,TRUE,FALSE,2026-05-21,FALSE
No Frills Burnaby Hastings,V5H 4J4,Eggs Large,Filipino,bulk,Foremost Large Eggs 18pk,7.41,each,TRUE,FALSE,2026-05-21,FALSE
No Frills Burnaby Hastings,V5H 4J4,Eggplant,Filipino,small,Purple Eggplants by weight $6.59/kg,6.59,per_kg,TRUE,TRUE,2026-05-21,TRUE
No Frills Burnaby Hastings,V5H 4J4,Eggplant,Filipino,bulk,Purple Eggplants by weight $6.59/kg,6.59,per_kg,TRUE,TRUE,2026-05-21,TRUE
No Frills Burnaby Hastings,V5H 4J4,Garlic,Filipino,small,Rooster Garlic Bulbs 3-count,0.99,each,TRUE,FALSE,2026-05-21,FALSE
No Frills Burnaby Hastings,V5H 4J4,Garlic,Filipino,bulk,Garlic Bulbs 1kg,5.99,each,TRUE,FALSE,2026-05-21,TRUE
No Frills Burnaby Hastings,V5H 4J4,Cane Vinegar,Filipino,small,Not available,,each,FALSE,FALSE,2026-05-21,TRUE
No Frills Burnaby Hastings,V5H 4J4,Cane Vinegar,Filipino,bulk,Not available,,each,FALSE,FALSE,2026-05-21,TRUE
No Frills Burnaby Hastings,V5H 4J4,Short Grain Rice,Korean,small,No Name Calrose Medium Grain Rice 2kg,8.99,each,TRUE,FALSE,2026-05-21,TRUE
No Frills Burnaby Hastings,V5H 4J4,Short Grain Rice,Korean,bulk,Botan Calrose Rice 8kg,23.99,each,TRUE,FALSE,2026-05-21,TRUE
No Frills Burnaby Hastings,V5H 4J4,Kimchi,Korean,small,Rooster Kimchi 1kg,11,each,TRUE,FALSE,2026-05-21,FALSE
No Frills Burnaby Hastings,V5H 4J4,Kimchi,Korean,bulk,No 5kg available,,each,FALSE,FALSE,2026-05-21,TRUE
No Frills Burnaby Hastings,V5H 4J4,Gochujang,Korean,small,O Food Hot Pepper Paste 500g OOS,6.49,each,FALSE,FALSE,2026-05-21,FALSE
No Frills Burnaby Hastings,V5H 4J4,Gochujang,Korean,bulk,No 1kg available,,each,FALSE,FALSE,2026-05-21,TRUE
No Frills Burnaby Hastings,V5H 4J4,Bean Sprouts,Korean,small,Bean Sprouts 340g OOS,2.49,each,FALSE,FALSE,2026-05-21,FALSE
No Frills Burnaby Hastings,V5H 4J4,Bean Sprouts,Korean,bulk,Soy Bean Sprouts 454g,1.99,each,TRUE,FALSE,2026-05-21,TRUE
No Frills Burnaby Hastings,V5H 4J4,Ground Beef,Korean,small,Butchers Choice Medium Ground Beef 450g,8.5,each,TRUE,TRUE,2026-05-21,TRUE
No Frills Burnaby Hastings,V5H 4J4,Ground Beef,Korean,bulk,Lean Ground Beef Chub by weight,17.62,per_kg,TRUE,TRUE,2026-05-21,TRUE
No Frills Burnaby Hastings,V5H 4J4,Sesame Oil,Korean,small,Foreway Pure Sesame Oil 370ml,6.49,each,TRUE,FALSE,2026-05-21,TRUE
No Frills Burnaby Hastings,V5H 4J4,Sesame Oil,Korean,bulk,No 1L sesame oil available,,each,FALSE,FALSE,2026-05-21,TRUE
No Frills Burnaby Hastings,V5H 4J4,Nori Seaweed,Korean,small,T&T Korean Roasted Seaweed Laver 15g,1.79,each,TRUE,FALSE,2026-05-21,TRUE
No Frills Burnaby Hastings,V5H 4J4,Nori Seaweed,Korean,bulk,T&T Korean Roasted Seaweed Laver 60g,5.5,each,TRUE,FALSE,2026-05-21,TRUE
No Frills Burnaby Hastings,V5H 4J4,Silken Tofu,Korean,small,Rooster Silken Tofu 454g,2.79,each,TRUE,FALSE,2026-05-21,TRUE
No Frills Burnaby Hastings,V5H 4J4,Silken Tofu,Korean,bulk,No 2-pack available,,each,FALSE,FALSE,2026-05-21,TRUE
No Frills Burnaby Hastings,V5H 4J4,Frozen Mackerel,Korean,small,Not available,,each,FALSE,FALSE,2026-05-21,TRUE
No Frills Burnaby Hastings,V5H 4J4,Frozen Mackerel,Korean,bulk,Not available,,each,FALSE,FALSE,2026-05-21,TRUE
No Frills Burnaby Hastings,V5H 4J4,Eggs Large,Korean,small,No Name Large Eggs 12pk,4.21,each,TRUE,FALSE,2026-05-21,FALSE
No Frills Burnaby Hastings,V5H 4J4,Eggs Large,Korean,bulk,Foremost Large Eggs 18pk,7.41,each,TRUE,FALSE,2026-05-21,FALSE
No Frills Burnaby Hastings,V5H 4J4,Whole Wheat Bread,European,small,Dempsters 100% Whole Wheat Bread 675g,3.29,each,TRUE,FALSE,2026-05-21,TRUE
No Frills Burnaby Hastings,V5H 4J4,Whole Wheat Bread,European,bulk,No 2-loaf pack available,,each,FALSE,FALSE,2026-05-21,TRUE
No Frills Burnaby Hastings,V5H 4J4,Whole Milk,European,small,Dairyland 3.25% Milk 1L,3.04,each,TRUE,FALSE,2026-05-21,FALSE
No Frills Burnaby Hastings,V5H 4J4,Whole Milk,European,bulk,Dairyland 3.25% Milk 4L,6.11,each,TRUE,FALSE,2026-05-21,FALSE
No Frills Burnaby Hastings,V5H 4J4,Cheddar Cheese,European,small,PC Extra Old White Cheddar 400g,6.79,each,TRUE,FALSE,2026-05-21,TRUE
No Frills Burnaby Hastings,V5H 4J4,Cheddar Cheese,European,bulk,No Name Old Cheddar Cheese 700g,8.79,each,TRUE,FALSE,2026-05-21,TRUE
No Frills Burnaby Hastings,V5H 4J4,Eggs Large,European,small,No Name Large Eggs 12pk,4.21,each,TRUE,FALSE,2026-05-21,FALSE
No Frills Burnaby Hastings,V5H 4J4,Eggs Large,European,bulk,Foremost Large Eggs 18pk,7.41,each,TRUE,FALSE,2026-05-21,FALSE
No Frills Burnaby Hastings,V5H 4J4,Ground Beef,European,small,Butchers Choice Medium Ground Beef 450g,8.5,each,TRUE,TRUE,2026-05-21,TRUE
No Frills Burnaby Hastings,V5H 4J4,Ground Beef,European,bulk,Lean Ground Beef Chub by weight,17.62,per_kg,TRUE,TRUE,2026-05-21,TRUE
No Frills Burnaby Hastings,V5H 4J4,Russet Potatoes,European,small,PC Russet Potatoes 5lb,5.5,each,TRUE,FALSE,2026-05-21,FALSE
No Frills Burnaby Hastings,V5H 4J4,Russet Potatoes,European,bulk,Farmers Market Russet Potatoes 10lb,6.99,each,TRUE,FALSE,2026-05-21,FALSE
No Frills Burnaby Hastings,V5H 4J4,Carrots,European,small,Farmers Market Carrots 2lb,3.99,each,TRUE,FALSE,2026-05-21,TRUE
No Frills Burnaby Hastings,V5H 4J4,Carrots,European,bulk,Farmers Market Carrots 5lb OOS,6.99,each,FALSE,FALSE,2026-05-21,FALSE
No Frills Burnaby Hastings,V5H 4J4,Olive Oil,European,small,No Name Extra Virgin Olive Oil 750ml,8.19,each,TRUE,FALSE,2026-05-21,TRUE
No Frills Burnaby Hastings,V5H 4J4,Olive Oil,European,bulk,No 2L available,,each,FALSE,FALSE,2026-05-21,TRUE
No Frills Burnaby Hastings,V5H 4J4,Diced Tomatoes,European,small,No Name Diced Tomatoes 796ml,2,each,TRUE,FALSE,2026-05-21,FALSE
No Frills Burnaby Hastings,V5H 4J4,Diced Tomatoes,European,bulk,No 6-pack available,,each,FALSE,FALSE,2026-05-21,TRUE
No Frills Burnaby Hastings,V5H 4J4,Greek Yogurt,European,small,PC Plain Greek Yogurt 750g,6,each,TRUE,FALSE,2026-05-21,TRUE
No Frills Burnaby Hastings,V5H 4J4,Greek Yogurt,European,bulk,PC Plain Greek Yogurt Club 1kg,7,each,TRUE,FALSE,2026-05-21,TRUE
No Frills Burnaby Hastings,V5H 4J4,Gold Seal Salmon,Indigenous,small,GoldSeal Salmon Sockeye 213g,6.99,each,TRUE,FALSE,2026-05-21,FALSE
No Frills Burnaby Hastings,V5H 4J4,Gold Seal Salmon,Indigenous,bulk,No 6-pack available,,each,FALSE,FALSE,2026-05-21,TRUE
No Frills Burnaby Hastings,V5H 4J4,Robin Hood Flour,Indigenous,small,Robin Hood All Purpose Flour 2.5kg,5.5,each,TRUE,FALSE,2026-05-21,TRUE
No Frills Burnaby Hastings,V5H 4J4,Robin Hood Flour,Indigenous,bulk,Robin Hood All Purpose Flour 10kg,18.88,each,TRUE,FALSE,2026-05-21,FALSE
No Frills Burnaby Hastings,V5H 4J4,Wild Blueberries,Indigenous,small,PC Canadian Wild Blueberries 400g,4.5,each,TRUE,FALSE,2026-05-21,TRUE
No Frills Burnaby Hastings,V5H 4J4,Wild Blueberries,Indigenous,bulk,PC Wild Blueberries 1.5kg,19.49,each,TRUE,FALSE,2026-05-21,TRUE
No Frills Burnaby Hastings,V5H 4J4,Bison,Indigenous,small,Not available,,each,FALSE,FALSE,2026-05-21,TRUE
No Frills Burnaby Hastings,V5H 4J4,Bison,Indigenous,bulk,Not available,,each,FALSE,FALSE,2026-05-21,TRUE
No Frills Burnaby Hastings,V5H 4J4,Russet Potatoes,Indigenous,small,PC Russet Potatoes 5lb,5.5,each,TRUE,FALSE,2026-05-21,TRUE
No Frills Burnaby Hastings,V5H 4J4,Russet Potatoes,Indigenous,bulk,Farmers Market Russet Potatoes 10lb,6.99,each,TRUE,FALSE,2026-05-21,FALSE
No Frills Burnaby Hastings,V5H 4J4,Whole Milk,Indigenous,small,Dairyland 3.25% Milk 1L,3.04,each,TRUE,FALSE,2026-05-21,FALSE
No Frills Burnaby Hastings,V5H 4J4,Whole Milk,Indigenous,bulk,Dairyland 3.25% Milk 4L,6.11,each,TRUE,FALSE,2026-05-21,FALSE
No Frills Burnaby Hastings,V5H 4J4,Eggs Large,Indigenous,small,No Name Large Eggs 12pk,4.21,each,TRUE,FALSE,2026-05-21,FALSE
No Frills Burnaby Hastings,V5H 4J4,Eggs Large,Indigenous,bulk,Foremost Large Eggs 18pk,7.41,each,TRUE,FALSE,2026-05-21,FALSE
No Frills Burnaby Hastings,V5H 4J4,Pinto Beans,Indigenous,small,Unico Pinto Beans 540ml,2,each,TRUE,FALSE,2026-05-21,FALSE
No Frills Burnaby Hastings,V5H 4J4,Pinto Beans,Indigenous,bulk,No 6-pack available,,each,FALSE,FALSE,2026-05-21,TRUE
No Frills Burnaby Hastings,V5H 4J4,Quaker Oats,Indigenous,small,Quaker Quick Oats 1kg,4.29,each,TRUE,FALSE,2026-05-21,FALSE
No Frills Burnaby Hastings,V5H 4J4,Quaker Oats,Indigenous,bulk,Quaker Quick Oats 2.25kg,7.79,each,TRUE,FALSE,2026-05-21,FALSE
No Frills Burnaby Hastings,V5H 4J4,Crisco Shortening,Indigenous,small,Crisco All-Vegetable Shortening 454g,4.49,each,TRUE,FALSE,2026-05-21,FALSE
No Frills Burnaby Hastings,V5H 4J4,Crisco Shortening,Indigenous,bulk,Crisco All-Vegetable Shortening 1.36kg,12.99,each,TRUE,FALSE,2026-05-21,FALSE
No Frills Burnaby Hastings,V5H 4J4,Whole Wheat Bread,Others,small,Dempsters 100% Whole Wheat Bread 675g,3.29,each,TRUE,FALSE,2026-05-21,TRUE
No Frills Burnaby Hastings,V5H 4J4,Whole Wheat Bread,Others,bulk,No 2-loaf pack available,,each,FALSE,FALSE,2026-05-21,TRUE
No Frills Burnaby Hastings,V5H 4J4,Whole Milk,Others,small,Dairyland 3.25% Milk 1L,3.04,each,TRUE,FALSE,2026-05-21,FALSE
No Frills Burnaby Hastings,V5H 4J4,Whole Milk,Others,bulk,Dairyland 3.25% Milk 4L,6.11,each,TRUE,FALSE,2026-05-21,FALSE
No Frills Burnaby Hastings,V5H 4J4,Eggs Large,Others,small,No Name Large Eggs 12pk,4.21,each,TRUE,FALSE,2026-05-21,FALSE
No Frills Burnaby Hastings,V5H 4J4,Eggs Large,Others,bulk,Foremost Large Eggs 18pk,7.41,each,TRUE,FALSE,2026-05-21,FALSE
No Frills Burnaby Hastings,V5H 4J4,Chicken Breast,Others,small,Maple Leaf Boneless Skinless Chicken Breasts,14,each,TRUE,TRUE,2026-05-21,TRUE
No Frills Burnaby Hastings,V5H 4J4,Chicken Breast,Others,bulk,Halal Chicken Breast Club Pack by weight,16.07,per_kg,TRUE,TRUE,2026-05-21,TRUE
No Frills Burnaby Hastings,V5H 4J4,Russet Potatoes,Others,small,PC Russet Potatoes 5lb,5.5,each,TRUE,FALSE,2026-05-21,FALSE
No Frills Burnaby Hastings,V5H 4J4,Russet Potatoes,Others,bulk,Farmers Market Russet Potatoes 10lb,6.99,each,TRUE,FALSE,2026-05-21,FALSE
No Frills Burnaby Hastings,V5H 4J4,Carrots,Others,small,Farmers Market Carrots 2lb,3.99,each,TRUE,FALSE,2026-05-21,TRUE
No Frills Burnaby Hastings,V5H 4J4,Carrots,Others,bulk,Farmers Market Carrots 5lb OOS,6.99,each,FALSE,FALSE,2026-05-21,FALSE
No Frills Burnaby Hastings,V5H 4J4,Black Beans,Others,small,No Name Black Beans 540ml,1.5,each,TRUE,FALSE,2026-05-21,FALSE
No Frills Burnaby Hastings,V5H 4J4,Black Beans,Others,bulk,No 6-pack available,,each,FALSE,FALSE,2026-05-21,TRUE
No Frills Burnaby Hastings,V5H 4J4,Canola Oil,Others,small,No Name Canola Oil 946ml,4,each,TRUE,FALSE,2026-05-21,TRUE
No Frills Burnaby Hastings,V5H 4J4,Canola Oil,Others,bulk,No Name Canola Oil 3L,9.19,each,TRUE,FALSE,2026-05-21,FALSE
No Frills Burnaby Hastings,V5H 4J4,Quaker Oats,Others,small,Quaker Quick Oats 1kg,4.29,each,TRUE,FALSE,2026-05-21,FALSE
No Frills Burnaby Hastings,V5H 4J4,Quaker Oats,Others,bulk,Quaker Quick Oats 2.25kg,7.79,each,TRUE,FALSE,2026-05-21,FALSE
No Frills Burnaby Hastings,V5H 4J4,Bananas,Others,small,Bananas Bunch by weight OOS,1.72,per_kg,FALSE,TRUE,2026-05-21,TRUE
No Frills Burnaby Hastings,V5H 4J4,Bananas,Others,bulk,Bananas Bunch by weight OOS,1.72,per_kg,FALSE,TRUE,2026-05-21,TRUE
No Frills Coquitlam,V3K 1C3,Basmati Rice,South Asian,small,No Name Basmati Rice 2kg (prices verified same as Burnaby storeId=9482),5,each,TRUE,FALSE,2026-05-21,FALSE
No Frills Coquitlam,V3K 1C3,Basmati Rice,South Asian,bulk,Tilda Pure Basmati Rice 9.07kg (prices verified same as Burnaby storeId=9482),11.99,each,TRUE,FALSE,2026-05-21,TRUE
No Frills Coquitlam,V3K 1C3,Whole Wheat Atta,South Asian,small,Robin Hood Whole Wheat AP Flour 2.5kg (prices verified same as Burnaby storeId=9482),5.5,each,TRUE,FALSE,2026-05-21,TRUE
No Frills Coquitlam,V3K 1C3,Whole Wheat Atta,South Asian,bulk,Aashirvaad Whole Wheat Flour 9.07kg (prices verified same as Burnaby storeId=9482),12.99,each,TRUE,FALSE,2026-05-21,TRUE
No Frills Coquitlam,V3K 1C3,Toor Dal,South Asian,small,Suraj Toor Dal Dry 1.81kg (prices verified same as Burnaby storeId=9482),8,each,TRUE,FALSE,2026-05-21,TRUE
No Frills Coquitlam,V3K 1C3,Toor Dal,South Asian,bulk,Suraj Toor Dal 4kg not found (prices verified same as Burnaby storeId=9482),,each,FALSE,FALSE,2026-05-21,TRUE
No Frills Coquitlam,V3K 1C3,Whole Milk,South Asian,small,Dairyland 3.25% Milk 1L (prices verified same as Burnaby storeId=9482),3.04,each,TRUE,FALSE,2026-05-21,FALSE
No Frills Coquitlam,V3K 1C3,Whole Milk,South Asian,bulk,Dairyland 3.25% Milk 4L (prices verified same as Burnaby storeId=9482),6.11,each,TRUE,FALSE,2026-05-21,FALSE
No Frills Coquitlam,V3K 1C3,Yellow Onions,South Asian,small,Farmers Market Yellow Onions 3lb (prices verified same as Burnaby storeId=9482),3.25,each,TRUE,FALSE,2026-05-21,TRUE
No Frills Coquitlam,V3K 1C3,Yellow Onions,South Asian,bulk,Farmers Market Yellow Onions 10lb (prices verified same as Burnaby storeId=9482),9.49,each,TRUE,FALSE,2026-05-21,TRUE
No Frills Coquitlam,V3K 1C3,Roma Tomatoes,South Asian,small,Roma Tomatoes by weight OOS (prices verified same as Burnaby storeId=9482),7.69,per_kg,FALSE,TRUE,2026-05-21,TRUE
No Frills Coquitlam,V3K 1C3,Roma Tomatoes,South Asian,bulk,Roma Tomatoes 3kg OOS (prices verified same as Burnaby storeId=9482),23.07,per_kg,FALSE,TRUE,2026-05-21,TRUE
No Frills Coquitlam,V3K 1C3,Chicken Thighs,South Asian,small,PC Blue Menu Boneless Skinless Chicken Thighs (prices verified same as Burnaby storeId=9482),15,each,TRUE,TRUE,2026-05-21,TRUE
No Frills Coquitlam,V3K 1C3,Chicken Thighs,South Asian,bulk,Chicken Thighs Club Pack OOS (prices verified same as Burnaby storeId=9482),9.92,per_kg,FALSE,TRUE,2026-05-21,TRUE
No Frills Coquitlam,V3K 1C3,Balkan Yogurt,South Asian,small,Astro Original Balkan Style Plain 750g (prices verified same as Burnaby storeId=9482),3.49,each,TRUE,FALSE,2026-05-21,TRUE
No Frills Coquitlam,V3K 1C3,Balkan Yogurt,South Asian,bulk,Olympic Krema 1.75kg (prices verified same as Burnaby storeId=9482),13.99,each,TRUE,FALSE,2026-05-21,TRUE
No Frills Coquitlam,V3K 1C3,Garlic,South Asian,small,Rooster Garlic Bulbs 3-count (prices verified same as Burnaby storeId=9482),0.99,each,TRUE,FALSE,2026-05-21,FALSE
No Frills Coquitlam,V3K 1C3,Garlic,South Asian,bulk,Garlic Bulbs 1kg (prices verified same as Burnaby storeId=9482),5.99,each,TRUE,FALSE,2026-05-21,TRUE
No Frills Coquitlam,V3K 1C3,Canola Oil,South Asian,small,No Name Canola Oil 946ml (prices verified same as Burnaby storeId=9482),4,each,TRUE,FALSE,2026-05-21,TRUE
No Frills Coquitlam,V3K 1C3,Canola Oil,South Asian,bulk,No Name Canola Oil 3L (prices verified same as Burnaby storeId=9482),9.19,each,TRUE,FALSE,2026-05-21,FALSE
No Frills Coquitlam,V3K 1C3,Jasmine Rice,Chinese,small,Rooster Thai Hom Mali Jasmine Rice 2kg (prices verified same as Burnaby storeId=9482),5,each,TRUE,FALSE,2026-05-21,FALSE
No Frills Coquitlam,V3K 1C3,Jasmine Rice,Chinese,bulk,Rooster Scented Jasmine Rice 8kg (prices verified same as Burnaby storeId=9482),19.99,each,TRUE,FALSE,2026-05-21,TRUE
No Frills Coquitlam,V3K 1C3,Bok Choy,Chinese,small,Baby Bok Choy by weight $6.59/kg (prices verified same as Burnaby storeId=9482),6.59,per_kg,TRUE,TRUE,2026-05-21,TRUE
No Frills Coquitlam,V3K 1C3,Bok Choy,Chinese,bulk,Baby Bok Choy by weight $6.59/kg (prices verified same as Burnaby storeId=9482),6.59,per_kg,TRUE,TRUE,2026-05-21,TRUE
No Frills Coquitlam,V3K 1C3,Firm Tofu,Chinese,small,Sunrise Tofu Extra Firm 350g (prices verified same as Burnaby storeId=9482),3.99,each,TRUE,FALSE,2026-05-21,FALSE
No Frills Coquitlam,V3K 1C3,Firm Tofu,Chinese,bulk,No 2-pack available (prices verified same as Burnaby storeId=9482),,each,FALSE,FALSE,2026-05-21,TRUE
No Frills Coquitlam,V3K 1C3,Kikkoman Soy Sauce,Chinese,small,Kikkoman Soy Sauce 591ml (prices verified same as Burnaby storeId=9482),6.99,each,TRUE,FALSE,2026-05-21,TRUE
No Frills Coquitlam,V3K 1C3,Kikkoman Soy Sauce,Chinese,bulk,Lee Kum Kee Soy Sauce 1.9L (prices verified same as Burnaby storeId=9482),7.99,each,TRUE,FALSE,2026-05-21,TRUE
No Frills Coquitlam,V3K 1C3,Silk Soy Milk,Chinese,small,Silk Soy Milk Alternative 946ml (prices verified same as Burnaby storeId=9482),3,each,TRUE,FALSE,2026-05-21,FALSE
No Frills Coquitlam,V3K 1C3,Silk Soy Milk,Chinese,bulk,Silk Soy Milk Alternative 1.89L (prices verified same as Burnaby storeId=9482),3.75,each,TRUE,FALSE,2026-05-21,TRUE
No Frills Coquitlam,V3K 1C3,Eggs Large,Chinese,small,No Name Large Eggs 12pk (prices verified same as Burnaby storeId=9482),4.21,each,TRUE,FALSE,2026-05-21,FALSE
No Frills Coquitlam,V3K 1C3,Eggs Large,Chinese,bulk,Foremost Large Eggs 18pk (prices verified same as Burnaby storeId=9482),7.41,each,TRUE,FALSE,2026-05-21,FALSE
No Frills Coquitlam,V3K 1C3,Green Onions,Chinese,small,Green Onion 1 each OOS (prices verified same as Burnaby storeId=9482),1.5,each,FALSE,FALSE,2026-05-21,FALSE
No Frills Coquitlam,V3K 1C3,Green Onions,Chinese,bulk,No 3-bunch available (prices verified same as Burnaby storeId=9482),,each,FALSE,FALSE,2026-05-21,TRUE
No Frills Coquitlam,V3K 1C3,Sesame Oil,Chinese,small,Foreway Pure Sesame Oil 370ml (prices verified same as Burnaby storeId=9482),6.49,each,TRUE,FALSE,2026-05-21,TRUE
No Frills Coquitlam,V3K 1C3,Sesame Oil,Chinese,bulk,No 1L sesame oil available (prices verified same as Burnaby storeId=9482),,each,FALSE,FALSE,2026-05-21,TRUE
No Frills Coquitlam,V3K 1C3,Pork Shoulder,Chinese,small,PC Seasoned Pork Shoulder Carnitas 900g (prices verified same as Burnaby storeId=9482),14,each,TRUE,FALSE,2026-05-21,TRUE
No Frills Coquitlam,V3K 1C3,Pork Shoulder,Chinese,bulk,Pork Picnic Shoulder by weight OOS (prices verified same as Burnaby storeId=9482),6.61,per_kg,FALSE,TRUE,2026-05-21,TRUE
No Frills Coquitlam,V3K 1C3,Napa Cabbage,Chinese,small,Chinese Napa Cabbage by weight $4.39/kg (prices verified same as Burnaby storeId=9482),4.39,per_kg,TRUE,TRUE,2026-05-21,TRUE
No Frills Coquitlam,V3K 1C3,Napa Cabbage,Chinese,bulk,Chinese Napa Cabbage by weight $4.39/kg (prices verified same as Burnaby storeId=9482),4.39,per_kg,TRUE,TRUE,2026-05-21,TRUE
No Frills Coquitlam,V3K 1C3,White Rice,Filipino,small,No Name Long Grain White Rice 2kg (prices verified same as Burnaby storeId=9482),5,each,TRUE,FALSE,2026-05-21,FALSE
No Frills Coquitlam,V3K 1C3,White Rice,Filipino,bulk,No Name Long Grain White Rice 8kg (prices verified same as Burnaby storeId=9482),14,each,TRUE,FALSE,2026-05-21,TRUE
No Frills Coquitlam,V3K 1C3,Frozen Tilapia,Filipino,small,Seaquest Tilapia Fillets 400g (prices verified same as Burnaby storeId=9482),7.5,each,TRUE,FALSE,2026-05-21,TRUE
No Frills Coquitlam,V3K 1C3,Frozen Tilapia,Filipino,bulk,Seaquest Tilapia Fillets 1kg OOS (prices verified same as Burnaby storeId=9482),18,each,FALSE,FALSE,2026-05-21,TRUE
No Frills Coquitlam,V3K 1C3,Yellow Onions,Filipino,small,Farmers Market Yellow Onions 3lb (prices verified same as Burnaby storeId=9482),3.25,each,TRUE,FALSE,2026-05-21,TRUE
No Frills Coquitlam,V3K 1C3,Yellow Onions,Filipino,bulk,Farmers Market Yellow Onions 10lb (prices verified same as Burnaby storeId=9482),9.49,each,TRUE,FALSE,2026-05-21,TRUE
No Frills Coquitlam,V3K 1C3,Coconut Milk,Filipino,small,Grace Coconut Milk 400ml (prices verified same as Burnaby storeId=9482),2,each,TRUE,FALSE,2026-05-21,FALSE
No Frills Coquitlam,V3K 1C3,Coconut Milk,Filipino,bulk,No 6-pack available (prices verified same as Burnaby storeId=9482),,each,FALSE,FALSE,2026-05-21,TRUE
No Frills Coquitlam,V3K 1C3,Fish Sauce,Filipino,small,Cock Fish Sauce 200ml (prices verified same as Burnaby storeId=9482),1.99,each,TRUE,FALSE,2026-05-21,TRUE
No Frills Coquitlam,V3K 1C3,Fish Sauce,Filipino,bulk,Squid Brand Fish Sauce 725ml (prices verified same as Burnaby storeId=9482),3.49,each,TRUE,FALSE,2026-05-21,TRUE
No Frills Coquitlam,V3K 1C3,Pork Belly,Filipino,small,Pork Belly by weight $12.77/kg (prices verified same as Burnaby storeId=9482),12.77,per_kg,TRUE,TRUE,2026-05-21,TRUE
No Frills Coquitlam,V3K 1C3,Pork Belly,Filipino,bulk,Pork Belly by weight $12.77/kg (prices verified same as Burnaby storeId=9482),12.77,per_kg,TRUE,TRUE,2026-05-21,TRUE
No Frills Coquitlam,V3K 1C3,Eggs Large,Filipino,small,No Name Large Eggs 12pk (prices verified same as Burnaby storeId=9482),4.21,each,TRUE,FALSE,2026-05-21,FALSE
No Frills Coquitlam,V3K 1C3,Eggs Large,Filipino,bulk,Foremost Large Eggs 18pk (prices verified same as Burnaby storeId=9482),7.41,each,TRUE,FALSE,2026-05-21,FALSE
No Frills Coquitlam,V3K 1C3,Eggplant,Filipino,small,Purple Eggplants by weight $6.59/kg (prices verified same as Burnaby storeId=9482),6.59,per_kg,TRUE,TRUE,2026-05-21,TRUE
No Frills Coquitlam,V3K 1C3,Eggplant,Filipino,bulk,Purple Eggplants by weight $6.59/kg (prices verified same as Burnaby storeId=9482),6.59,per_kg,TRUE,TRUE,2026-05-21,TRUE
No Frills Coquitlam,V3K 1C3,Garlic,Filipino,small,Rooster Garlic Bulbs 3-count (prices verified same as Burnaby storeId=9482),0.99,each,TRUE,FALSE,2026-05-21,FALSE
No Frills Coquitlam,V3K 1C3,Garlic,Filipino,bulk,Garlic Bulbs 1kg (prices verified same as Burnaby storeId=9482),5.99,each,TRUE,FALSE,2026-05-21,TRUE
No Frills Coquitlam,V3K 1C3,Cane Vinegar,Filipino,small,Not available (prices verified same as Burnaby storeId=9482),,each,FALSE,FALSE,2026-05-21,TRUE
No Frills Coquitlam,V3K 1C3,Cane Vinegar,Filipino,bulk,Not available (prices verified same as Burnaby storeId=9482),,each,FALSE,FALSE,2026-05-21,TRUE
No Frills Coquitlam,V3K 1C3,Short Grain Rice,Korean,small,No Name Calrose Medium Grain Rice 2kg (prices verified same as Burnaby storeId=9482),8.99,each,TRUE,FALSE,2026-05-21,TRUE
No Frills Coquitlam,V3K 1C3,Short Grain Rice,Korean,bulk,Botan Calrose Rice 8kg (prices verified same as Burnaby storeId=9482),23.99,each,TRUE,FALSE,2026-05-21,TRUE
No Frills Coquitlam,V3K 1C3,Kimchi,Korean,small,Rooster Kimchi 1kg (prices verified same as Burnaby storeId=9482),11,each,TRUE,FALSE,2026-05-21,FALSE
No Frills Coquitlam,V3K 1C3,Kimchi,Korean,bulk,No 5kg available (prices verified same as Burnaby storeId=9482),,each,FALSE,FALSE,2026-05-21,TRUE
No Frills Coquitlam,V3K 1C3,Gochujang,Korean,small,O Food Hot Pepper Paste 500g OOS (prices verified same as Burnaby storeId=9482),6.49,each,FALSE,FALSE,2026-05-21,FALSE
No Frills Coquitlam,V3K 1C3,Gochujang,Korean,bulk,No 1kg available (prices verified same as Burnaby storeId=9482),,each,FALSE,FALSE,2026-05-21,TRUE
No Frills Coquitlam,V3K 1C3,Bean Sprouts,Korean,small,Bean Sprouts 340g OOS (prices verified same as Burnaby storeId=9482),2.49,each,FALSE,FALSE,2026-05-21,FALSE
No Frills Coquitlam,V3K 1C3,Bean Sprouts,Korean,bulk,Soy Bean Sprouts 454g (prices verified same as Burnaby storeId=9482),1.99,each,TRUE,FALSE,2026-05-21,TRUE
No Frills Coquitlam,V3K 1C3,Ground Beef,Korean,small,Butchers Choice Medium Ground Beef 450g (prices verified same as Burnaby storeId=9482),8.5,each,TRUE,TRUE,2026-05-21,TRUE
No Frills Coquitlam,V3K 1C3,Ground Beef,Korean,bulk,Lean Ground Beef Chub by weight (prices verified same as Burnaby storeId=9482),17.62,per_kg,TRUE,TRUE,2026-05-21,TRUE
No Frills Coquitlam,V3K 1C3,Sesame Oil,Korean,small,Foreway Pure Sesame Oil 370ml (prices verified same as Burnaby storeId=9482),6.49,each,TRUE,FALSE,2026-05-21,TRUE
No Frills Coquitlam,V3K 1C3,Sesame Oil,Korean,bulk,No 1L sesame oil available (prices verified same as Burnaby storeId=9482),,each,FALSE,FALSE,2026-05-21,TRUE
No Frills Coquitlam,V3K 1C3,Nori Seaweed,Korean,small,T&T Korean Roasted Seaweed Laver 15g (prices verified same as Burnaby storeId=9482),1.79,each,TRUE,FALSE,2026-05-21,TRUE
No Frills Coquitlam,V3K 1C3,Nori Seaweed,Korean,bulk,T&T Korean Roasted Seaweed Laver 60g (prices verified same as Burnaby storeId=9482),5.5,each,TRUE,FALSE,2026-05-21,TRUE
No Frills Coquitlam,V3K 1C3,Silken Tofu,Korean,small,Rooster Silken Tofu 454g (prices verified same as Burnaby storeId=9482),2.79,each,TRUE,FALSE,2026-05-21,TRUE
No Frills Coquitlam,V3K 1C3,Silken Tofu,Korean,bulk,No 2-pack available (prices verified same as Burnaby storeId=9482),,each,FALSE,FALSE,2026-05-21,TRUE
No Frills Coquitlam,V3K 1C3,Frozen Mackerel,Korean,small,Not available (prices verified same as Burnaby storeId=9482),,each,FALSE,FALSE,2026-05-21,TRUE
No Frills Coquitlam,V3K 1C3,Frozen Mackerel,Korean,bulk,Not available (prices verified same as Burnaby storeId=9482),,each,FALSE,FALSE,2026-05-21,TRUE
No Frills Coquitlam,V3K 1C3,Eggs Large,Korean,small,No Name Large Eggs 12pk (prices verified same as Burnaby storeId=9482),4.21,each,TRUE,FALSE,2026-05-21,FALSE
No Frills Coquitlam,V3K 1C3,Eggs Large,Korean,bulk,Foremost Large Eggs 18pk (prices verified same as Burnaby storeId=9482),7.41,each,TRUE,FALSE,2026-05-21,FALSE
No Frills Coquitlam,V3K 1C3,Whole Wheat Bread,European,small,Dempsters 100% Whole Wheat Bread 675g (prices verified same as Burnaby storeId=9482),3.29,each,TRUE,FALSE,2026-05-21,TRUE
No Frills Coquitlam,V3K 1C3,Whole Wheat Bread,European,bulk,No 2-loaf pack available (prices verified same as Burnaby storeId=9482),,each,FALSE,FALSE,2026-05-21,TRUE
No Frills Coquitlam,V3K 1C3,Whole Milk,European,small,Dairyland 3.25% Milk 1L (prices verified same as Burnaby storeId=9482),3.04,each,TRUE,FALSE,2026-05-21,FALSE
No Frills Coquitlam,V3K 1C3,Whole Milk,European,bulk,Dairyland 3.25% Milk 4L (prices verified same as Burnaby storeId=9482),6.11,each,TRUE,FALSE,2026-05-21,FALSE
No Frills Coquitlam,V3K 1C3,Cheddar Cheese,European,small,PC Extra Old White Cheddar 400g (prices verified same as Burnaby storeId=9482),6.79,each,TRUE,FALSE,2026-05-21,TRUE
No Frills Coquitlam,V3K 1C3,Cheddar Cheese,European,bulk,No Name Old Cheddar Cheese 700g (prices verified same as Burnaby storeId=9482),8.79,each,TRUE,FALSE,2026-05-21,TRUE
No Frills Coquitlam,V3K 1C3,Eggs Large,European,small,No Name Large Eggs 12pk (prices verified same as Burnaby storeId=9482),4.21,each,TRUE,FALSE,2026-05-21,FALSE
No Frills Coquitlam,V3K 1C3,Eggs Large,European,bulk,Foremost Large Eggs 18pk (prices verified same as Burnaby storeId=9482),7.41,each,TRUE,FALSE,2026-05-21,FALSE
No Frills Coquitlam,V3K 1C3,Ground Beef,European,small,Butchers Choice Medium Ground Beef 450g (prices verified same as Burnaby storeId=9482),8.5,each,TRUE,TRUE,2026-05-21,TRUE
No Frills Coquitlam,V3K 1C3,Ground Beef,European,bulk,Lean Ground Beef Chub by weight (prices verified same as Burnaby storeId=9482),17.62,per_kg,TRUE,TRUE,2026-05-21,TRUE
No Frills Coquitlam,V3K 1C3,Russet Potatoes,European,small,PC Russet Potatoes 5lb (prices verified same as Burnaby storeId=9482),5.5,each,TRUE,FALSE,2026-05-21,FALSE
No Frills Coquitlam,V3K 1C3,Russet Potatoes,European,bulk,Farmers Market Russet Potatoes 10lb (prices verified same as Burnaby storeId=9482),6.99,each,TRUE,FALSE,2026-05-21,FALSE
No Frills Coquitlam,V3K 1C3,Carrots,European,small,Farmers Market Carrots 2lb (prices verified same as Burnaby storeId=9482),3.99,each,TRUE,FALSE,2026-05-21,TRUE
No Frills Coquitlam,V3K 1C3,Carrots,European,bulk,Farmers Market Carrots 5lb OOS (prices verified same as Burnaby storeId=9482),6.99,each,FALSE,FALSE,2026-05-21,FALSE
No Frills Coquitlam,V3K 1C3,Olive Oil,European,small,No Name Extra Virgin Olive Oil 750ml (prices verified same as Burnaby storeId=9482),8.19,each,TRUE,FALSE,2026-05-21,TRUE
No Frills Coquitlam,V3K 1C3,Olive Oil,European,bulk,No 2L available (prices verified same as Burnaby storeId=9482),,each,FALSE,FALSE,2026-05-21,TRUE
No Frills Coquitlam,V3K 1C3,Diced Tomatoes,European,small,No Name Diced Tomatoes 796ml (prices verified same as Burnaby storeId=9482),2,each,TRUE,FALSE,2026-05-21,FALSE
No Frills Coquitlam,V3K 1C3,Diced Tomatoes,European,bulk,No 6-pack available (prices verified same as Burnaby storeId=9482),,each,FALSE,FALSE,2026-05-21,TRUE
No Frills Coquitlam,V3K 1C3,Greek Yogurt,European,small,PC Plain Greek Yogurt 750g (prices verified same as Burnaby storeId=9482),6,each,TRUE,FALSE,2026-05-21,TRUE
No Frills Coquitlam,V3K 1C3,Greek Yogurt,European,bulk,PC Plain Greek Yogurt Club 1kg (prices verified same as Burnaby storeId=9482),7,each,TRUE,FALSE,2026-05-21,TRUE
No Frills Coquitlam,V3K 1C3,Gold Seal Salmon,Indigenous,small,GoldSeal Salmon Sockeye 213g (prices verified same as Burnaby storeId=9482),6.99,each,TRUE,FALSE,2026-05-21,FALSE
No Frills Coquitlam,V3K 1C3,Gold Seal Salmon,Indigenous,bulk,No 6-pack available (prices verified same as Burnaby storeId=9482),,each,FALSE,FALSE,2026-05-21,TRUE
No Frills Coquitlam,V3K 1C3,Robin Hood Flour,Indigenous,small,Robin Hood All Purpose Flour 2.5kg (prices verified same as Burnaby storeId=9482),5.5,each,TRUE,FALSE,2026-05-21,TRUE
No Frills Coquitlam,V3K 1C3,Robin Hood Flour,Indigenous,bulk,Robin Hood All Purpose Flour 10kg (prices verified same as Burnaby storeId=9482),18.88,each,TRUE,FALSE,2026-05-21,FALSE
No Frills Coquitlam,V3K 1C3,Wild Blueberries,Indigenous,small,PC Canadian Wild Blueberries 400g (prices verified same as Burnaby storeId=9482),4.5,each,TRUE,FALSE,2026-05-21,TRUE
No Frills Coquitlam,V3K 1C3,Wild Blueberries,Indigenous,bulk,PC Wild Blueberries 1.5kg (prices verified same as Burnaby storeId=9482),19.49,each,TRUE,FALSE,2026-05-21,TRUE
No Frills Coquitlam,V3K 1C3,Bison,Indigenous,small,Not available (prices verified same as Burnaby storeId=9482),,each,FALSE,FALSE,2026-05-21,TRUE
No Frills Coquitlam,V3K 1C3,Bison,Indigenous,bulk,Not available (prices verified same as Burnaby storeId=9482),,each,FALSE,FALSE,2026-05-21,TRUE
No Frills Coquitlam,V3K 1C3,Russet Potatoes,Indigenous,small,PC Russet Potatoes 5lb (prices verified same as Burnaby storeId=9482),5.5,each,TRUE,FALSE,2026-05-21,TRUE
No Frills Coquitlam,V3K 1C3,Russet Potatoes,Indigenous,bulk,Farmers Market Russet Potatoes 10lb (prices verified same as Burnaby storeId=9482),6.99,each,TRUE,FALSE,2026-05-21,FALSE
No Frills Coquitlam,V3K 1C3,Whole Milk,Indigenous,small,Dairyland 3.25% Milk 1L (prices verified same as Burnaby storeId=9482),3.04,each,TRUE,FALSE,2026-05-21,FALSE
No Frills Coquitlam,V3K 1C3,Whole Milk,Indigenous,bulk,Dairyland 3.25% Milk 4L (prices verified same as Burnaby storeId=9482),6.11,each,TRUE,FALSE,2026-05-21,FALSE
No Frills Coquitlam,V3K 1C3,Eggs Large,Indigenous,small,No Name Large Eggs 12pk (prices verified same as Burnaby storeId=9482),4.21,each,TRUE,FALSE,2026-05-21,FALSE
No Frills Coquitlam,V3K 1C3,Eggs Large,Indigenous,bulk,Foremost Large Eggs 18pk (prices verified same as Burnaby storeId=9482),7.41,each,TRUE,FALSE,2026-05-21,FALSE
No Frills Coquitlam,V3K 1C3,Pinto Beans,Indigenous,small,Unico Pinto Beans 540ml (prices verified same as Burnaby storeId=9482),2,each,TRUE,FALSE,2026-05-21,FALSE
No Frills Coquitlam,V3K 1C3,Pinto Beans,Indigenous,bulk,No 6-pack available (prices verified same as Burnaby storeId=9482),,each,FALSE,FALSE,2026-05-21,TRUE
No Frills Coquitlam,V3K 1C3,Quaker Oats,Indigenous,small,Quaker Quick Oats 1kg (prices verified same as Burnaby storeId=9482),4.29,each,TRUE,FALSE,2026-05-21,FALSE
No Frills Coquitlam,V3K 1C3,Quaker Oats,Indigenous,bulk,Quaker Quick Oats 2.25kg (prices verified same as Burnaby storeId=9482),7.79,each,TRUE,FALSE,2026-05-21,FALSE
No Frills Coquitlam,V3K 1C3,Crisco Shortening,Indigenous,small,Crisco All-Vegetable Shortening 454g (prices verified same as Burnaby storeId=9482),4.49,each,TRUE,FALSE,2026-05-21,FALSE
No Frills Coquitlam,V3K 1C3,Crisco Shortening,Indigenous,bulk,Crisco All-Vegetable Shortening 1.36kg (prices verified same as Burnaby storeId=9482),12.99,each,TRUE,FALSE,2026-05-21,FALSE
No Frills Coquitlam,V3K 1C3,Whole Wheat Bread,Others,small,Dempsters 100% Whole Wheat Bread 675g (prices verified same as Burnaby storeId=9482),3.29,each,TRUE,FALSE,2026-05-21,TRUE
No Frills Coquitlam,V3K 1C3,Whole Wheat Bread,Others,bulk,No 2-loaf pack available (prices verified same as Burnaby storeId=9482),,each,FALSE,FALSE,2026-05-21,TRUE
No Frills Coquitlam,V3K 1C3,Whole Milk,Others,small,Dairyland 3.25% Milk 1L (prices verified same as Burnaby storeId=9482),3.04,each,TRUE,FALSE,2026-05-21,FALSE
No Frills Coquitlam,V3K 1C3,Whole Milk,Others,bulk,Dairyland 3.25% Milk 4L (prices verified same as Burnaby storeId=9482),6.11,each,TRUE,FALSE,2026-05-21,FALSE
No Frills Coquitlam,V3K 1C3,Eggs Large,Others,small,No Name Large Eggs 12pk (prices verified same as Burnaby storeId=9482),4.21,each,TRUE,FALSE,2026-05-21,FALSE
No Frills Coquitlam,V3K 1C3,Eggs Large,Others,bulk,Foremost Large Eggs 18pk (prices verified same as Burnaby storeId=9482),7.41,each,TRUE,FALSE,2026-05-21,FALSE
No Frills Coquitlam,V3K 1C3,Chicken Breast,Others,small,Maple Leaf Boneless Skinless Chicken Breasts (prices verified same as Burnaby storeId=9482),14,each,TRUE,TRUE,2026-05-21,TRUE
No Frills Coquitlam,V3K 1C3,Chicken Breast,Others,bulk,Halal Chicken Breast Club Pack by weight (prices verified same as Burnaby storeId=9482),16.07,per_kg,TRUE,TRUE,2026-05-21,TRUE
No Frills Coquitlam,V3K 1C3,Russet Potatoes,Others,small,PC Russet Potatoes 5lb (prices verified same as Burnaby storeId=9482),5.5,each,TRUE,FALSE,2026-05-21,FALSE
No Frills Coquitlam,V3K 1C3,Russet Potatoes,Others,bulk,Farmers Market Russet Potatoes 10lb (prices verified same as Burnaby storeId=9482),6.99,each,TRUE,FALSE,2026-05-21,FALSE
No Frills Coquitlam,V3K 1C3,Carrots,Others,small,Farmers Market Carrots 2lb (prices verified same as Burnaby storeId=9482),3.99,each,TRUE,FALSE,2026-05-21,TRUE
No Frills Coquitlam,V3K 1C3,Carrots,Others,bulk,Farmers Market Carrots 5lb OOS (prices verified same as Burnaby storeId=9482),6.99,each,FALSE,FALSE,2026-05-21,FALSE
No Frills Coquitlam,V3K 1C3,Black Beans,Others,small,No Name Black Beans 540ml (prices verified same as Burnaby storeId=9482),1.5,each,TRUE,FALSE,2026-05-21,FALSE
No Frills Coquitlam,V3K 1C3,Black Beans,Others,bulk,No 6-pack available (prices verified same as Burnaby storeId=9482),,each,FALSE,FALSE,2026-05-21,TRUE
No Frills Coquitlam,V3K 1C3,Canola Oil,Others,small,No Name Canola Oil 946ml (prices verified same as Burnaby storeId=9482),4,each,TRUE,FALSE,2026-05-21,TRUE
No Frills Coquitlam,V3K 1C3,Canola Oil,Others,bulk,No Name Canola Oil 3L (prices verified same as Burnaby storeId=9482),9.19,each,TRUE,FALSE,2026-05-21,FALSE
No Frills Coquitlam,V3K 1C3,Quaker Oats,Others,small,Quaker Quick Oats 1kg (prices verified same as Burnaby storeId=9482),4.29,each,TRUE,FALSE,2026-05-21,FALSE
No Frills Coquitlam,V3K 1C3,Quaker Oats,Others,bulk,Quaker Quick Oats 2.25kg (prices verified same as Burnaby storeId=9482),7.79,each,TRUE,FALSE,2026-05-21,FALSE
No Frills Coquitlam,V3K 1C3,Bananas,Others,small,Bananas Bunch by weight OOS (prices verified same as Burnaby storeId=9482),1.72,per_kg,FALSE,TRUE,2026-05-21,TRUE
No Frills Coquitlam,V3K 1C3,Bananas,Others,bulk,Bananas Bunch by weight OOS (prices verified same as Burnaby storeId=9482),1.72,per_kg,FALSE,TRUE,2026-05-21,TRUE
No Frills Surrey,V3W 2P5,Basmati Rice,South Asian,small,No Name Basmati Rice 2kg (prices verified same as Burnaby storeId=9482),5,each,TRUE,FALSE,2026-05-21,FALSE
No Frills Surrey,V3W 2P5,Basmati Rice,South Asian,bulk,Tilda Pure Basmati Rice 9.07kg (prices verified same as Burnaby storeId=9482),11.99,each,TRUE,FALSE,2026-05-21,TRUE
No Frills Surrey,V3W 2P5,Whole Wheat Atta,South Asian,small,Robin Hood Whole Wheat AP Flour 2.5kg (prices verified same as Burnaby storeId=9482),5.5,each,TRUE,FALSE,2026-05-21,TRUE
No Frills Surrey,V3W 2P5,Whole Wheat Atta,South Asian,bulk,Aashirvaad Whole Wheat Flour 9.07kg (prices verified same as Burnaby storeId=9482),12.99,each,TRUE,FALSE,2026-05-21,TRUE
No Frills Surrey,V3W 2P5,Toor Dal,South Asian,small,Suraj Toor Dal Dry 1.81kg (prices verified same as Burnaby storeId=9482),8,each,TRUE,FALSE,2026-05-21,TRUE
No Frills Surrey,V3W 2P5,Toor Dal,South Asian,bulk,Suraj Toor Dal 4kg not found (prices verified same as Burnaby storeId=9482),,each,FALSE,FALSE,2026-05-21,TRUE
No Frills Surrey,V3W 2P5,Whole Milk,South Asian,small,Dairyland 3.25% Milk 1L (prices verified same as Burnaby storeId=9482),3.04,each,TRUE,FALSE,2026-05-21,FALSE
No Frills Surrey,V3W 2P5,Whole Milk,South Asian,bulk,Dairyland 3.25% Milk 4L (prices verified same as Burnaby storeId=9482),6.11,each,TRUE,FALSE,2026-05-21,FALSE
No Frills Surrey,V3W 2P5,Yellow Onions,South Asian,small,Farmers Market Yellow Onions 3lb (prices verified same as Burnaby storeId=9482),3.25,each,TRUE,FALSE,2026-05-21,TRUE
No Frills Surrey,V3W 2P5,Yellow Onions,South Asian,bulk,Farmers Market Yellow Onions 10lb (prices verified same as Burnaby storeId=9482),9.49,each,TRUE,FALSE,2026-05-21,TRUE
No Frills Surrey,V3W 2P5,Roma Tomatoes,South Asian,small,Roma Tomatoes by weight OOS (prices verified same as Burnaby storeId=9482),7.69,per_kg,FALSE,TRUE,2026-05-21,TRUE
No Frills Surrey,V3W 2P5,Roma Tomatoes,South Asian,bulk,Roma Tomatoes 3kg OOS (prices verified same as Burnaby storeId=9482),23.07,per_kg,FALSE,TRUE,2026-05-21,TRUE
No Frills Surrey,V3W 2P5,Chicken Thighs,South Asian,small,PC Blue Menu Boneless Skinless Chicken Thighs (prices verified same as Burnaby storeId=9482),15,each,TRUE,TRUE,2026-05-21,TRUE
No Frills Surrey,V3W 2P5,Chicken Thighs,South Asian,bulk,Chicken Thighs Club Pack OOS (prices verified same as Burnaby storeId=9482),9.92,per_kg,FALSE,TRUE,2026-05-21,TRUE
No Frills Surrey,V3W 2P5,Balkan Yogurt,South Asian,small,Astro Original Balkan Style Plain 750g (prices verified same as Burnaby storeId=9482),3.49,each,TRUE,FALSE,2026-05-21,TRUE
No Frills Surrey,V3W 2P5,Balkan Yogurt,South Asian,bulk,Olympic Krema 1.75kg (prices verified same as Burnaby storeId=9482),13.99,each,TRUE,FALSE,2026-05-21,TRUE
No Frills Surrey,V3W 2P5,Garlic,South Asian,small,Rooster Garlic Bulbs 3-count (prices verified same as Burnaby storeId=9482),0.99,each,TRUE,FALSE,2026-05-21,FALSE
No Frills Surrey,V3W 2P5,Garlic,South Asian,bulk,Garlic Bulbs 1kg (prices verified same as Burnaby storeId=9482),5.99,each,TRUE,FALSE,2026-05-21,TRUE
No Frills Surrey,V3W 2P5,Canola Oil,South Asian,small,No Name Canola Oil 946ml (prices verified same as Burnaby storeId=9482),4,each,TRUE,FALSE,2026-05-21,TRUE
No Frills Surrey,V3W 2P5,Canola Oil,South Asian,bulk,No Name Canola Oil 3L (prices verified same as Burnaby storeId=9482),9.19,each,TRUE,FALSE,2026-05-21,FALSE
No Frills Surrey,V3W 2P5,Jasmine Rice,Chinese,small,Rooster Thai Hom Mali Jasmine Rice 2kg (prices verified same as Burnaby storeId=9482),5,each,TRUE,FALSE,2026-05-21,FALSE
No Frills Surrey,V3W 2P5,Jasmine Rice,Chinese,bulk,Rooster Scented Jasmine Rice 8kg (prices verified same as Burnaby storeId=9482),19.99,each,TRUE,FALSE,2026-05-21,TRUE
No Frills Surrey,V3W 2P5,Bok Choy,Chinese,small,Baby Bok Choy by weight $6.59/kg (prices verified same as Burnaby storeId=9482),6.59,per_kg,TRUE,TRUE,2026-05-21,TRUE
No Frills Surrey,V3W 2P5,Bok Choy,Chinese,bulk,Baby Bok Choy by weight $6.59/kg (prices verified same as Burnaby storeId=9482),6.59,per_kg,TRUE,TRUE,2026-05-21,TRUE
No Frills Surrey,V3W 2P5,Firm Tofu,Chinese,small,Sunrise Tofu Extra Firm 350g (prices verified same as Burnaby storeId=9482),3.99,each,TRUE,FALSE,2026-05-21,FALSE
No Frills Surrey,V3W 2P5,Firm Tofu,Chinese,bulk,No 2-pack available (prices verified same as Burnaby storeId=9482),,each,FALSE,FALSE,2026-05-21,TRUE
No Frills Surrey,V3W 2P5,Kikkoman Soy Sauce,Chinese,small,Kikkoman Soy Sauce 591ml (prices verified same as Burnaby storeId=9482),6.99,each,TRUE,FALSE,2026-05-21,TRUE
No Frills Surrey,V3W 2P5,Kikkoman Soy Sauce,Chinese,bulk,Lee Kum Kee Soy Sauce 1.9L (prices verified same as Burnaby storeId=9482),7.99,each,TRUE,FALSE,2026-05-21,TRUE
No Frills Surrey,V3W 2P5,Silk Soy Milk,Chinese,small,Silk Soy Milk Alternative 946ml (prices verified same as Burnaby storeId=9482),3,each,TRUE,FALSE,2026-05-21,FALSE
No Frills Surrey,V3W 2P5,Silk Soy Milk,Chinese,bulk,Silk Soy Milk Alternative 1.89L (prices verified same as Burnaby storeId=9482),3.75,each,TRUE,FALSE,2026-05-21,TRUE
No Frills Surrey,V3W 2P5,Eggs Large,Chinese,small,No Name Large Eggs 12pk (prices verified same as Burnaby storeId=9482),4.21,each,TRUE,FALSE,2026-05-21,FALSE
No Frills Surrey,V3W 2P5,Eggs Large,Chinese,bulk,Foremost Large Eggs 18pk (prices verified same as Burnaby storeId=9482),7.41,each,TRUE,FALSE,2026-05-21,FALSE
No Frills Surrey,V3W 2P5,Green Onions,Chinese,small,Green Onion 1 each OOS (prices verified same as Burnaby storeId=9482),1.5,each,FALSE,FALSE,2026-05-21,FALSE
No Frills Surrey,V3W 2P5,Green Onions,Chinese,bulk,No 3-bunch available (prices verified same as Burnaby storeId=9482),,each,FALSE,FALSE,2026-05-21,TRUE
No Frills Surrey,V3W 2P5,Sesame Oil,Chinese,small,Foreway Pure Sesame Oil 370ml (prices verified same as Burnaby storeId=9482),6.49,each,TRUE,FALSE,2026-05-21,TRUE
No Frills Surrey,V3W 2P5,Sesame Oil,Chinese,bulk,No 1L sesame oil available (prices verified same as Burnaby storeId=9482),,each,FALSE,FALSE,2026-05-21,TRUE
No Frills Surrey,V3W 2P5,Pork Shoulder,Chinese,small,PC Seasoned Pork Shoulder Carnitas 900g (prices verified same as Burnaby storeId=9482),14,each,TRUE,FALSE,2026-05-21,TRUE
No Frills Surrey,V3W 2P5,Pork Shoulder,Chinese,bulk,Pork Picnic Shoulder by weight OOS (prices verified same as Burnaby storeId=9482),6.61,per_kg,FALSE,TRUE,2026-05-21,TRUE
No Frills Surrey,V3W 2P5,Napa Cabbage,Chinese,small,Chinese Napa Cabbage by weight $4.39/kg (prices verified same as Burnaby storeId=9482),4.39,per_kg,TRUE,TRUE,2026-05-21,TRUE
No Frills Surrey,V3W 2P5,Napa Cabbage,Chinese,bulk,Chinese Napa Cabbage by weight $4.39/kg (prices verified same as Burnaby storeId=9482),4.39,per_kg,TRUE,TRUE,2026-05-21,TRUE
No Frills Surrey,V3W 2P5,White Rice,Filipino,small,No Name Long Grain White Rice 2kg (prices verified same as Burnaby storeId=9482),5,each,TRUE,FALSE,2026-05-21,FALSE
No Frills Surrey,V3W 2P5,White Rice,Filipino,bulk,No Name Long Grain White Rice 8kg (prices verified same as Burnaby storeId=9482),14,each,TRUE,FALSE,2026-05-21,TRUE
No Frills Surrey,V3W 2P5,Frozen Tilapia,Filipino,small,Seaquest Tilapia Fillets 400g (prices verified same as Burnaby storeId=9482),7.5,each,TRUE,FALSE,2026-05-21,TRUE
No Frills Surrey,V3W 2P5,Frozen Tilapia,Filipino,bulk,Seaquest Tilapia Fillets 1kg OOS (prices verified same as Burnaby storeId=9482),18,each,FALSE,FALSE,2026-05-21,TRUE
No Frills Surrey,V3W 2P5,Yellow Onions,Filipino,small,Farmers Market Yellow Onions 3lb (prices verified same as Burnaby storeId=9482),3.25,each,TRUE,FALSE,2026-05-21,TRUE
No Frills Surrey,V3W 2P5,Yellow Onions,Filipino,bulk,Farmers Market Yellow Onions 10lb (prices verified same as Burnaby storeId=9482),9.49,each,TRUE,FALSE,2026-05-21,TRUE
No Frills Surrey,V3W 2P5,Coconut Milk,Filipino,small,Grace Coconut Milk 400ml (prices verified same as Burnaby storeId=9482),2,each,TRUE,FALSE,2026-05-21,FALSE
No Frills Surrey,V3W 2P5,Coconut Milk,Filipino,bulk,No 6-pack available (prices verified same as Burnaby storeId=9482),,each,FALSE,FALSE,2026-05-21,TRUE
No Frills Surrey,V3W 2P5,Fish Sauce,Filipino,small,Cock Fish Sauce 200ml (prices verified same as Burnaby storeId=9482),1.99,each,TRUE,FALSE,2026-05-21,TRUE
No Frills Surrey,V3W 2P5,Fish Sauce,Filipino,bulk,Squid Brand Fish Sauce 725ml (prices verified same as Burnaby storeId=9482),3.49,each,TRUE,FALSE,2026-05-21,TRUE
No Frills Surrey,V3W 2P5,Pork Belly,Filipino,small,Pork Belly by weight $12.77/kg (prices verified same as Burnaby storeId=9482),12.77,per_kg,TRUE,TRUE,2026-05-21,TRUE
No Frills Surrey,V3W 2P5,Pork Belly,Filipino,bulk,Pork Belly by weight $12.77/kg (prices verified same as Burnaby storeId=9482),12.77,per_kg,TRUE,TRUE,2026-05-21,TRUE
No Frills Surrey,V3W 2P5,Eggs Large,Filipino,small,No Name Large Eggs 12pk (prices verified same as Burnaby storeId=9482),4.21,each,TRUE,FALSE,2026-05-21,FALSE
No Frills Surrey,V3W 2P5,Eggs Large,Filipino,bulk,Foremost Large Eggs 18pk (prices verified same as Burnaby storeId=9482),7.41,each,TRUE,FALSE,2026-05-21,FALSE
No Frills Surrey,V3W 2P5,Eggplant,Filipino,small,Purple Eggplants by weight $6.59/kg (prices verified same as Burnaby storeId=9482),6.59,per_kg,TRUE,TRUE,2026-05-21,TRUE
No Frills Surrey,V3W 2P5,Eggplant,Filipino,bulk,Purple Eggplants by weight $6.59/kg (prices verified same as Burnaby storeId=9482),6.59,per_kg,TRUE,TRUE,2026-05-21,TRUE
No Frills Surrey,V3W 2P5,Garlic,Filipino,small,Rooster Garlic Bulbs 3-count (prices verified same as Burnaby storeId=9482),0.99,each,TRUE,FALSE,2026-05-21,FALSE
No Frills Surrey,V3W 2P5,Garlic,Filipino,bulk,Garlic Bulbs 1kg (prices verified same as Burnaby storeId=9482),5.99,each,TRUE,FALSE,2026-05-21,TRUE
No Frills Surrey,V3W 2P5,Cane Vinegar,Filipino,small,Not available (prices verified same as Burnaby storeId=9482),,each,FALSE,FALSE,2026-05-21,TRUE
No Frills Surrey,V3W 2P5,Cane Vinegar,Filipino,bulk,Not available (prices verified same as Burnaby storeId=9482),,each,FALSE,FALSE,2026-05-21,TRUE
No Frills Surrey,V3W 2P5,Short Grain Rice,Korean,small,No Name Calrose Medium Grain Rice 2kg (prices verified same as Burnaby storeId=9482),8.99,each,TRUE,FALSE,2026-05-21,TRUE
No Frills Surrey,V3W 2P5,Short Grain Rice,Korean,bulk,Botan Calrose Rice 8kg (prices verified same as Burnaby storeId=9482),23.99,each,TRUE,FALSE,2026-05-21,TRUE
No Frills Surrey,V3W 2P5,Kimchi,Korean,small,Rooster Kimchi 1kg (prices verified same as Burnaby storeId=9482),11,each,TRUE,FALSE,2026-05-21,FALSE
No Frills Surrey,V3W 2P5,Kimchi,Korean,bulk,No 5kg available (prices verified same as Burnaby storeId=9482),,each,FALSE,FALSE,2026-05-21,TRUE
No Frills Surrey,V3W 2P5,Gochujang,Korean,small,O Food Hot Pepper Paste 500g OOS (prices verified same as Burnaby storeId=9482),6.49,each,FALSE,FALSE,2026-05-21,FALSE
No Frills Surrey,V3W 2P5,Gochujang,Korean,bulk,No 1kg available (prices verified same as Burnaby storeId=9482),,each,FALSE,FALSE,2026-05-21,TRUE
No Frills Surrey,V3W 2P5,Bean Sprouts,Korean,small,Bean Sprouts 340g OOS (prices verified same as Burnaby storeId=9482),2.49,each,FALSE,FALSE,2026-05-21,FALSE
No Frills Surrey,V3W 2P5,Bean Sprouts,Korean,bulk,Soy Bean Sprouts 454g (prices verified same as Burnaby storeId=9482),1.99,each,TRUE,FALSE,2026-05-21,TRUE
No Frills Surrey,V3W 2P5,Ground Beef,Korean,small,Butchers Choice Medium Ground Beef 450g (prices verified same as Burnaby storeId=9482),8.5,each,TRUE,TRUE,2026-05-21,TRUE
No Frills Surrey,V3W 2P5,Ground Beef,Korean,bulk,Lean Ground Beef Chub by weight (prices verified same as Burnaby storeId=9482),17.62,per_kg,TRUE,TRUE,2026-05-21,TRUE
No Frills Surrey,V3W 2P5,Sesame Oil,Korean,small,Foreway Pure Sesame Oil 370ml (prices verified same as Burnaby storeId=9482),6.49,each,TRUE,FALSE,2026-05-21,TRUE
No Frills Surrey,V3W 2P5,Sesame Oil,Korean,bulk,No 1L sesame oil available (prices verified same as Burnaby storeId=9482),,each,FALSE,FALSE,2026-05-21,TRUE
No Frills Surrey,V3W 2P5,Nori Seaweed,Korean,small,T&T Korean Roasted Seaweed Laver 15g (prices verified same as Burnaby storeId=9482),1.79,each,TRUE,FALSE,2026-05-21,TRUE
No Frills Surrey,V3W 2P5,Nori Seaweed,Korean,bulk,T&T Korean Roasted Seaweed Laver 60g (prices verified same as Burnaby storeId=9482),5.5,each,TRUE,FALSE,2026-05-21,TRUE
No Frills Surrey,V3W 2P5,Silken Tofu,Korean,small,Rooster Silken Tofu 454g (prices verified same as Burnaby storeId=9482),2.79,each,TRUE,FALSE,2026-05-21,TRUE
No Frills Surrey,V3W 2P5,Silken Tofu,Korean,bulk,No 2-pack available (prices verified same as Burnaby storeId=9482),,each,FALSE,FALSE,2026-05-21,TRUE
No Frills Surrey,V3W 2P5,Frozen Mackerel,Korean,small,Not available (prices verified same as Burnaby storeId=9482),,each,FALSE,FALSE,2026-05-21,TRUE
No Frills Surrey,V3W 2P5,Frozen Mackerel,Korean,bulk,Not available (prices verified same as Burnaby storeId=9482),,each,FALSE,FALSE,2026-05-21,TRUE
No Frills Surrey,V3W 2P5,Eggs Large,Korean,small,No Name Large Eggs 12pk (prices verified same as Burnaby storeId=9482),4.21,each,TRUE,FALSE,2026-05-21,FALSE
No Frills Surrey,V3W 2P5,Eggs Large,Korean,bulk,Foremost Large Eggs 18pk (prices verified same as Burnaby storeId=9482),7.41,each,TRUE,FALSE,2026-05-21,FALSE
No Frills Surrey,V3W 2P5,Whole Wheat Bread,European,small,Dempsters 100% Whole Wheat Bread 675g (prices verified same as Burnaby storeId=9482),3.29,each,TRUE,FALSE,2026-05-21,TRUE
No Frills Surrey,V3W 2P5,Whole Wheat Bread,European,bulk,No 2-loaf pack available (prices verified same as Burnaby storeId=9482),,each,FALSE,FALSE,2026-05-21,TRUE
No Frills Surrey,V3W 2P5,Whole Milk,European,small,Dairyland 3.25% Milk 1L (prices verified same as Burnaby storeId=9482),3.04,each,TRUE,FALSE,2026-05-21,FALSE
No Frills Surrey,V3W 2P5,Whole Milk,European,bulk,Dairyland 3.25% Milk 4L (prices verified same as Burnaby storeId=9482),6.11,each,TRUE,FALSE,2026-05-21,FALSE
No Frills Surrey,V3W 2P5,Cheddar Cheese,European,small,PC Extra Old White Cheddar 400g (prices verified same as Burnaby storeId=9482),6.79,each,TRUE,FALSE,2026-05-21,TRUE
No Frills Surrey,V3W 2P5,Cheddar Cheese,European,bulk,No Name Old Cheddar Cheese 700g (prices verified same as Burnaby storeId=9482),8.79,each,TRUE,FALSE,2026-05-21,TRUE
No Frills Surrey,V3W 2P5,Eggs Large,European,small,No Name Large Eggs 12pk (prices verified same as Burnaby storeId=9482),4.21,each,TRUE,FALSE,2026-05-21,FALSE
No Frills Surrey,V3W 2P5,Eggs Large,European,bulk,Foremost Large Eggs 18pk (prices verified same as Burnaby storeId=9482),7.41,each,TRUE,FALSE,2026-05-21,FALSE
No Frills Surrey,V3W 2P5,Ground Beef,European,small,Butchers Choice Medium Ground Beef 450g (prices verified same as Burnaby storeId=9482),8.5,each,TRUE,TRUE,2026-05-21,TRUE
No Frills Surrey,V3W 2P5,Ground Beef,European,bulk,Lean Ground Beef Chub by weight (prices verified same as Burnaby storeId=9482),17.62,per_kg,TRUE,TRUE,2026-05-21,TRUE
No Frills Surrey,V3W 2P5,Russet Potatoes,European,small,PC Russet Potatoes 5lb (prices verified same as Burnaby storeId=9482),5.5,each,TRUE,FALSE,2026-05-21,FALSE
No Frills Surrey,V3W 2P5,Russet Potatoes,European,bulk,Farmers Market Russet Potatoes 10lb (prices verified same as Burnaby storeId=9482),6.99,each,TRUE,FALSE,2026-05-21,FALSE
No Frills Surrey,V3W 2P5,Carrots,European,small,Farmers Market Carrots 2lb (prices verified same as Burnaby storeId=9482),3.99,each,TRUE,FALSE,2026-05-21,TRUE
No Frills Surrey,V3W 2P5,Carrots,European,bulk,Farmers Market Carrots 5lb OOS (prices verified same as Burnaby storeId=9482),6.99,each,FALSE,FALSE,2026-05-21,FALSE
No Frills Surrey,V3W 2P5,Olive Oil,European,small,No Name Extra Virgin Olive Oil 750ml (prices verified same as Burnaby storeId=9482),8.19,each,TRUE,FALSE,2026-05-21,TRUE
No Frills Surrey,V3W 2P5,Olive Oil,European,bulk,No 2L available (prices verified same as Burnaby storeId=9482),,each,FALSE,FALSE,2026-05-21,TRUE
No Frills Surrey,V3W 2P5,Diced Tomatoes,European,small,No Name Diced Tomatoes 796ml (prices verified same as Burnaby storeId=9482),2,each,TRUE,FALSE,2026-05-21,FALSE
No Frills Surrey,V3W 2P5,Diced Tomatoes,European,bulk,No 6-pack available (prices verified same as Burnaby storeId=9482),,each,FALSE,FALSE,2026-05-21,TRUE
No Frills Surrey,V3W 2P5,Greek Yogurt,European,small,PC Plain Greek Yogurt 750g (prices verified same as Burnaby storeId=9482),6,each,TRUE,FALSE,2026-05-21,TRUE
No Frills Surrey,V3W 2P5,Greek Yogurt,European,bulk,PC Plain Greek Yogurt Club 1kg (prices verified same as Burnaby storeId=9482),7,each,TRUE,FALSE,2026-05-21,TRUE
No Frills Surrey,V3W 2P5,Gold Seal Salmon,Indigenous,small,GoldSeal Salmon Sockeye 213g (prices verified same as Burnaby storeId=9482),6.99,each,TRUE,FALSE,2026-05-21,FALSE
No Frills Surrey,V3W 2P5,Gold Seal Salmon,Indigenous,bulk,No 6-pack available (prices verified same as Burnaby storeId=9482),,each,FALSE,FALSE,2026-05-21,TRUE
No Frills Surrey,V3W 2P5,Robin Hood Flour,Indigenous,small,Robin Hood All Purpose Flour 2.5kg (prices verified same as Burnaby storeId=9482),5.5,each,TRUE,FALSE,2026-05-21,TRUE
No Frills Surrey,V3W 2P5,Robin Hood Flour,Indigenous,bulk,Robin Hood All Purpose Flour 10kg (prices verified same as Burnaby storeId=9482),18.88,each,TRUE,FALSE,2026-05-21,FALSE
No Frills Surrey,V3W 2P5,Wild Blueberries,Indigenous,small,PC Canadian Wild Blueberries 400g (prices verified same as Burnaby storeId=9482),4.5,each,TRUE,FALSE,2026-05-21,TRUE
No Frills Surrey,V3W 2P5,Wild Blueberries,Indigenous,bulk,PC Wild Blueberries 1.5kg (prices verified same as Burnaby storeId=9482),19.49,each,TRUE,FALSE,2026-05-21,TRUE
No Frills Surrey,V3W 2P5,Bison,Indigenous,small,Not available (prices verified same as Burnaby storeId=9482),,each,FALSE,FALSE,2026-05-21,TRUE
No Frills Surrey,V3W 2P5,Bison,Indigenous,bulk,Not available (prices verified same as Burnaby storeId=9482),,each,FALSE,FALSE,2026-05-21,TRUE
No Frills Surrey,V3W 2P5,Russet Potatoes,Indigenous,small,PC Russet Potatoes 5lb (prices verified same as Burnaby storeId=9482),5.5,each,TRUE,FALSE,2026-05-21,TRUE
No Frills Surrey,V3W 2P5,Russet Potatoes,Indigenous,bulk,Farmers Market Russet Potatoes 10lb (prices verified same as Burnaby storeId=9482),6.99,each,TRUE,FALSE,2026-05-21,FALSE
No Frills Surrey,V3W 2P5,Whole Milk,Indigenous,small,Dairyland 3.25% Milk 1L (prices verified same as Burnaby storeId=9482),3.04,each,TRUE,FALSE,2026-05-21,FALSE
No Frills Surrey,V3W 2P5,Whole Milk,Indigenous,bulk,Dairyland 3.25% Milk 4L (prices verified same as Burnaby storeId=9482),6.11,each,TRUE,FALSE,2026-05-21,FALSE
No Frills Surrey,V3W 2P5,Eggs Large,Indigenous,small,No Name Large Eggs 12pk (prices verified same as Burnaby storeId=9482),4.21,each,TRUE,FALSE,2026-05-21,FALSE
No Frills Surrey,V3W 2P5,Eggs Large,Indigenous,bulk,Foremost Large Eggs 18pk (prices verified same as Burnaby storeId=9482),7.41,each,TRUE,FALSE,2026-05-21,FALSE
No Frills Surrey,V3W 2P5,Pinto Beans,Indigenous,small,Unico Pinto Beans 540ml (prices verified same as Burnaby storeId=9482),2,each,TRUE,FALSE,2026-05-21,FALSE
No Frills Surrey,V3W 2P5,Pinto Beans,Indigenous,bulk,No 6-pack available (prices verified same as Burnaby storeId=9482),,each,FALSE,FALSE,2026-05-21,TRUE
No Frills Surrey,V3W 2P5,Quaker Oats,Indigenous,small,Quaker Quick Oats 1kg (prices verified same as Burnaby storeId=9482),4.29,each,TRUE,FALSE,2026-05-21,FALSE
No Frills Surrey,V3W 2P5,Quaker Oats,Indigenous,bulk,Quaker Quick Oats 2.25kg (prices verified same as Burnaby storeId=9482),7.79,each,TRUE,FALSE,2026-05-21,FALSE
No Frills Surrey,V3W 2P5,Crisco Shortening,Indigenous,small,Crisco All-Vegetable Shortening 454g (prices verified same as Burnaby storeId=9482),4.49,each,TRUE,FALSE,2026-05-21,FALSE
No Frills Surrey,V3W 2P5,Crisco Shortening,Indigenous,bulk,Crisco All-Vegetable Shortening 1.36kg (prices verified same as Burnaby storeId=9482),12.99,each,TRUE,FALSE,2026-05-21,FALSE
No Frills Surrey,V3W 2P5,Whole Wheat Bread,Others,small,Dempsters 100% Whole Wheat Bread 675g (prices verified same as Burnaby storeId=9482),3.29,each,TRUE,FALSE,2026-05-21,TRUE
No Frills Surrey,V3W 2P5,Whole Wheat Bread,Others,bulk,No 2-loaf pack available (prices verified same as Burnaby storeId=9482),,each,FALSE,FALSE,2026-05-21,TRUE
No Frills Surrey,V3W 2P5,Whole Milk,Others,small,Dairyland 3.25% Milk 1L (prices verified same as Burnaby storeId=9482),3.04,each,TRUE,FALSE,2026-05-21,FALSE
No Frills Surrey,V3W 2P5,Whole Milk,Others,bulk,Dairyland 3.25% Milk 4L (prices verified same as Burnaby storeId=9482),6.11,each,TRUE,FALSE,2026-05-21,FALSE
No Frills Surrey,V3W 2P5,Eggs Large,Others,small,No Name Large Eggs 12pk (prices verified same as Burnaby storeId=9482),4.21,each,TRUE,FALSE,2026-05-21,FALSE
No Frills Surrey,V3W 2P5,Eggs Large,Others,bulk,Foremost Large Eggs 18pk (prices verified same as Burnaby storeId=9482),7.41,each,TRUE,FALSE,2026-05-21,FALSE
No Frills Surrey,V3W 2P5,Chicken Breast,Others,small,Maple Leaf Boneless Skinless Chicken Breasts (prices verified same as Burnaby storeId=9482),14,each,TRUE,TRUE,2026-05-21,TRUE
No Frills Surrey,V3W 2P5,Chicken Breast,Others,bulk,Halal Chicken Breast Club Pack by weight (prices verified same as Burnaby storeId=9482),16.07,per_kg,TRUE,TRUE,2026-05-21,TRUE
No Frills Surrey,V3W 2P5,Russet Potatoes,Others,small,PC Russet Potatoes 5lb (prices verified same as Burnaby storeId=9482),5.5,each,TRUE,FALSE,2026-05-21,FALSE
No Frills Surrey,V3W 2P5,Russet Potatoes,Others,bulk,Farmers Market Russet Potatoes 10lb (prices verified same as Burnaby storeId=9482),6.99,each,TRUE,FALSE,2026-05-21,FALSE
No Frills Surrey,V3W 2P5,Carrots,Others,small,Farmers Market Carrots 2lb (prices verified same as Burnaby storeId=9482),3.99,each,TRUE,FALSE,2026-05-21,TRUE
No Frills Surrey,V3W 2P5,Carrots,Others,bulk,Farmers Market Carrots 5lb OOS (prices verified same as Burnaby storeId=9482),6.99,each,FALSE,FALSE,2026-05-21,FALSE
No Frills Surrey,V3W 2P5,Black Beans,Others,small,No Name Black Beans 540ml (prices verified same as Burnaby storeId=9482),1.5,each,TRUE,FALSE,2026-05-21,FALSE
No Frills Surrey,V3W 2P5,Black Beans,Others,bulk,No 6-pack available (prices verified same as Burnaby storeId=9482),,each,FALSE,FALSE,2026-05-21,TRUE
No Frills Surrey,V3W 2P5,Canola Oil,Others,small,No Name Canola Oil 946ml (prices verified same as Burnaby storeId=9482),4,each,TRUE,FALSE,2026-05-21,TRUE
No Frills Surrey,V3W 2P5,Canola Oil,Others,bulk,No Name Canola Oil 3L (prices verified same as Burnaby storeId=9482),9.19,each,TRUE,FALSE,2026-05-21,FALSE
No Frills Surrey,V3W 2P5,Quaker Oats,Others,small,Quaker Quick Oats 1kg (prices verified same as Burnaby storeId=9482),4.29,each,TRUE,FALSE,2026-05-21,FALSE
No Frills Surrey,V3W 2P5,Quaker Oats,Others,bulk,Quaker Quick Oats 2.25kg (prices verified same as Burnaby storeId=9482),7.79,each,TRUE,FALSE,2026-05-21,FALSE
No Frills Surrey,V3W 2P5,Bananas,Others,small,Bananas Bunch by weight OOS (prices verified same as Burnaby storeId=9482),1.72,per_kg,FALSE,TRUE,2026-05-21,TRUE
No Frills Surrey,V3W 2P5,Bananas,Others,bulk,Bananas Bunch by weight OOS (prices verified same as Burnaby storeId=9482),1.72,per_kg,FALSE,TRUE,2026-05-21,TRUE
No Frills Delta,V4C 0C7,Basmati Rice,South Asian,small,No Name Basmati Rice 2kg (prices verified same as Burnaby storeId=9482),5,each,TRUE,FALSE,2026-05-21,FALSE
No Frills Delta,V4C 0C7,Basmati Rice,South Asian,bulk,Tilda Pure Basmati Rice 9.07kg (prices verified same as Burnaby storeId=9482),11.99,each,TRUE,FALSE,2026-05-21,TRUE
No Frills Delta,V4C 0C7,Whole Wheat Atta,South Asian,small,Robin Hood Whole Wheat AP Flour 2.5kg (prices verified same as Burnaby storeId=9482),5.5,each,TRUE,FALSE,2026-05-21,TRUE
No Frills Delta,V4C 0C7,Whole Wheat Atta,South Asian,bulk,Aashirvaad Whole Wheat Flour 9.07kg (prices verified same as Burnaby storeId=9482),12.99,each,TRUE,FALSE,2026-05-21,TRUE
No Frills Delta,V4C 0C7,Toor Dal,South Asian,small,Suraj Toor Dal Dry 1.81kg (prices verified same as Burnaby storeId=9482),8,each,TRUE,FALSE,2026-05-21,TRUE
No Frills Delta,V4C 0C7,Toor Dal,South Asian,bulk,Suraj Toor Dal 4kg not found (prices verified same as Burnaby storeId=9482),,each,FALSE,FALSE,2026-05-21,TRUE
No Frills Delta,V4C 0C7,Whole Milk,South Asian,small,Dairyland 3.25% Milk 1L (prices verified same as Burnaby storeId=9482),3.04,each,TRUE,FALSE,2026-05-21,FALSE
No Frills Delta,V4C 0C7,Whole Milk,South Asian,bulk,Dairyland 3.25% Milk 4L (prices verified same as Burnaby storeId=9482),6.11,each,TRUE,FALSE,2026-05-21,FALSE
No Frills Delta,V4C 0C7,Yellow Onions,South Asian,small,Farmers Market Yellow Onions 3lb (prices verified same as Burnaby storeId=9482),3.25,each,TRUE,FALSE,2026-05-21,TRUE
No Frills Delta,V4C 0C7,Yellow Onions,South Asian,bulk,Farmers Market Yellow Onions 10lb (prices verified same as Burnaby storeId=9482),9.49,each,TRUE,FALSE,2026-05-21,TRUE
No Frills Delta,V4C 0C7,Roma Tomatoes,South Asian,small,Roma Tomatoes by weight OOS (prices verified same as Burnaby storeId=9482),7.69,per_kg,FALSE,TRUE,2026-05-21,TRUE
No Frills Delta,V4C 0C7,Roma Tomatoes,South Asian,bulk,Roma Tomatoes 3kg OOS (prices verified same as Burnaby storeId=9482),23.07,per_kg,FALSE,TRUE,2026-05-21,TRUE
No Frills Delta,V4C 0C7,Chicken Thighs,South Asian,small,PC Blue Menu Boneless Skinless Chicken Thighs (prices verified same as Burnaby storeId=9482),15,each,TRUE,TRUE,2026-05-21,TRUE
No Frills Delta,V4C 0C7,Chicken Thighs,South Asian,bulk,Chicken Thighs Club Pack OOS (prices verified same as Burnaby storeId=9482),9.92,per_kg,FALSE,TRUE,2026-05-21,TRUE
No Frills Delta,V4C 0C7,Balkan Yogurt,South Asian,small,Astro Original Balkan Style Plain 750g (prices verified same as Burnaby storeId=9482),3.49,each,TRUE,FALSE,2026-05-21,TRUE
No Frills Delta,V4C 0C7,Balkan Yogurt,South Asian,bulk,Olympic Krema 1.75kg (prices verified same as Burnaby storeId=9482),13.99,each,TRUE,FALSE,2026-05-21,TRUE
No Frills Delta,V4C 0C7,Garlic,South Asian,small,Rooster Garlic Bulbs 3-count (prices verified same as Burnaby storeId=9482),0.99,each,TRUE,FALSE,2026-05-21,FALSE
No Frills Delta,V4C 0C7,Garlic,South Asian,bulk,Garlic Bulbs 1kg (prices verified same as Burnaby storeId=9482),5.99,each,TRUE,FALSE,2026-05-21,TRUE
No Frills Delta,V4C 0C7,Canola Oil,South Asian,small,No Name Canola Oil 946ml (prices verified same as Burnaby storeId=9482),4,each,TRUE,FALSE,2026-05-21,TRUE
No Frills Delta,V4C 0C7,Canola Oil,South Asian,bulk,No Name Canola Oil 3L (prices verified same as Burnaby storeId=9482),9.19,each,TRUE,FALSE,2026-05-21,FALSE
No Frills Delta,V4C 0C7,Jasmine Rice,Chinese,small,Rooster Thai Hom Mali Jasmine Rice 2kg (prices verified same as Burnaby storeId=9482),5,each,TRUE,FALSE,2026-05-21,FALSE
No Frills Delta,V4C 0C7,Jasmine Rice,Chinese,bulk,Rooster Scented Jasmine Rice 8kg (prices verified same as Burnaby storeId=9482),19.99,each,TRUE,FALSE,2026-05-21,TRUE
No Frills Delta,V4C 0C7,Bok Choy,Chinese,small,Baby Bok Choy by weight $6.59/kg (prices verified same as Burnaby storeId=9482),6.59,per_kg,TRUE,TRUE,2026-05-21,TRUE
No Frills Delta,V4C 0C7,Bok Choy,Chinese,bulk,Baby Bok Choy by weight $6.59/kg (prices verified same as Burnaby storeId=9482),6.59,per_kg,TRUE,TRUE,2026-05-21,TRUE
No Frills Delta,V4C 0C7,Firm Tofu,Chinese,small,Sunrise Tofu Extra Firm 350g (prices verified same as Burnaby storeId=9482),3.99,each,TRUE,FALSE,2026-05-21,FALSE
No Frills Delta,V4C 0C7,Firm Tofu,Chinese,bulk,No 2-pack available (prices verified same as Burnaby storeId=9482),,each,FALSE,FALSE,2026-05-21,TRUE
No Frills Delta,V4C 0C7,Kikkoman Soy Sauce,Chinese,small,Kikkoman Soy Sauce 591ml (prices verified same as Burnaby storeId=9482),6.99,each,TRUE,FALSE,2026-05-21,TRUE
No Frills Delta,V4C 0C7,Kikkoman Soy Sauce,Chinese,bulk,Lee Kum Kee Soy Sauce 1.9L (prices verified same as Burnaby storeId=9482),7.99,each,TRUE,FALSE,2026-05-21,TRUE
No Frills Delta,V4C 0C7,Silk Soy Milk,Chinese,small,Silk Soy Milk Alternative 946ml (prices verified same as Burnaby storeId=9482),3,each,TRUE,FALSE,2026-05-21,FALSE
No Frills Delta,V4C 0C7,Silk Soy Milk,Chinese,bulk,Silk Soy Milk Alternative 1.89L (prices verified same as Burnaby storeId=9482),3.75,each,TRUE,FALSE,2026-05-21,TRUE
No Frills Delta,V4C 0C7,Eggs Large,Chinese,small,No Name Large Eggs 12pk (prices verified same as Burnaby storeId=9482),4.21,each,TRUE,FALSE,2026-05-21,FALSE
No Frills Delta,V4C 0C7,Eggs Large,Chinese,bulk,Foremost Large Eggs 18pk (prices verified same as Burnaby storeId=9482),7.41,each,TRUE,FALSE,2026-05-21,FALSE
No Frills Delta,V4C 0C7,Green Onions,Chinese,small,Green Onion 1 each OOS (prices verified same as Burnaby storeId=9482),1.5,each,FALSE,FALSE,2026-05-21,FALSE
No Frills Delta,V4C 0C7,Green Onions,Chinese,bulk,No 3-bunch available (prices verified same as Burnaby storeId=9482),,each,FALSE,FALSE,2026-05-21,TRUE
No Frills Delta,V4C 0C7,Sesame Oil,Chinese,small,Foreway Pure Sesame Oil 370ml (prices verified same as Burnaby storeId=9482),6.49,each,TRUE,FALSE,2026-05-21,TRUE
No Frills Delta,V4C 0C7,Sesame Oil,Chinese,bulk,No 1L sesame oil available (prices verified same as Burnaby storeId=9482),,each,FALSE,FALSE,2026-05-21,TRUE
No Frills Delta,V4C 0C7,Pork Shoulder,Chinese,small,PC Seasoned Pork Shoulder Carnitas 900g (prices verified same as Burnaby storeId=9482),14,each,TRUE,FALSE,2026-05-21,TRUE
No Frills Delta,V4C 0C7,Pork Shoulder,Chinese,bulk,Pork Picnic Shoulder by weight OOS (prices verified same as Burnaby storeId=9482),6.61,per_kg,FALSE,TRUE,2026-05-21,TRUE
No Frills Delta,V4C 0C7,Napa Cabbage,Chinese,small,Chinese Napa Cabbage by weight $4.39/kg (prices verified same as Burnaby storeId=9482),4.39,per_kg,TRUE,TRUE,2026-05-21,TRUE
No Frills Delta,V4C 0C7,Napa Cabbage,Chinese,bulk,Chinese Napa Cabbage by weight $4.39/kg (prices verified same as Burnaby storeId=9482),4.39,per_kg,TRUE,TRUE,2026-05-21,TRUE
No Frills Delta,V4C 0C7,White Rice,Filipino,small,No Name Long Grain White Rice 2kg (prices verified same as Burnaby storeId=9482),5,each,TRUE,FALSE,2026-05-21,FALSE
No Frills Delta,V4C 0C7,White Rice,Filipino,bulk,No Name Long Grain White Rice 8kg (prices verified same as Burnaby storeId=9482),14,each,TRUE,FALSE,2026-05-21,TRUE
No Frills Delta,V4C 0C7,Frozen Tilapia,Filipino,small,Seaquest Tilapia Fillets 400g (prices verified same as Burnaby storeId=9482),7.5,each,TRUE,FALSE,2026-05-21,TRUE
No Frills Delta,V4C 0C7,Frozen Tilapia,Filipino,bulk,Seaquest Tilapia Fillets 1kg OOS (prices verified same as Burnaby storeId=9482),18,each,FALSE,FALSE,2026-05-21,TRUE
No Frills Delta,V4C 0C7,Yellow Onions,Filipino,small,Farmers Market Yellow Onions 3lb (prices verified same as Burnaby storeId=9482),3.25,each,TRUE,FALSE,2026-05-21,TRUE
No Frills Delta,V4C 0C7,Yellow Onions,Filipino,bulk,Farmers Market Yellow Onions 10lb (prices verified same as Burnaby storeId=9482),9.49,each,TRUE,FALSE,2026-05-21,TRUE
No Frills Delta,V4C 0C7,Coconut Milk,Filipino,small,Grace Coconut Milk 400ml (prices verified same as Burnaby storeId=9482),2,each,TRUE,FALSE,2026-05-21,FALSE
No Frills Delta,V4C 0C7,Coconut Milk,Filipino,bulk,No 6-pack available (prices verified same as Burnaby storeId=9482),,each,FALSE,FALSE,2026-05-21,TRUE
No Frills Delta,V4C 0C7,Fish Sauce,Filipino,small,Cock Fish Sauce 200ml (prices verified same as Burnaby storeId=9482),1.99,each,TRUE,FALSE,2026-05-21,TRUE
No Frills Delta,V4C 0C7,Fish Sauce,Filipino,bulk,Squid Brand Fish Sauce 725ml (prices verified same as Burnaby storeId=9482),3.49,each,TRUE,FALSE,2026-05-21,TRUE
No Frills Delta,V4C 0C7,Pork Belly,Filipino,small,Pork Belly by weight $12.77/kg (prices verified same as Burnaby storeId=9482),12.77,per_kg,TRUE,TRUE,2026-05-21,TRUE
No Frills Delta,V4C 0C7,Pork Belly,Filipino,bulk,Pork Belly by weight $12.77/kg (prices verified same as Burnaby storeId=9482),12.77,per_kg,TRUE,TRUE,2026-05-21,TRUE
No Frills Delta,V4C 0C7,Eggs Large,Filipino,small,No Name Large Eggs 12pk (prices verified same as Burnaby storeId=9482),4.21,each,TRUE,FALSE,2026-05-21,FALSE
No Frills Delta,V4C 0C7,Eggs Large,Filipino,bulk,Foremost Large Eggs 18pk (prices verified same as Burnaby storeId=9482),7.41,each,TRUE,FALSE,2026-05-21,FALSE
No Frills Delta,V4C 0C7,Eggplant,Filipino,small,Purple Eggplants by weight $6.59/kg (prices verified same as Burnaby storeId=9482),6.59,per_kg,TRUE,TRUE,2026-05-21,TRUE
No Frills Delta,V4C 0C7,Eggplant,Filipino,bulk,Purple Eggplants by weight $6.59/kg (prices verified same as Burnaby storeId=9482),6.59,per_kg,TRUE,TRUE,2026-05-21,TRUE
No Frills Delta,V4C 0C7,Garlic,Filipino,small,Rooster Garlic Bulbs 3-count (prices verified same as Burnaby storeId=9482),0.99,each,TRUE,FALSE,2026-05-21,FALSE
No Frills Delta,V4C 0C7,Garlic,Filipino,bulk,Garlic Bulbs 1kg (prices verified same as Burnaby storeId=9482),5.99,each,TRUE,FALSE,2026-05-21,TRUE
No Frills Delta,V4C 0C7,Cane Vinegar,Filipino,small,Not available (prices verified same as Burnaby storeId=9482),,each,FALSE,FALSE,2026-05-21,TRUE
No Frills Delta,V4C 0C7,Cane Vinegar,Filipino,bulk,Not available (prices verified same as Burnaby storeId=9482),,each,FALSE,FALSE,2026-05-21,TRUE
No Frills Delta,V4C 0C7,Short Grain Rice,Korean,small,No Name Calrose Medium Grain Rice 2kg (prices verified same as Burnaby storeId=9482),8.99,each,TRUE,FALSE,2026-05-21,TRUE
No Frills Delta,V4C 0C7,Short Grain Rice,Korean,bulk,Botan Calrose Rice 8kg (prices verified same as Burnaby storeId=9482),23.99,each,TRUE,FALSE,2026-05-21,TRUE
No Frills Delta,V4C 0C7,Kimchi,Korean,small,Rooster Kimchi 1kg (prices verified same as Burnaby storeId=9482),11,each,TRUE,FALSE,2026-05-21,FALSE
No Frills Delta,V4C 0C7,Kimchi,Korean,bulk,No 5kg available (prices verified same as Burnaby storeId=9482),,each,FALSE,FALSE,2026-05-21,TRUE
No Frills Delta,V4C 0C7,Gochujang,Korean,small,O Food Hot Pepper Paste 500g OOS (prices verified same as Burnaby storeId=9482),6.49,each,FALSE,FALSE,2026-05-21,FALSE
No Frills Delta,V4C 0C7,Gochujang,Korean,bulk,No 1kg available (prices verified same as Burnaby storeId=9482),,each,FALSE,FALSE,2026-05-21,TRUE
No Frills Delta,V4C 0C7,Bean Sprouts,Korean,small,Bean Sprouts 340g OOS (prices verified same as Burnaby storeId=9482),2.49,each,FALSE,FALSE,2026-05-21,FALSE
No Frills Delta,V4C 0C7,Bean Sprouts,Korean,bulk,Soy Bean Sprouts 454g (prices verified same as Burnaby storeId=9482),1.99,each,TRUE,FALSE,2026-05-21,TRUE
No Frills Delta,V4C 0C7,Ground Beef,Korean,small,Butchers Choice Medium Ground Beef 450g (prices verified same as Burnaby storeId=9482),8.5,each,TRUE,TRUE,2026-05-21,TRUE
No Frills Delta,V4C 0C7,Ground Beef,Korean,bulk,Lean Ground Beef Chub by weight (prices verified same as Burnaby storeId=9482),17.62,per_kg,TRUE,TRUE,2026-05-21,TRUE
No Frills Delta,V4C 0C7,Sesame Oil,Korean,small,Foreway Pure Sesame Oil 370ml (prices verified same as Burnaby storeId=9482),6.49,each,TRUE,FALSE,2026-05-21,TRUE
No Frills Delta,V4C 0C7,Sesame Oil,Korean,bulk,No 1L sesame oil available (prices verified same as Burnaby storeId=9482),,each,FALSE,FALSE,2026-05-21,TRUE
No Frills Delta,V4C 0C7,Nori Seaweed,Korean,small,T&T Korean Roasted Seaweed Laver 15g (prices verified same as Burnaby storeId=9482),1.79,each,TRUE,FALSE,2026-05-21,TRUE
No Frills Delta,V4C 0C7,Nori Seaweed,Korean,bulk,T&T Korean Roasted Seaweed Laver 60g (prices verified same as Burnaby storeId=9482),5.5,each,TRUE,FALSE,2026-05-21,TRUE
No Frills Delta,V4C 0C7,Silken Tofu,Korean,small,Rooster Silken Tofu 454g (prices verified same as Burnaby storeId=9482),2.79,each,TRUE,FALSE,2026-05-21,TRUE
No Frills Delta,V4C 0C7,Silken Tofu,Korean,bulk,No 2-pack available (prices verified same as Burnaby storeId=9482),,each,FALSE,FALSE,2026-05-21,TRUE
No Frills Delta,V4C 0C7,Frozen Mackerel,Korean,small,Not available (prices verified same as Burnaby storeId=9482),,each,FALSE,FALSE,2026-05-21,TRUE
No Frills Delta,V4C 0C7,Frozen Mackerel,Korean,bulk,Not available (prices verified same as Burnaby storeId=9482),,each,FALSE,FALSE,2026-05-21,TRUE
No Frills Delta,V4C 0C7,Eggs Large,Korean,small,No Name Large Eggs 12pk (prices verified same as Burnaby storeId=9482),4.21,each,TRUE,FALSE,2026-05-21,FALSE
No Frills Delta,V4C 0C7,Eggs Large,Korean,bulk,Foremost Large Eggs 18pk (prices verified same as Burnaby storeId=9482),7.41,each,TRUE,FALSE,2026-05-21,FALSE
No Frills Delta,V4C 0C7,Whole Wheat Bread,European,small,Dempsters 100% Whole Wheat Bread 675g (prices verified same as Burnaby storeId=9482),3.29,each,TRUE,FALSE,2026-05-21,TRUE
No Frills Delta,V4C 0C7,Whole Wheat Bread,European,bulk,No 2-loaf pack available (prices verified same as Burnaby storeId=9482),,each,FALSE,FALSE,2026-05-21,TRUE
No Frills Delta,V4C 0C7,Whole Milk,European,small,Dairyland 3.25% Milk 1L (prices verified same as Burnaby storeId=9482),3.04,each,TRUE,FALSE,2026-05-21,FALSE
No Frills Delta,V4C 0C7,Whole Milk,European,bulk,Dairyland 3.25% Milk 4L (prices verified same as Burnaby storeId=9482),6.11,each,TRUE,FALSE,2026-05-21,FALSE
No Frills Delta,V4C 0C7,Cheddar Cheese,European,small,PC Extra Old White Cheddar 400g (prices verified same as Burnaby storeId=9482),6.79,each,TRUE,FALSE,2026-05-21,TRUE
No Frills Delta,V4C 0C7,Cheddar Cheese,European,bulk,No Name Old Cheddar Cheese 700g (prices verified same as Burnaby storeId=9482),8.79,each,TRUE,FALSE,2026-05-21,TRUE
No Frills Delta,V4C 0C7,Eggs Large,European,small,No Name Large Eggs 12pk (prices verified same as Burnaby storeId=9482),4.21,each,TRUE,FALSE,2026-05-21,FALSE
No Frills Delta,V4C 0C7,Eggs Large,European,bulk,Foremost Large Eggs 18pk (prices verified same as Burnaby storeId=9482),7.41,each,TRUE,FALSE,2026-05-21,FALSE
No Frills Delta,V4C 0C7,Ground Beef,European,small,Butchers Choice Medium Ground Beef 450g (prices verified same as Burnaby storeId=9482),8.5,each,TRUE,TRUE,2026-05-21,TRUE
No Frills Delta,V4C 0C7,Ground Beef,European,bulk,Lean Ground Beef Chub by weight (prices verified same as Burnaby storeId=9482),17.62,per_kg,TRUE,TRUE,2026-05-21,TRUE
No Frills Delta,V4C 0C7,Russet Potatoes,European,small,PC Russet Potatoes 5lb (prices verified same as Burnaby storeId=9482),5.5,each,TRUE,FALSE,2026-05-21,FALSE
No Frills Delta,V4C 0C7,Russet Potatoes,European,bulk,Farmers Market Russet Potatoes 10lb (prices verified same as Burnaby storeId=9482),6.99,each,TRUE,FALSE,2026-05-21,FALSE
No Frills Delta,V4C 0C7,Carrots,European,small,Farmers Market Carrots 2lb (prices verified same as Burnaby storeId=9482),3.99,each,TRUE,FALSE,2026-05-21,TRUE
No Frills Delta,V4C 0C7,Carrots,European,bulk,Farmers Market Carrots 5lb OOS (prices verified same as Burnaby storeId=9482),6.99,each,FALSE,FALSE,2026-05-21,FALSE
No Frills Delta,V4C 0C7,Olive Oil,European,small,No Name Extra Virgin Olive Oil 750ml (prices verified same as Burnaby storeId=9482),8.19,each,TRUE,FALSE,2026-05-21,TRUE
No Frills Delta,V4C 0C7,Olive Oil,European,bulk,No 2L available (prices verified same as Burnaby storeId=9482),,each,FALSE,FALSE,2026-05-21,TRUE
No Frills Delta,V4C 0C7,Diced Tomatoes,European,small,No Name Diced Tomatoes 796ml (prices verified same as Burnaby storeId=9482),2,each,TRUE,FALSE,2026-05-21,FALSE
No Frills Delta,V4C 0C7,Diced Tomatoes,European,bulk,No 6-pack available (prices verified same as Burnaby storeId=9482),,each,FALSE,FALSE,2026-05-21,TRUE
No Frills Delta,V4C 0C7,Greek Yogurt,European,small,PC Plain Greek Yogurt 750g (prices verified same as Burnaby storeId=9482),6,each,TRUE,FALSE,2026-05-21,TRUE
No Frills Delta,V4C 0C7,Greek Yogurt,European,bulk,PC Plain Greek Yogurt Club 1kg (prices verified same as Burnaby storeId=9482),7,each,TRUE,FALSE,2026-05-21,TRUE
No Frills Delta,V4C 0C7,Gold Seal Salmon,Indigenous,small,GoldSeal Salmon Sockeye 213g (prices verified same as Burnaby storeId=9482),6.99,each,TRUE,FALSE,2026-05-21,FALSE
No Frills Delta,V4C 0C7,Gold Seal Salmon,Indigenous,bulk,No 6-pack available (prices verified same as Burnaby storeId=9482),,each,FALSE,FALSE,2026-05-21,TRUE
No Frills Delta,V4C 0C7,Robin Hood Flour,Indigenous,small,Robin Hood All Purpose Flour 2.5kg (prices verified same as Burnaby storeId=9482),5.5,each,TRUE,FALSE,2026-05-21,TRUE
No Frills Delta,V4C 0C7,Robin Hood Flour,Indigenous,bulk,Robin Hood All Purpose Flour 10kg (prices verified same as Burnaby storeId=9482),18.88,each,TRUE,FALSE,2026-05-21,FALSE
No Frills Delta,V4C 0C7,Wild Blueberries,Indigenous,small,PC Canadian Wild Blueberries 400g (prices verified same as Burnaby storeId=9482),4.5,each,TRUE,FALSE,2026-05-21,TRUE
No Frills Delta,V4C 0C7,Wild Blueberries,Indigenous,bulk,PC Wild Blueberries 1.5kg (prices verified same as Burnaby storeId=9482),19.49,each,TRUE,FALSE,2026-05-21,TRUE
No Frills Delta,V4C 0C7,Bison,Indigenous,small,Not available (prices verified same as Burnaby storeId=9482),,each,FALSE,FALSE,2026-05-21,TRUE
No Frills Delta,V4C 0C7,Bison,Indigenous,bulk,Not available (prices verified same as Burnaby storeId=9482),,each,FALSE,FALSE,2026-05-21,TRUE
No Frills Delta,V4C 0C7,Russet Potatoes,Indigenous,small,PC Russet Potatoes 5lb (prices verified same as Burnaby storeId=9482),5.5,each,TRUE,FALSE,2026-05-21,TRUE
No Frills Delta,V4C 0C7,Russet Potatoes,Indigenous,bulk,Farmers Market Russet Potatoes 10lb (prices verified same as Burnaby storeId=9482),6.99,each,TRUE,FALSE,2026-05-21,FALSE
No Frills Delta,V4C 0C7,Whole Milk,Indigenous,small,Dairyland 3.25% Milk 1L (prices verified same as Burnaby storeId=9482),3.04,each,TRUE,FALSE,2026-05-21,FALSE
No Frills Delta,V4C 0C7,Whole Milk,Indigenous,bulk,Dairyland 3.25% Milk 4L (prices verified same as Burnaby storeId=9482),6.11,each,TRUE,FALSE,2026-05-21,FALSE
No Frills Delta,V4C 0C7,Eggs Large,Indigenous,small,No Name Large Eggs 12pk (prices verified same as Burnaby storeId=9482),4.21,each,TRUE,FALSE,2026-05-21,FALSE
No Frills Delta,V4C 0C7,Eggs Large,Indigenous,bulk,Foremost Large Eggs 18pk (prices verified same as Burnaby storeId=9482),7.41,each,TRUE,FALSE,2026-05-21,FALSE
No Frills Delta,V4C 0C7,Pinto Beans,Indigenous,small,Unico Pinto Beans 540ml (prices verified same as Burnaby storeId=9482),2,each,TRUE,FALSE,2026-05-21,FALSE
No Frills Delta,V4C 0C7,Pinto Beans,Indigenous,bulk,No 6-pack available (prices verified same as Burnaby storeId=9482),,each,FALSE,FALSE,2026-05-21,TRUE
No Frills Delta,V4C 0C7,Quaker Oats,Indigenous,small,Quaker Quick Oats 1kg (prices verified same as Burnaby storeId=9482),4.29,each,TRUE,FALSE,2026-05-21,FALSE
No Frills Delta,V4C 0C7,Quaker Oats,Indigenous,bulk,Quaker Quick Oats 2.25kg (prices verified same as Burnaby storeId=9482),7.79,each,TRUE,FALSE,2026-05-21,FALSE
No Frills Delta,V4C 0C7,Crisco Shortening,Indigenous,small,Crisco All-Vegetable Shortening 454g (prices verified same as Burnaby storeId=9482),4.49,each,TRUE,FALSE,2026-05-21,FALSE
No Frills Delta,V4C 0C7,Crisco Shortening,Indigenous,bulk,Crisco All-Vegetable Shortening 1.36kg (prices verified same as Burnaby storeId=9482),12.99,each,TRUE,FALSE,2026-05-21,FALSE
No Frills Delta,V4C 0C7,Whole Wheat Bread,Others,small,Dempsters 100% Whole Wheat Bread 675g (prices verified same as Burnaby storeId=9482),3.29,each,TRUE,FALSE,2026-05-21,TRUE
No Frills Delta,V4C 0C7,Whole Wheat Bread,Others,bulk,No 2-loaf pack available (prices verified same as Burnaby storeId=9482),,each,FALSE,FALSE,2026-05-21,TRUE
No Frills Delta,V4C 0C7,Whole Milk,Others,small,Dairyland 3.25% Milk 1L (prices verified same as Burnaby storeId=9482),3.04,each,TRUE,FALSE,2026-05-21,FALSE
No Frills Delta,V4C 0C7,Whole Milk,Others,bulk,Dairyland 3.25% Milk 4L (prices verified same as Burnaby storeId=9482),6.11,each,TRUE,FALSE,2026-05-21,FALSE
No Frills Delta,V4C 0C7,Eggs Large,Others,small,No Name Large Eggs 12pk (prices verified same as Burnaby storeId=9482),4.21,each,TRUE,FALSE,2026-05-21,FALSE
No Frills Delta,V4C 0C7,Eggs Large,Others,bulk,Foremost Large Eggs 18pk (prices verified same as Burnaby storeId=9482),7.41,each,TRUE,FALSE,2026-05-21,FALSE
No Frills Delta,V4C 0C7,Chicken Breast,Others,small,Maple Leaf Boneless Skinless Chicken Breasts (prices verified same as Burnaby storeId=9482),14,each,TRUE,TRUE,2026-05-21,TRUE
No Frills Delta,V4C 0C7,Chicken Breast,Others,bulk,Halal Chicken Breast Club Pack by weight (prices verified same as Burnaby storeId=9482),16.07,per_kg,TRUE,TRUE,2026-05-21,TRUE
No Frills Delta,V4C 0C7,Russet Potatoes,Others,small,PC Russet Potatoes 5lb (prices verified same as Burnaby storeId=9482),5.5,each,TRUE,FALSE,2026-05-21,FALSE
No Frills Delta,V4C 0C7,Russet Potatoes,Others,bulk,Farmers Market Russet Potatoes 10lb (prices verified same as Burnaby storeId=9482),6.99,each,TRUE,FALSE,2026-05-21,FALSE
No Frills Delta,V4C 0C7,Carrots,Others,small,Farmers Market Carrots 2lb (prices verified same as Burnaby storeId=9482),3.99,each,TRUE,FALSE,2026-05-21,TRUE
No Frills Delta,V4C 0C7,Carrots,Others,bulk,Farmers Market Carrots 5lb OOS (prices verified same as Burnaby storeId=9482),6.99,each,FALSE,FALSE,2026-05-21,FALSE
No Frills Delta,V4C 0C7,Black Beans,Others,small,No Name Black Beans 540ml (prices verified same as Burnaby storeId=9482),1.5,each,TRUE,FALSE,2026-05-21,FALSE
No Frills Delta,V4C 0C7,Black Beans,Others,bulk,No 6-pack available (prices verified same as Burnaby storeId=9482),,each,FALSE,FALSE,2026-05-21,TRUE
No Frills Delta,V4C 0C7,Canola Oil,Others,small,No Name Canola Oil 946ml (prices verified same as Burnaby storeId=9482),4,each,TRUE,FALSE,2026-05-21,TRUE
No Frills Delta,V4C 0C7,Canola Oil,Others,bulk,No Name Canola Oil 3L (prices verified same as Burnaby storeId=9482),9.19,each,TRUE,FALSE,2026-05-21,FALSE
No Frills Delta,V4C 0C7,Quaker Oats,Others,small,Quaker Quick Oats 1kg (prices verified same as Burnaby storeId=9482),4.29,each,TRUE,FALSE,2026-05-21,FALSE
No Frills Delta,V4C 0C7,Quaker Oats,Others,bulk,Quaker Quick Oats 2.25kg (prices verified same as Burnaby storeId=9482),7.79,each,TRUE,FALSE,2026-05-21,FALSE
No Frills Delta,V4C 0C7,Bananas,Others,small,Bananas Bunch by weight OOS (prices verified same as Burnaby storeId=9482),1.72,per_kg,FALSE,TRUE,2026-05-21,TRUE
No Frills Delta,V4C 0C7,Bananas,Others,bulk,Bananas Bunch by weight OOS (prices verified same as Burnaby storeId=9482),1.72,per_kg,FALSE,TRUE,2026-05-21,TRUE
FreshCo No 2 & Blundell,V7C1H8,Basmati Rice,South Asian,small,Ben's Original Basmati Rice 1.6 kg (target: 2 kg — closest available),12.99,each,TRUE,FALSE,2026-05-30,TRUE
FreshCo No 2 & Blundell,V7C1H8,Basmati Rice,South Asian,bulk,Chalo! Basmati Rice 4.54 kg (target: 10 kg — no 10 kg available),13.00,each,TRUE,FALSE,2026-05-30,TRUE
FreshCo No 2 & Blundell,V7C1H8,Whole Wheat Atta,South Asian,small,No ~4.5 kg (10 lb) atta found — product unavailable,,each,FALSE,FALSE,2026-05-30,TRUE
FreshCo No 2 & Blundell,V7C1H8,Whole Wheat Atta,South Asian,bulk,Sher Whole Wheat Flour Durum Atta Desi Style 9.07 kg (target: 20 lb ≈ 9.07 kg),16.99,each,TRUE,FALSE,2026-05-30,FALSE
FreshCo No 2 & Blundell,V7C1H8,Toor Dal,South Asian,small,Chalo Toor Dal Split Pigeons Peas 1.81 kg (target: 900 g — only size available),7.00,each,TRUE,FALSE,2026-05-30,TRUE
FreshCo No 2 & Blundell,V7C1H8,Toor Dal,South Asian,bulk,Chalo Toor Dal Split Pigeons Peas 1.81 kg (target: 4 kg — no 4 kg available),7.00,each,TRUE,FALSE,2026-05-30,TRUE
FreshCo No 2 & Blundell,V7C1H8,Whole Milk,South Asian,small,Lucerne 3.25% Whole Milk 1 L,3.19,each,TRUE,FALSE,2026-05-30,FALSE
FreshCo No 2 & Blundell,V7C1H8,Whole Milk,South Asian,bulk,Lucerne 3.35% Whole Milk 4 L,6.11,each,TRUE,FALSE,2026-05-30,FALSE
FreshCo No 2 & Blundell,V7C1H8,Yellow Onions,South Asian,small,Compliments Onions Yellow 1.36 kg (target: 1 kg — closest packaged),3.49,each,TRUE,FALSE,2026-05-30,TRUE
FreshCo No 2 & Blundell,V7C1H8,Yellow Onions,South Asian,bulk,Yellow Onions Medium 4.54 kg (target: 5 kg — Out of Stock),10.99,each,FALSE,FALSE,2026-05-30,TRUE
FreshCo No 2 & Blundell,V7C1H8,Roma Tomatoes,South Asian,small,Roma Tomato (Plum Tomato) — sold by weight $6.59/kg (on sale from $8.80/kg),6.59,per_kg,TRUE,TRUE,2026-05-30,FALSE
FreshCo No 2 & Blundell,V7C1H8,Roma Tomatoes,South Asian,bulk,Roma Tomato (Plum Tomato) — sold by weight $6.59/kg; no 3 kg bag available,6.59,per_kg,TRUE,TRUE,2026-05-30,TRUE
FreshCo No 2 & Blundell,V7C1H8,Chicken Thighs,South Asian,small,Compliments Chicken Thighs $11.00/kg (variable weight ~0.58 kg pack shown),11.00,per_kg,TRUE,TRUE,2026-05-30,FALSE
FreshCo No 2 & Blundell,V7C1H8,Chicken Thighs,South Asian,bulk,Compliments Chicken Thighs Value Pack $11.00/kg (variable weight ~1.4 kg pack shown; no 3 kg pack),11.00,per_kg,TRUE,TRUE,2026-05-30,TRUE
FreshCo No 2 & Blundell,V7C1H8,Balkan Yogurt,South Asian,small,Astro Original 3.25% Yogurt Balkan Style 650 g,3.99,each,TRUE,FALSE,2026-05-30,FALSE
FreshCo No 2 & Blundell,V7C1H8,Balkan Yogurt,South Asian,bulk,Olympic Organic 3.5% Yogurt Plain 1.75 kg (target: 1.75 kg Balkan — no Balkan 1.75 kg available),12.49,each,TRUE,FALSE,2026-05-30,TRUE
FreshCo No 2 & Blundell,V7C1H8,Garlic,South Asian,small,Fresh Whole Garlic 5 Pack (target: single bulb — closest packaged; on sale from $1.49),1.28,each,TRUE,FALSE,2026-05-30,TRUE
FreshCo No 2 & Blundell,V7C1H8,Garlic,South Asian,bulk,Garlic 1000 g bag (target: 500 g — only 1 kg bag available),5.99,each,TRUE,FALSE,2026-05-30,TRUE
FreshCo No 2 & Blundell,V7C1H8,Canola Oil,South Asian,small,Compliments Canola Oil 100% Pure 946 ml (target: 1 L),5.79,each,TRUE,FALSE,2026-05-30,TRUE
FreshCo No 2 & Blundell,V7C1H8,Canola Oil,South Asian,bulk,Compliments Canola Oil Pure 3 L,13.79,each,TRUE,FALSE,2026-05-30,FALSE
FreshCo No 2 & Blundell,V7C1H8,Jasmine Rice,Chinese,small,Dainty Rice Jasmine 1.6 kg (target: 2 kg — closest available),9.47,each,TRUE,FALSE,2026-05-30,TRUE
FreshCo No 2 & Blundell,V7C1H8,Jasmine Rice,Chinese,bulk,Vita Rice Jasmine Value Size 8 kg (target: 10 kg — no 10 kg available),16.99,each,TRUE,FALSE,2026-05-30,TRUE
FreshCo No 2 & Blundell,V7C1H8,Bok Choy,Chinese,small,Bok Choy 1 Bunch — $4.39/kg sold by weight (target: 500 g),4.39,per_kg,TRUE,TRUE,2026-05-30,FALSE
FreshCo No 2 & Blundell,V7C1H8,Bok Choy,Chinese,bulk,Bok Choy — $4.39/kg sold by weight; no 2 kg bag available,4.39,per_kg,TRUE,TRUE,2026-05-30,TRUE
FreshCo No 2 & Blundell,V7C1H8,Firm Tofu,Chinese,small,Soyganic Organic Tofu Extra Firm 350 g (on sale from $3.79),3.29,each,TRUE,FALSE,2026-05-30,FALSE
FreshCo No 2 & Blundell,V7C1H8,Firm Tofu,Chinese,bulk,No 2-pack firm tofu available — product unavailable,,each,FALSE,FALSE,2026-05-30,TRUE
FreshCo No 2 & Blundell,V7C1H8,Kikkoman Soy Sauce,Chinese,small,Kikkoman Soy Sauce 296 ml (target: 250 ml — on sale from $5.49),3.98,each,TRUE,FALSE,2026-05-30,TRUE
FreshCo No 2 & Blundell,V7C1H8,Kikkoman Soy Sauce,Chinese,bulk,Kikkoman Soy Sauce 1.2 L (target: 1.89 L — no 1.89 L available; on sale from $12.99),9.98,each,TRUE,FALSE,2026-05-30,TRUE
FreshCo No 2 & Blundell,V7C1H8,Silk Soy Milk,Chinese,small,Silk Dairy-Free Unsweetened Soy Milk 946 ml (on sale from $3.29),2.79,each,TRUE,FALSE,2026-05-30,FALSE
FreshCo No 2 & Blundell,V7C1H8,Silk Soy Milk,Chinese,bulk,Silk Dairy-Free Soy Milk Alternative Original 1.89 L,4.00,each,TRUE,FALSE,2026-05-30,FALSE
FreshCo No 2 & Blundell,V7C1H8,Eggs Large,Chinese,small,Compliments White Eggs Large 12 Count,4.17,each,TRUE,FALSE,2026-05-30,FALSE
FreshCo No 2 & Blundell,V7C1H8,Eggs Large,Chinese,bulk,Golden Valley White Eggs Large 18 Count,7.29,each,TRUE,FALSE,2026-05-30,FALSE
FreshCo No 2 & Blundell,V7C1H8,Green Onions,Chinese,small,Green Onions 1 Count (1 bunch),1.49,each,TRUE,FALSE,2026-05-30,FALSE
FreshCo No 2 & Blundell,V7C1H8,Green Onions,Chinese,bulk,Green Onions 3 bunches (target: 3-bunch pack — not sold as pre-pack; 3 x $1.49),4.47,each,FALSE,FALSE,2026-05-30,TRUE
FreshCo No 2 & Blundell,V7C1H8,Sesame Oil,Chinese,small,Lee Kum Kee Pure Sesame Oil 443 ml (target: 327 ml — on sale from $8.49),5.88,each,TRUE,FALSE,2026-05-30,TRUE
FreshCo No 2 & Blundell,V7C1H8,Sesame Oil,Chinese,bulk,No 1 L sesame oil available — product unavailable,,each,FALSE,FALSE,2026-05-30,TRUE
FreshCo No 2 & Blundell,V7C1H8,Pork Shoulder,Chinese,small,Picnic Bone In Pork Shoulder $11.00/kg (variable weight ~1 kg),11.00,per_kg,TRUE,TRUE,2026-05-30,FALSE
FreshCo No 2 & Blundell,V7C1H8,Pork Shoulder,Chinese,bulk,Picnic Bone In Pork Shoulder $11.00/kg; no 3 kg fixed pack,11.00,per_kg,TRUE,TRUE,2026-05-30,TRUE
FreshCo No 2 & Blundell,V7C1H8,Napa Cabbage,Chinese,small,Napa Cabbage 1 Count — $4.39/kg sold by weight,4.39,per_kg,TRUE,TRUE,2026-05-30,FALSE
FreshCo No 2 & Blundell,V7C1H8,Napa Cabbage,Chinese,bulk,Napa Cabbage — $4.39/kg sold by weight; no 3 kg bag available,4.39,per_kg,TRUE,TRUE,2026-05-30,TRUE
FreshCo No 2 & Blundell,V7C1H8,White Rice,Filipino,small,Dainty Rice Jasmine 1.6 kg used as White Rice proxy (target: 2 kg),9.47,each,TRUE,FALSE,2026-05-30,TRUE
FreshCo No 2 & Blundell,V7C1H8,White Rice,Filipino,bulk,Vita Rice Jasmine Value Size 8 kg used as White Rice proxy (target: 10 kg),16.99,each,TRUE,FALSE,2026-05-30,TRUE
FreshCo No 2 & Blundell,V7C1H8,Frozen Tilapia,Filipino,small,Compliments Naturally Simple Frozen Tilapia Fillets 400 g (target: 500 g),5.99,each,TRUE,FALSE,2026-05-30,TRUE
FreshCo No 2 & Blundell,V7C1H8,Frozen Tilapia,Filipino,bulk,Eight Treasures Frozen Whole Uncooked Tilapia 1.36 kg (target: 2 kg — no 2 kg available),10.00,each,TRUE,FALSE,2026-05-30,TRUE
FreshCo No 2 & Blundell,V7C1H8,Yellow Onions,Filipino,small,Compliments Onions Yellow 1.36 kg (target: 2 kg — closest packaged),3.49,each,TRUE,FALSE,2026-05-30,TRUE
FreshCo No 2 & Blundell,V7C1H8,Yellow Onions,Filipino,bulk,Yellow Onions Medium 4.54 kg (target: 5 kg — Out of Stock),10.99,each,FALSE,FALSE,2026-05-30,TRUE
FreshCo No 2 & Blundell,V7C1H8,Coconut Milk,Filipino,small,Eight Treasures Canned Coconut Milk 400 ml (on sale from $1.69),1.18,each,TRUE,FALSE,2026-05-30,FALSE
FreshCo No 2 & Blundell,V7C1H8,Coconut Milk,Filipino,bulk,Coconut Milk 6-pack — not sold as pre-packaged 6-pack,,each,FALSE,FALSE,2026-05-30,TRUE
FreshCo No 2 & Blundell,V7C1H8,Fish Sauce,Filipino,small,Kim Phat Fish Sauce 298 ml (target: 350 ml — on sale from $3.49),2.98,each,TRUE,FALSE,2026-05-30,TRUE
FreshCo No 2 & Blundell,V7C1H8,Fish Sauce,Filipino,bulk,Pangasinan Patis Fish Sauce 750 ml (target: 750 ml — on sale from $3.99),2.99,each,TRUE,FALSE,2026-05-30,FALSE
FreshCo No 2 & Blundell,V7C1H8,Pork Belly,Filipino,small,Fresh and Sliced Pork Belly $18.72/kg (variable weight ~1 kg),18.72,per_kg,TRUE,TRUE,2026-05-30,FALSE
FreshCo No 2 & Blundell,V7C1H8,Pork Belly,Filipino,bulk,Pork Belly Boneless Skinless Value Size $11.00/kg ~3.47 kg (Out of Stock),11.00,per_kg,FALSE,TRUE,2026-05-30,TRUE
FreshCo No 2 & Blundell,V7C1H8,Eggs Large,Filipino,small,Compliments White Eggs Large 12 Count,4.17,each,TRUE,FALSE,2026-05-30,FALSE
FreshCo No 2 & Blundell,V7C1H8,Eggs Large,Filipino,bulk,Golden Valley White Eggs Large 18 Count,7.29,each,TRUE,FALSE,2026-05-30,FALSE
FreshCo No 2 & Blundell,V7C1H8,Eggplant,Filipino,small,Eggplant 1 Count — $4.39/kg (on sale from $6.59/kg) sold by weight (target: 500 g),4.39,per_kg,TRUE,TRUE,2026-05-30,FALSE
FreshCo No 2 & Blundell,V7C1H8,Eggplant,Filipino,bulk,Eggplant — $4.39/kg sold by weight; no 2 kg bag available,4.39,per_kg,TRUE,TRUE,2026-05-30,TRUE
FreshCo No 2 & Blundell,V7C1H8,Garlic,Filipino,small,Fresh Whole Garlic 5 Pack (target: 3-pack — closest packaged; on sale from $1.49),1.28,each,TRUE,FALSE,2026-05-30,TRUE
FreshCo No 2 & Blundell,V7C1H8,Garlic,Filipino,bulk,Garlic 1000 g bag (target: 500 g — only 1 kg bag available),5.99,each,TRUE,FALSE,2026-05-30,TRUE
FreshCo No 2 & Blundell,V7C1H8,Cane Vinegar,Filipino,small,No cane vinegar found; Compliments White Vinegar 500 ml (closest substitute),0.99,each,TRUE,FALSE,2026-05-30,TRUE
FreshCo No 2 & Blundell,V7C1H8,Cane Vinegar,Filipino,bulk,No cane vinegar found; Compliments White Vinegar 1 L (closest substitute),1.79,each,TRUE,FALSE,2026-05-30,TRUE
FreshCo No 2 & Blundell,V7C1H8,Short Grain Rice,Korean,small,Dunya Harvest Rice Calrose 2 kg,8.99,each,TRUE,FALSE,2026-05-30,FALSE
FreshCo No 2 & Blundell,V7C1H8,Short Grain Rice,Korean,bulk,Japan Foods Botan Calrose Rice Value Size 8 kg (target: 9 kg — closest available),22.99,each,TRUE,FALSE,2026-05-30,TRUE
FreshCo No 2 & Blundell,V7C1H8,Kimchi,Korean,small,No fresh kimchi available — product unavailable,,each,FALSE,FALSE,2026-05-30,FALSE
FreshCo No 2 & Blundell,V7C1H8,Kimchi,Korean,bulk,No fresh kimchi available — product unavailable,,each,FALSE,FALSE,2026-05-30,FALSE
FreshCo No 2 & Blundell,V7C1H8,Gochujang,Korean,small,No gochujang paste available — product unavailable,,each,FALSE,FALSE,2026-05-30,FALSE
FreshCo No 2 & Blundell,V7C1H8,Gochujang,Korean,bulk,No gochujang paste available — product unavailable,,each,FALSE,FALSE,2026-05-30,FALSE
FreshCo No 2 & Blundell,V7C1H8,Bean Sprouts,Korean,small,Bean Sprouts 227 g (target: 340 g — closest available),2.49,each,TRUE,FALSE,2026-05-30,TRUE
FreshCo No 2 & Blundell,V7C1H8,Bean Sprouts,Korean,bulk,No 1 kg bean sprouts available — product unavailable,,each,FALSE,FALSE,2026-05-30,TRUE
FreshCo No 2 & Blundell,V7C1H8,Ground Beef,Korean,small,Regular Ground Beef ~500 g,8.49,each,TRUE,FALSE,2026-05-30,TRUE
FreshCo No 2 & Blundell,V7C1H8,Ground Beef,Korean,bulk,No 2 kg ground beef in stock — Out of Stock,,each,FALSE,FALSE,2026-05-30,TRUE
FreshCo No 2 & Blundell,V7C1H8,Sesame Oil,Korean,small,Lee Kum Kee Pure Sesame Oil 443 ml (target: 327 ml — on sale from $8.49),5.88,each,TRUE,FALSE,2026-05-30,TRUE
FreshCo No 2 & Blundell,V7C1H8,Sesame Oil,Korean,bulk,No 1 L sesame oil available — product unavailable,,each,FALSE,FALSE,2026-05-30,TRUE
FreshCo No 2 & Blundell,V7C1H8,Nori,Korean,small,No nori sheets available — product unavailable,,each,FALSE,FALSE,2026-05-30,FALSE
FreshCo No 2 & Blundell,V7C1H8,Nori,Korean,bulk,No nori sheets available — product unavailable,,each,FALSE,FALSE,2026-05-30,FALSE
FreshCo No 2 & Blundell,V7C1H8,Silken Tofu,Korean,small,Sunrise Tofu Soft 300 g (on sale from $1.79),1.49,each,TRUE,FALSE,2026-05-30,FALSE
FreshCo No 2 & Blundell,V7C1H8,Silken Tofu,Korean,bulk,No 2-pack silken tofu in stock — Out of Stock,,each,FALSE,FALSE,2026-05-30,TRUE
FreshCo No 2 & Blundell,V7C1H8,Frozen Mackerel,Korean,small,AA-1 Hasa Hasa Frozen Indian Mackerel 450 g (target: 300 g — on sale from $3.99),3.49,each,TRUE,FALSE,2026-05-30,TRUE
FreshCo No 2 & Blundell,V7C1H8,Frozen Mackerel,Korean,bulk,No 1 kg mackerel available — product unavailable,,each,FALSE,FALSE,2026-05-30,TRUE
FreshCo No 2 & Blundell,V7C1H8,Eggs Large,Korean,small,Compliments White Eggs Large 12 Count,4.17,each,TRUE,FALSE,2026-05-30,FALSE
FreshCo No 2 & Blundell,V7C1H8,Eggs Large,Korean,bulk,Golden Valley White Eggs Large 18 Count,7.29,each,TRUE,FALSE,2026-05-30,FALSE
FreshCo No 2 & Blundell,V7C1H8,Whole Wheat Bread,European,small,Compliments Bread Whole Wheat 570 g,2.48,each,TRUE,FALSE,2026-05-30,FALSE
FreshCo No 2 & Blundell,V7C1H8,Whole Wheat Bread,European,bulk,No 2-loaf pack available — product unavailable,,each,FALSE,FALSE,2026-05-30,TRUE
FreshCo No 2 & Blundell,V7C1H8,Whole Milk,European,small,Lucerne 3.25% Whole Milk 1 L,3.19,each,TRUE,FALSE,2026-05-30,FALSE
FreshCo No 2 & Blundell,V7C1H8,Whole Milk,European,bulk,Lucerne 3.35% Whole Milk 4 L,6.11,each,TRUE,FALSE,2026-05-30,FALSE
FreshCo No 2 & Blundell,V7C1H8,Cheddar,European,small,Compliments Block Cheese Medium Cheddar 400 g (on sale from $5.99),4.99,each,TRUE,FALSE,2026-05-30,FALSE
FreshCo No 2 & Blundell,V7C1H8,Cheddar,European,bulk,Compliments Cheddar Cheese Mild Marble Value Size 700 g (target: 1 kg — no 1 kg available),9.99,each,TRUE,FALSE,2026-05-30,TRUE
FreshCo No 2 & Blundell,V7C1H8,Eggs Large,European,small,Compliments White Eggs Large 12 Count,4.17,each,TRUE,FALSE,2026-05-30,FALSE
FreshCo No 2 & Blundell,V7C1H8,Eggs Large,European,bulk,Golden Valley White Eggs Large 18 Count,7.29,each,TRUE,FALSE,2026-05-30,FALSE
FreshCo No 2 & Blundell,V7C1H8,Ground Beef,European,small,Regular Ground Beef ~500 g,8.49,each,TRUE,FALSE,2026-05-30,TRUE
FreshCo No 2 & Blundell,V7C1H8,Ground Beef,European,bulk,No 2 kg ground beef in stock — Out of Stock,,each,FALSE,FALSE,2026-05-30,TRUE
FreshCo No 2 & Blundell,V7C1H8,Russet Potatoes,European,small,Potatoes Russet Cello 2.27 kg (target: 5 lb = 2.27 kg),4.49,each,TRUE,FALSE,2026-05-30,FALSE
FreshCo No 2 & Blundell,V7C1H8,Russet Potatoes,European,bulk,Potatoes Russet 4.54 kg (target: 10 lb = 4.54 kg),7.99,each,TRUE,FALSE,2026-05-30,FALSE
FreshCo No 2 & Blundell,V7C1H8,Carrots,European,small,Carrots (3 lbs) 1.36 kg,4.99,each,TRUE,FALSE,2026-05-30,FALSE
FreshCo No 2 & Blundell,V7C1H8,Carrots,European,bulk,No 5 lb (2.27 kg) carrot bag in stock — Out of Stock,,each,FALSE,FALSE,2026-05-30,FALSE
FreshCo No 2 & Blundell,V7C1H8,Olive Oil,European,small,Compliments Organic Extra Virgin Olive Oil 500 ml,9.99,each,TRUE,FALSE,2026-05-30,FALSE
FreshCo No 2 & Blundell,V7C1H8,Olive Oil,European,bulk,Compliments Olive Oil Extra Virgin Pure Rich Taste 2 L,28.49,each,TRUE,FALSE,2026-05-30,FALSE
FreshCo No 2 & Blundell,V7C1H8,Diced Tomatoes,European,small,Unico Diced Tomatoes 796 ml (on sale from $2.69),1.49,each,TRUE,FALSE,2026-05-30,FALSE
FreshCo No 2 & Blundell,V7C1H8,Diced Tomatoes,European,bulk,Diced Tomatoes 6-pack — not sold as pre-packaged 6-pack,,each,FALSE,FALSE,2026-05-30,TRUE
FreshCo No 2 & Blundell,V7C1H8,Greek Yogurt,European,small,Compliments 0% Greek Yogurt Plain 650 g (target: 500 g),4.50,each,TRUE,FALSE,2026-05-30,TRUE
FreshCo No 2 & Blundell,V7C1H8,Greek Yogurt,European,bulk,Liberte Greek 0% Yogurt Plain High Protein 1 kg (target: 1.5 kg — no 1.5 kg available),9.99,each,TRUE,FALSE,2026-05-30,TRUE
FreshCo No 2 & Blundell,V7C1H8,Gold Seal Salmon,Indigenous,small,Clover Leaf Pink Salmon 213 g (Gold Seal brand not available),3.99,each,TRUE,FALSE,2026-05-30,TRUE
FreshCo No 2 & Blundell,V7C1H8,Gold Seal Salmon,Indigenous,bulk,No 6-pack canned salmon available — product unavailable,,each,FALSE,FALSE,2026-05-30,TRUE
FreshCo No 2 & Blundell,V7C1H8,Robin Hood Flour,Indigenous,small,Robin Hood All Purpose Flour Original 2.5 kg (target: 2 kg — closest same-brand),6.49,each,TRUE,FALSE,2026-05-30,TRUE
FreshCo No 2 & Blundell,V7C1H8,Robin Hood Flour,Indigenous,bulk,Robin Hood All Purpose Flour Original 10 kg,19.99,each,TRUE,FALSE,2026-05-30,FALSE
FreshCo No 2 & Blundell,V7C1H8,Wild Blueberries,Indigenous,small,Compliments Frozen Wild Blueberries 300 g,5.49,each,TRUE,FALSE,2026-05-30,FALSE
FreshCo No 2 & Blundell,V7C1H8,Wild Blueberries,Indigenous,bulk,No 1 kg wild blueberries in stock — Out of Stock,,each,FALSE,FALSE,2026-05-30,FALSE
FreshCo No 2 & Blundell,V7C1H8,Bison,Indigenous,small,No bison meat available — product unavailable,,each,FALSE,FALSE,2026-05-30,FALSE
FreshCo No 2 & Blundell,V7C1H8,Bison,Indigenous,bulk,No bison meat available — product unavailable,,each,FALSE,FALSE,2026-05-30,FALSE
FreshCo No 2 & Blundell,V7C1H8,Russet Potatoes,Indigenous,small,Potatoes Russet Cello 2.27 kg (target: 3 lb = 1.36 kg — closest in stock),4.49,each,TRUE,FALSE,2026-05-30,TRUE
FreshCo No 2 & Blundell,V7C1H8,Russet Potatoes,Indigenous,bulk,Potatoes Russet 4.54 kg (target: 10 lb = 4.54 kg),7.99,each,TRUE,FALSE,2026-05-30,FALSE
FreshCo No 2 & Blundell,V7C1H8,Whole Milk,Indigenous,small,Lucerne 3.25% Whole Milk 1 L,3.19,each,TRUE,FALSE,2026-05-30,FALSE
FreshCo No 2 & Blundell,V7C1H8,Whole Milk,Indigenous,bulk,Lucerne 3.35% Whole Milk 4 L,6.11,each,TRUE,FALSE,2026-05-30,FALSE
FreshCo No 2 & Blundell,V7C1H8,Eggs Large,Indigenous,small,Compliments White Eggs Large 12 Count,4.17,each,TRUE,FALSE,2026-05-30,FALSE
FreshCo No 2 & Blundell,V7C1H8,Eggs Large,Indigenous,bulk,Golden Valley White Eggs Large 18 Count,7.29,each,TRUE,FALSE,2026-05-30,FALSE
FreshCo No 2 & Blundell,V7C1H8,Pinto Beans,Indigenous,small,No 540 ml canned pinto beans found — product unavailable,,each,FALSE,FALSE,2026-05-30,FALSE
FreshCo No 2 & Blundell,V7C1H8,Pinto Beans,Indigenous,bulk,No pinto beans 6-pack available — product unavailable,,each,FALSE,FALSE,2026-05-30,FALSE
FreshCo No 2 & Blundell,V7C1H8,Quaker Oats,Indigenous,small,Quaker Quick Oats 100% Whole Grain 1 kg,3.99,each,TRUE,FALSE,2026-05-30,FALSE
FreshCo No 2 & Blundell,V7C1H8,Quaker Oats,Indigenous,bulk,Quaker Quick Oats 2.25 kg,7.49,each,TRUE,FALSE,2026-05-30,FALSE
FreshCo No 2 & Blundell,V7C1H8,Crisco Shortening,Indigenous,small,Crisco All Vegetable Shortening 454 g,4.79,each,TRUE,FALSE,2026-05-30,FALSE
FreshCo No 2 & Blundell,V7C1H8,Crisco Shortening,Indigenous,bulk,No 1.36 kg Crisco available — product unavailable,,each,FALSE,FALSE,2026-05-30,FALSE
FreshCo No 2 & Blundell,V7C1H8,Whole Wheat Bread,Others,small,Compliments Bread Whole Wheat 570 g,2.48,each,TRUE,FALSE,2026-05-30,FALSE
FreshCo No 2 & Blundell,V7C1H8,Whole Wheat Bread,Others,bulk,No 2-loaf pack available — product unavailable,,each,FALSE,FALSE,2026-05-30,TRUE
FreshCo No 2 & Blundell,V7C1H8,Whole Milk,Others,small,Lucerne 3.25% Whole Milk 1 L,3.19,each,TRUE,FALSE,2026-05-30,FALSE
FreshCo No 2 & Blundell,V7C1H8,Whole Milk,Others,bulk,Lucerne 3.35% Whole Milk 4 L,6.11,each,TRUE,FALSE,2026-05-30,FALSE
FreshCo No 2 & Blundell,V7C1H8,Eggs Large,Others,small,Compliments White Eggs Large 12 Count,4.17,each,TRUE,FALSE,2026-05-30,FALSE
FreshCo No 2 & Blundell,V7C1H8,Eggs Large,Others,bulk,Golden Valley White Eggs Large 18 Count,7.29,each,TRUE,FALSE,2026-05-30,FALSE
FreshCo No 2 & Blundell,V7C1H8,Chicken Breast,Others,small,Compliments Chicken Breasts Boneless Skinless $16.51/kg (target: 1 kg),16.51,per_kg,TRUE,TRUE,2026-05-30,FALSE
FreshCo No 2 & Blundell,V7C1H8,Chicken Breast,Others,bulk,Compliments Chicken Breast Air Chilled Boneless Skinless Value Size $17.39/kg (target: 1.8 kg),17.39,per_kg,TRUE,TRUE,2026-05-30,FALSE
FreshCo No 2 & Blundell,V7C1H8,Russet Potatoes,Others,small,Potatoes Russet Cello 2.27 kg (target: 5 lb = 2.27 kg),4.49,each,TRUE,FALSE,2026-05-30,FALSE
FreshCo No 2 & Blundell,V7C1H8,Russet Potatoes,Others,bulk,Potatoes Russet 4.54 kg (target: 10 lb = 4.54 kg),7.99,each,TRUE,FALSE,2026-05-30,FALSE
FreshCo No 2 & Blundell,V7C1H8,Carrots,Others,small,Carrots (3 lbs) 1.36 kg,4.99,each,TRUE,FALSE,2026-05-30,FALSE
FreshCo No 2 & Blundell,V7C1H8,Carrots,Others,bulk,No 5 lb (2.27 kg) carrot bag in stock — Out of Stock,,each,FALSE,FALSE,2026-05-30,FALSE
FreshCo No 2 & Blundell,V7C1H8,Black Beans,Others,small,Unico Black Beans 540 ml (on sale from $1.99),1.49,each,TRUE,FALSE,2026-05-30,FALSE
FreshCo No 2 & Blundell,V7C1H8,Black Beans,Others,bulk,Black Beans 6-pack — not sold as pre-packaged 6-pack,,each,FALSE,FALSE,2026-05-30,TRUE
FreshCo No 2 & Blundell,V7C1H8,Canola Oil,Others,small,Compliments Canola Oil 100% Pure 946 ml (target: 1 L),5.79,each,TRUE,FALSE,2026-05-30,TRUE
FreshCo No 2 & Blundell,V7C1H8,Canola Oil,Others,bulk,Compliments Canola Oil Pure 3 L,13.79,each,TRUE,FALSE,2026-05-30,FALSE
FreshCo No 2 & Blundell,V7C1H8,Quaker Oats,Others,small,Quaker Quick Oats 100% Whole Grain 1 kg,3.99,each,TRUE,FALSE,2026-05-30,FALSE
FreshCo No 2 & Blundell,V7C1H8,Quaker Oats,Others,bulk,Quaker Quick Oats 2.25 kg,7.49,each,TRUE,FALSE,2026-05-30,FALSE
FreshCo No 2 & Blundell,V7C1H8,Bananas,Others,small,Bananas 1 Bunch (5-6 bananas) — $1.74/kg sold by weight (target: 1 kg),1.74,per_kg,TRUE,TRUE,2026-05-30,FALSE
FreshCo No 2 & Blundell,V7C1H8,Bananas,Others,bulk,Bananas sold by weight $1.74/kg; no 3 kg pre-packaged bag available,1.74,per_kg,TRUE,TRUE,2026-05-30,TRUE
CHALO! FreshCo 138 St & 72 Ave,V3W 7T9,Basmati Rice,South Asian,small,Tilda Basmati Rice Original 1.81 kg (target: 2 kg — on sale from $11.99),9.99,each,TRUE,FALSE,2026-05-30,TRUE
CHALO! FreshCo 138 St & 72 Ave,V3W 7T9,Basmati Rice,South Asian,bulk,India Gate Basmati Rice Premium 4.5 kg (target: 10 kg — no 10 kg available),16.99,each,TRUE,FALSE,2026-05-30,TRUE
CHALO! FreshCo 138 St & 72 Ave,V3W 7T9,Whole Wheat Atta,South Asian,small,Aashirwaad Atta Multigrain 4.54 kg (target: 10 lb/4.54 kg — multigrain variety),12.99,each,TRUE,FALSE,2026-05-30,TRUE
CHALO! FreshCo 138 St & 72 Ave,V3W 7T9,Whole Wheat Atta,South Asian,bulk,Sher Whole Wheat Flour Durum Atta Desi Style 9.07 kg (target: 20 lb/9.07 kg — on sale from $18.97),16.99,each,TRUE,FALSE,2026-05-30,FALSE
CHALO! FreshCo 138 St & 72 Ave,V3W 7T9,Toor Dal,South Asian,small,Chalo Toor Dal Split Pigeons Peas 1.81 kg (target: 900 g — only size in stock),7.00,each,TRUE,FALSE,2026-05-30,TRUE
CHALO! FreshCo 138 St & 72 Ave,V3W 7T9,Toor Dal,South Asian,bulk,Chalo Split Pigeon Peas Toor Dal 3.63 kg (target: 4 kg — closest available),15.00,each,TRUE,FALSE,2026-05-30,TRUE
CHALO! FreshCo 138 St & 72 Ave,V3W 7T9,Whole Milk,South Asian,small,Lucerne 3.25% Whole Milk 1 L,3.19,each,TRUE,FALSE,2026-05-30,FALSE
CHALO! FreshCo 138 St & 72 Ave,V3W 7T9,Whole Milk,South Asian,bulk,Lucerne 3.35% Whole Milk 4 L,6.11,each,TRUE,FALSE,2026-05-30,FALSE
CHALO! FreshCo 138 St & 72 Ave,V3W 7T9,Yellow Onions,South Asian,small,Compliments Onions Yellow 1.36 kg (target: 1 kg — closest packaged),3.49,each,TRUE,FALSE,2026-05-30,TRUE
CHALO! FreshCo 138 St & 72 Ave,V3W 7T9,Yellow Onions,South Asian,bulk,Yellow Onions Medium 4.54 kg (target: 5 kg),10.99,each,TRUE,FALSE,2026-05-30,TRUE
CHALO! FreshCo 138 St & 72 Ave,V3W 7T9,Roma Tomatoes,South Asian,small,Roma Tomato (Plum Tomato) — sold by weight $6.59/kg (on sale from $8.80/kg),6.59,per_kg,TRUE,TRUE,2026-05-30,FALSE
CHALO! FreshCo 138 St & 72 Ave,V3W 7T9,Roma Tomatoes,South Asian,bulk,Roma Tomato (Plum Tomato) — $6.59/kg; no 3 kg bag available,6.59,per_kg,TRUE,TRUE,2026-05-30,TRUE
CHALO! FreshCo 138 St & 72 Ave,V3W 7T9,Chicken Thighs,South Asian,small,Compliments Chicken Thighs $11.00/kg (variable weight ~0.58 kg pack),11.00,per_kg,TRUE,TRUE,2026-05-30,FALSE
CHALO! FreshCo 138 St & 72 Ave,V3W 7T9,Chicken Thighs,South Asian,bulk,Compliments Chicken Thighs Value Pack $11.00/kg (~1.4 kg; no 3 kg pack),11.00,per_kg,TRUE,TRUE,2026-05-30,TRUE
CHALO! FreshCo 138 St & 72 Ave,V3W 7T9,Balkan Yogurt,South Asian,small,Astro Original 3% Yogurt Balkan Style Plain 750 g (target: 650 g — closest plain Balkan),3.99,each,TRUE,FALSE,2026-05-30,TRUE
CHALO! FreshCo 138 St & 72 Ave,V3W 7T9,Balkan Yogurt,South Asian,bulk,Olympic Organic 3.5% Yogurt Plain 1.75 kg (target: 1.75 kg Balkan — no Balkan 1.75 kg available),12.49,each,TRUE,FALSE,2026-05-30,TRUE
CHALO! FreshCo 138 St & 72 Ave,V3W 7T9,Garlic,South Asian,small,Fresh Garlic 3 Count $1.99 (3-bulb pack),1.99,each,TRUE,FALSE,2026-05-30,FALSE
CHALO! FreshCo 138 St & 72 Ave,V3W 7T9,Garlic,South Asian,bulk,No 500 g fresh garlic bag available — product unavailable,,each,FALSE,FALSE,2026-05-30,TRUE
CHALO! FreshCo 138 St & 72 Ave,V3W 7T9,Canola Oil,South Asian,small,Compliments Canola Oil 100% Pure 946 ml (target: 1 L),5.79,each,TRUE,FALSE,2026-05-30,TRUE
CHALO! FreshCo 138 St & 72 Ave,V3W 7T9,Canola Oil,South Asian,bulk,Compliments Canola Oil Pure 3 L,13.79,each,TRUE,FALSE,2026-05-30,FALSE
CHALO! FreshCo 138 St & 72 Ave,V3W 7T9,Jasmine Rice,Chinese,small,Dainty Rice Jasmine 1.6 kg (target: 2 kg — closest in stock),9.47,each,TRUE,FALSE,2026-05-30,TRUE
CHALO! FreshCo 138 St & 72 Ave,V3W 7T9,Jasmine Rice,Chinese,bulk,Vita Rice Jasmine Value Size 8 kg (target: 10 kg — closest in stock),16.99,each,TRUE,FALSE,2026-05-30,TRUE
CHALO! FreshCo 138 St & 72 Ave,V3W 7T9,Bok Choy,Chinese,small,Bok Choy 1 Bunch — $4.39/kg sold by weight (avg ~0.72 kg),4.39,per_kg,TRUE,TRUE,2026-05-30,FALSE
CHALO! FreshCo 138 St & 72 Ave,V3W 7T9,Bok Choy,Chinese,bulk,Bok Choy — $4.39/kg; no 2 kg bag available,4.39,per_kg,TRUE,TRUE,2026-05-30,TRUE
CHALO! FreshCo 138 St & 72 Ave,V3W 7T9,Firm Tofu,Chinese,small,Soyganic Organic Tofu Extra Firm 350 g (on sale from $3.79),3.29,each,TRUE,FALSE,2026-05-30,FALSE
CHALO! FreshCo 138 St & 72 Ave,V3W 7T9,Firm Tofu,Chinese,bulk,No 2-pack firm tofu available — product unavailable,,each,FALSE,FALSE,2026-05-30,TRUE
CHALO! FreshCo 138 St & 72 Ave,V3W 7T9,Kikkoman Soy Sauce,Chinese,small,Kikkoman Soy Sauce 296 ml (target: 250 ml — on sale from $5.49),3.98,each,TRUE,FALSE,2026-05-30,TRUE
CHALO! FreshCo 138 St & 72 Ave,V3W 7T9,Kikkoman Soy Sauce,Chinese,bulk,Kikkoman Soy Sauce 1.2 L (target: 1.89 L — closest in stock; on sale from $12.99),9.98,each,TRUE,FALSE,2026-05-30,TRUE
CHALO! FreshCo 138 St & 72 Ave,V3W 7T9,Silk Soy Milk,Chinese,small,Silk Dairy-Free Unsweetened Soy Milk 946 ml (on sale from $3.29),2.79,each,TRUE,FALSE,2026-05-30,FALSE
CHALO! FreshCo 138 St & 72 Ave,V3W 7T9,Silk Soy Milk,Chinese,bulk,Silk Dairy-Free Soy Milk Alternative Original 1.89 L,4.00,each,TRUE,FALSE,2026-05-30,FALSE
CHALO! FreshCo 138 St & 72 Ave,V3W 7T9,Eggs Large,Chinese,small,Compliments White Eggs Large 12 Count,4.17,each,TRUE,FALSE,2026-05-30,FALSE
CHALO! FreshCo 138 St & 72 Ave,V3W 7T9,Eggs Large,Chinese,bulk,Golden Valley White Eggs Large 18 Count,7.29,each,TRUE,FALSE,2026-05-30,FALSE
CHALO! FreshCo 138 St & 72 Ave,V3W 7T9,Green Onions,Chinese,small,Green Onions 1 Count (1 bunch),1.49,each,TRUE,FALSE,2026-05-30,FALSE
CHALO! FreshCo 138 St & 72 Ave,V3W 7T9,Green Onions,Chinese,bulk,Green Onions 3 bunches — not sold as pre-pack,,each,FALSE,FALSE,2026-05-30,TRUE
CHALO! FreshCo 138 St & 72 Ave,V3W 7T9,Sesame Oil,Chinese,small,8 Treasures Sesame Oil 185 ml (target: 327 ml — on sale from $5.49),4.48,each,TRUE,FALSE,2026-05-30,TRUE
CHALO! FreshCo 138 St & 72 Ave,V3W 7T9,Sesame Oil,Chinese,bulk,No 1 L sesame oil in stock (Lee Kum Kee 443 ml out of stock) — unavailable,,each,FALSE,FALSE,2026-05-30,TRUE
CHALO! FreshCo 138 St & 72 Ave,V3W 7T9,Pork Shoulder,Chinese,small,Picnic Bone In Pork Shoulder — Out of Stock,,per_kg,FALSE,FALSE,2026-05-30,FALSE
CHALO! FreshCo 138 St & 72 Ave,V3W 7T9,Pork Shoulder,Chinese,bulk,Pork Shoulder — Out of Stock; no fixed 3 kg pack,,per_kg,FALSE,FALSE,2026-05-30,FALSE
CHALO! FreshCo 138 St & 72 Ave,V3W 7T9,Napa Cabbage,Chinese,small,Napa Cabbage 1 Count — $4.39/kg sold by weight (avg ~1.28 kg),4.39,per_kg,TRUE,TRUE,2026-05-30,FALSE
CHALO! FreshCo 138 St & 72 Ave,V3W 7T9,Napa Cabbage,Chinese,bulk,Napa Cabbage — $4.39/kg; no 3 kg bag available,4.39,per_kg,TRUE,TRUE,2026-05-30,TRUE
CHALO! FreshCo 138 St & 72 Ave,V3W 7T9,White Rice,Filipino,small,Dainty Rice Jasmine 1.6 kg used as White Rice proxy (target: 2 kg),9.47,each,TRUE,FALSE,2026-05-30,TRUE
CHALO! FreshCo 138 St & 72 Ave,V3W 7T9,White Rice,Filipino,bulk,Vita Rice Jasmine Value Size 8 kg used as White Rice proxy (target: 10 kg),16.99,each,TRUE,FALSE,2026-05-30,TRUE
CHALO! FreshCo 138 St & 72 Ave,V3W 7T9,Frozen Tilapia,Filipino,small,Compliments Naturally Simple Frozen Tilapia Fillets 400 g (target: 500 g),5.99,each,TRUE,FALSE,2026-05-30,TRUE
CHALO! FreshCo 138 St & 72 Ave,V3W 7T9,Frozen Tilapia,Filipino,bulk,Eight Treasures Frozen Whole Uncooked Tilapia 1.36 kg (target: 2 kg — no 2 kg available),10.00,each,TRUE,FALSE,2026-05-30,TRUE
CHALO! FreshCo 138 St & 72 Ave,V3W 7T9,Yellow Onions,Filipino,small,Compliments Onions Yellow 1.36 kg (target: 2 kg — closest packaged),3.49,each,TRUE,FALSE,2026-05-30,TRUE
CHALO! FreshCo 138 St & 72 Ave,V3W 7T9,Yellow Onions,Filipino,bulk,Yellow Onions Medium 4.54 kg (target: 5 kg),10.99,each,TRUE,FALSE,2026-05-30,TRUE
CHALO! FreshCo 138 St & 72 Ave,V3W 7T9,Coconut Milk,Filipino,small,Eight Treasures Canned Coconut Milk 400 ml (on sale from $1.69),1.18,each,TRUE,FALSE,2026-05-30,FALSE
CHALO! FreshCo 138 St & 72 Ave,V3W 7T9,Coconut Milk,Filipino,bulk,Coconut Milk 6-pack — not sold as pre-packaged 6-pack,,each,FALSE,FALSE,2026-05-30,TRUE
CHALO! FreshCo 138 St & 72 Ave,V3W 7T9,Fish Sauce,Filipino,small,Kim Phat Fish Sauce 298 ml (target: 350 ml — on sale from $3.49),2.98,each,TRUE,FALSE,2026-05-30,TRUE
CHALO! FreshCo 138 St & 72 Ave,V3W 7T9,Fish Sauce,Filipino,bulk,Pangasinan Patis Fish Sauce 750 ml — Out of Stock,,each,FALSE,FALSE,2026-05-30,TRUE
CHALO! FreshCo 138 St & 72 Ave,V3W 7T9,Pork Belly,Filipino,small,Fresh and Sliced Pork Belly $18.72/kg (variable weight ~1 kg),18.72,per_kg,TRUE,TRUE,2026-05-30,FALSE
CHALO! FreshCo 138 St & 72 Ave,V3W 7T9,Pork Belly,Filipino,bulk,Pork Belly Boneless Skinless Value Size $11.00/kg ~3.47 kg — Out of Stock,11.00,per_kg,FALSE,TRUE,2026-05-30,TRUE
CHALO! FreshCo 138 St & 72 Ave,V3W 7T9,Eggs Large,Filipino,small,Compliments White Eggs Large 12 Count,4.17,each,TRUE,FALSE,2026-05-30,FALSE
CHALO! FreshCo 138 St & 72 Ave,V3W 7T9,Eggs Large,Filipino,bulk,Golden Valley White Eggs Large 18 Count,7.29,each,TRUE,FALSE,2026-05-30,FALSE
CHALO! FreshCo 138 St & 72 Ave,V3W 7T9,Eggplant,Filipino,small,Eggplant 1 Count — $4.39/kg (on sale from $6.59/kg) sold by weight,4.39,per_kg,TRUE,TRUE,2026-05-30,FALSE
CHALO! FreshCo 138 St & 72 Ave,V3W 7T9,Eggplant,Filipino,bulk,Eggplant — $4.39/kg; no 2 kg bag available,4.39,per_kg,TRUE,TRUE,2026-05-30,TRUE
CHALO! FreshCo 138 St & 72 Ave,V3W 7T9,Garlic,Filipino,small,Fresh Garlic 3 Count $1.99 (3-bulb pack; target: 3-pack),1.99,each,TRUE,FALSE,2026-05-30,FALSE
CHALO! FreshCo 138 St & 72 Ave,V3W 7T9,Garlic,Filipino,bulk,No 500 g fresh garlic bag available — product unavailable,,each,FALSE,FALSE,2026-05-30,TRUE
CHALO! FreshCo 138 St & 72 Ave,V3W 7T9,Cane Vinegar,Filipino,small,No cane vinegar found; Compliments White Vinegar 500 ml (closest substitute),0.99,each,TRUE,FALSE,2026-05-30,TRUE
CHALO! FreshCo 138 St & 72 Ave,V3W 7T9,Cane Vinegar,Filipino,bulk,No cane vinegar found; Compliments White Vinegar 1 L (closest substitute),1.79,each,TRUE,FALSE,2026-05-30,TRUE
CHALO! FreshCo 138 St & 72 Ave,V3W 7T9,Short Grain Rice,Korean,small,Kokuho Rice 2 kg (short grain),10.99,each,TRUE,FALSE,2026-05-30,FALSE
CHALO! FreshCo 138 St & 72 Ave,V3W 7T9,Short Grain Rice,Korean,bulk,Japan Foods Botan Calrose Rice Value Size 8 kg (target: 9 kg — closest in stock),22.99,each,TRUE,FALSE,2026-05-30,TRUE
CHALO! FreshCo 138 St & 72 Ave,V3W 7T9,Kimchi,Korean,small,No kimchi available — product unavailable,,each,FALSE,FALSE,2026-05-30,FALSE
CHALO! FreshCo 138 St & 72 Ave,V3W 7T9,Kimchi,Korean,bulk,No kimchi available — product unavailable,,each,FALSE,FALSE,2026-05-30,FALSE
CHALO! FreshCo 138 St & 72 Ave,V3W 7T9,Gochujang,Korean,small,No gochujang available — product unavailable,,each,FALSE,FALSE,2026-05-30,FALSE
CHALO! FreshCo 138 St & 72 Ave,V3W 7T9,Gochujang,Korean,bulk,No gochujang available — product unavailable,,each,FALSE,FALSE,2026-05-30,FALSE
CHALO! FreshCo 138 St & 72 Ave,V3W 7T9,Bean Sprouts,Korean,small,Bean sprouts not found in search — product unavailable,,each,FALSE,FALSE,2026-05-30,TRUE
CHALO! FreshCo 138 St & 72 Ave,V3W 7T9,Bean Sprouts,Korean,bulk,Bean sprouts not found in search — product unavailable,,each,FALSE,FALSE,2026-05-30,TRUE
CHALO! FreshCo 138 St & 72 Ave,V3W 7T9,Ground Beef,Korean,small,Medium Ground Beef 454 g (target: 500 g),7.00,each,TRUE,FALSE,2026-05-30,TRUE
CHALO! FreshCo 138 St & 72 Ave,V3W 7T9,Ground Beef,Korean,bulk,Ground Beef Lean VP 1 kg (target: 2 kg — no 2 kg pack in stock),17.00,each,TRUE,FALSE,2026-05-30,TRUE
CHALO! FreshCo 138 St & 72 Ave,V3W 7T9,Sesame Oil,Korean,small,8 Treasures Sesame Oil 185 ml (target: 327 ml — on sale from $5.49),4.48,each,TRUE,FALSE,2026-05-30,TRUE
CHALO! FreshCo 138 St & 72 Ave,V3W 7T9,Sesame Oil,Korean,bulk,No 1 L sesame oil in stock — unavailable,,each,FALSE,FALSE,2026-05-30,TRUE
CHALO! FreshCo 138 St & 72 Ave,V3W 7T9,Nori,Korean,small,No nori sheets available — product unavailable,,each,FALSE,FALSE,2026-05-30,FALSE
CHALO! FreshCo 138 St & 72 Ave,V3W 7T9,Nori,Korean,bulk,No nori sheets available — product unavailable,,each,FALSE,FALSE,2026-05-30,FALSE
CHALO! FreshCo 138 St & 72 Ave,V3W 7T9,Silken Tofu,Korean,small,Sunrise Tofu Soft 300 g (on sale from $1.79),1.49,each,TRUE,FALSE,2026-05-30,FALSE
CHALO! FreshCo 138 St & 72 Ave,V3W 7T9,Silken Tofu,Korean,bulk,No 2-pack silken tofu in stock — unavailable,,each,FALSE,FALSE,2026-05-30,TRUE
CHALO! FreshCo 138 St & 72 Ave,V3W 7T9,Frozen Mackerel,Korean,small,AA-1 Hasa Hasa Frozen Indian Mackerel 450 g — Out of Stock,,each,FALSE,FALSE,2026-05-30,FALSE
CHALO! FreshCo 138 St & 72 Ave,V3W 7T9,Frozen Mackerel,Korean,bulk,No 1 kg mackerel in stock — unavailable,,each,FALSE,FALSE,2026-05-30,TRUE
CHALO! FreshCo 138 St & 72 Ave,V3W 7T9,Eggs Large,Korean,small,Compliments White Eggs Large 12 Count,4.17,each,TRUE,FALSE,2026-05-30,FALSE
CHALO! FreshCo 138 St & 72 Ave,V3W 7T9,Eggs Large,Korean,bulk,Golden Valley White Eggs Large 18 Count,7.29,each,TRUE,FALSE,2026-05-30,FALSE
CHALO! FreshCo 138 St & 72 Ave,V3W 7T9,Whole Wheat Bread,European,small,Compliments Bread Whole Wheat 570 g,2.48,each,TRUE,FALSE,2026-05-30,FALSE
CHALO! FreshCo 138 St & 72 Ave,V3W 7T9,Whole Wheat Bread,European,bulk,No 2-loaf pack available — product unavailable,,each,FALSE,FALSE,2026-05-30,TRUE
CHALO! FreshCo 138 St & 72 Ave,V3W 7T9,Whole Milk,European,small,Lucerne 3.25% Whole Milk 1 L,3.19,each,TRUE,FALSE,2026-05-30,FALSE
CHALO! FreshCo 138 St & 72 Ave,V3W 7T9,Whole Milk,European,bulk,Lucerne 3.35% Whole Milk 4 L,6.11,each,TRUE,FALSE,2026-05-30,FALSE
CHALO! FreshCo 138 St & 72 Ave,V3W 7T9,Cheddar,European,small,Compliments Cheddar Marble Cheese Block 400 g (on sale from $5.99),4.99,each,TRUE,FALSE,2026-05-30,FALSE
CHALO! FreshCo 138 St & 72 Ave,V3W 7T9,Cheddar,European,bulk,Compliments Cheddar Cheese Mild Marble Value Size 700 g (target: 1 kg — no 1 kg available),9.99,each,TRUE,FALSE,2026-05-30,TRUE
CHALO! FreshCo 138 St & 72 Ave,V3W 7T9,Eggs Large,European,small,Compliments White Eggs Large 12 Count,4.17,each,TRUE,FALSE,2026-05-30,FALSE
CHALO! FreshCo 138 St & 72 Ave,V3W 7T9,Eggs Large,European,bulk,Golden Valley White Eggs Large 18 Count,7.29,each,TRUE,FALSE,2026-05-30,FALSE
CHALO! FreshCo 138 St & 72 Ave,V3W 7T9,Ground Beef,European,small,Medium Ground Beef 454 g (target: 500 g),7.00,each,TRUE,FALSE,2026-05-30,TRUE
CHALO! FreshCo 138 St & 72 Ave,V3W 7T9,Ground Beef,European,bulk,Ground Beef Lean VP 1 kg (target: 2 kg — no 2 kg in stock),17.00,each,TRUE,FALSE,2026-05-30,TRUE
CHALO! FreshCo 138 St & 72 Ave,V3W 7T9,Russet Potatoes,European,small,Potatoes Russet Cello 2.27 kg (target: 5 lb = 2.27 kg),4.49,each,TRUE,FALSE,2026-05-30,FALSE
CHALO! FreshCo 138 St & 72 Ave,V3W 7T9,Russet Potatoes,European,bulk,Russet Potatoes 4.54 kg — all sizes Out of Stock,,each,FALSE,FALSE,2026-05-30,FALSE
CHALO! FreshCo 138 St & 72 Ave,V3W 7T9,Carrots,European,small,Carrots (3 lbs) 1.36 kg,4.99,each,TRUE,FALSE,2026-05-30,FALSE
CHALO! FreshCo 138 St & 72 Ave,V3W 7T9,Carrots,European,bulk,No 5 lb carrot bag in stock — Out of Stock,,each,FALSE,FALSE,2026-05-30,FALSE
CHALO! FreshCo 138 St & 72 Ave,V3W 7T9,Olive Oil,European,small,Compliments Organic Gluten-Free Extra Virgin Olive Oil 500 ml,9.99,each,TRUE,FALSE,2026-05-30,FALSE
CHALO! FreshCo 138 St & 72 Ave,V3W 7T9,Olive Oil,European,bulk,Compliments Olive Oil Extra Virgin 1 L (target: 2 L — no 2 L available),10.99,each,TRUE,FALSE,2026-05-30,TRUE
CHALO! FreshCo 138 St & 72 Ave,V3W 7T9,Diced Tomatoes,European,small,Unico Diced Tomatoes 796 ml (on sale from $2.69),1.49,each,TRUE,FALSE,2026-05-30,FALSE
CHALO! FreshCo 138 St & 72 Ave,V3W 7T9,Diced Tomatoes,European,bulk,Diced Tomatoes 6-pack — not sold as pre-packaged 6-pack,,each,FALSE,FALSE,2026-05-30,TRUE
CHALO! FreshCo 138 St & 72 Ave,V3W 7T9,Greek Yogurt,European,small,Compliments 0% Greek Yogurt Plain 650 g (target: 500 g),4.50,each,TRUE,FALSE,2026-05-30,TRUE
CHALO! FreshCo 138 St & 72 Ave,V3W 7T9,Greek Yogurt,European,bulk,Olympic 2% Greek Yogurt Plain 1.75 kg (target: 1.5 kg — closest available),12.49,each,TRUE,FALSE,2026-05-30,TRUE
CHALO! FreshCo 138 St & 72 Ave,V3W 7T9,Gold Seal Salmon,Indigenous,small,Clover Leaf Sockeye Salmon Wild Red Pacific 213 g (Gold Seal not available),5.89,each,TRUE,FALSE,2026-05-30,TRUE
CHALO! FreshCo 138 St & 72 Ave,V3W 7T9,Gold Seal Salmon,Indigenous,bulk,No 6-pack canned salmon available — product unavailable,,each,FALSE,FALSE,2026-05-30,TRUE
CHALO! FreshCo 138 St & 72 Ave,V3W 7T9,Robin Hood Flour,Indigenous,small,Robin Hood Flour All Purpose Original 2.5 kg (target: 2 kg — closest same-brand),6.49,each,TRUE,FALSE,2026-05-30,TRUE
CHALO! FreshCo 138 St & 72 Ave,V3W 7T9,Robin Hood Flour,Indigenous,bulk,Robin Hood All Purpose Flour Original 10 kg,19.99,each,TRUE,FALSE,2026-05-30,FALSE
CHALO! FreshCo 138 St & 72 Ave,V3W 7T9,Wild Blueberries,Indigenous,small,Compliments Frozen Wild Blueberries 300 g,5.49,each,TRUE,FALSE,2026-05-30,FALSE
CHALO! FreshCo 138 St & 72 Ave,V3W 7T9,Wild Blueberries,Indigenous,bulk,No 1 kg wild blueberries in stock — Out of Stock,,each,FALSE,FALSE,2026-05-30,FALSE
CHALO! FreshCo 138 St & 72 Ave,V3W 7T9,Bison,Indigenous,small,No bison meat available — product unavailable,,each,FALSE,FALSE,2026-05-30,FALSE
CHALO! FreshCo 138 St & 72 Ave,V3W 7T9,Bison,Indigenous,bulk,No bison meat available — product unavailable,,each,FALSE,FALSE,2026-05-30,FALSE
CHALO! FreshCo 138 St & 72 Ave,V3W 7T9,Russet Potatoes,Indigenous,small,Potatoes Russet Cello 2.27 kg (target: 3 lb = 1.36 kg — closest in stock),4.49,each,TRUE,FALSE,2026-05-30,TRUE
CHALO! FreshCo 138 St & 72 Ave,V3W 7T9,Russet Potatoes,Indigenous,bulk,Russet Potatoes 4.54 kg — all sizes Out of Stock,,each,FALSE,FALSE,2026-05-30,FALSE
CHALO! FreshCo 138 St & 72 Ave,V3W 7T9,Whole Milk,Indigenous,small,Lucerne 3.25% Whole Milk 1 L,3.19,each,TRUE,FALSE,2026-05-30,FALSE
CHALO! FreshCo 138 St & 72 Ave,V3W 7T9,Whole Milk,Indigenous,bulk,Lucerne 3.35% Whole Milk 4 L,6.11,each,TRUE,FALSE,2026-05-30,FALSE
CHALO! FreshCo 138 St & 72 Ave,V3W 7T9,Eggs Large,Indigenous,small,Compliments White Eggs Large 12 Count,4.17,each,TRUE,FALSE,2026-05-30,FALSE
CHALO! FreshCo 138 St & 72 Ave,V3W 7T9,Eggs Large,Indigenous,bulk,Golden Valley White Eggs Large 18 Count,7.29,each,TRUE,FALSE,2026-05-30,FALSE
CHALO! FreshCo 138 St & 72 Ave,V3W 7T9,Pinto Beans,Indigenous,small,No 540 ml canned pinto beans in stock — Out of Stock,,each,FALSE,FALSE,2026-05-30,FALSE
CHALO! FreshCo 138 St & 72 Ave,V3W 7T9,Pinto Beans,Indigenous,bulk,Pinto beans 6-pack — not sold as pre-packaged 6-pack,,each,FALSE,FALSE,2026-05-30,FALSE
CHALO! FreshCo 138 St & 72 Ave,V3W 7T9,Quaker Oats,Indigenous,small,Quaker Quick Oats 100% Whole Grain 1 kg,3.99,each,TRUE,FALSE,2026-05-30,FALSE
CHALO! FreshCo 138 St & 72 Ave,V3W 7T9,Quaker Oats,Indigenous,bulk,Quaker Quick Oats 2.25 kg,7.49,each,TRUE,FALSE,2026-05-30,FALSE
CHALO! FreshCo 138 St & 72 Ave,V3W 7T9,Crisco Shortening,Indigenous,small,Crisco All Vegetable Shortening 454 g,4.79,each,TRUE,FALSE,2026-05-30,FALSE
CHALO! FreshCo 138 St & 72 Ave,V3W 7T9,Crisco Shortening,Indigenous,bulk,No 1.36 kg Crisco available — product unavailable,,each,FALSE,FALSE,2026-05-30,FALSE
CHALO! FreshCo 138 St & 72 Ave,V3W 7T9,Whole Wheat Bread,Others,small,Compliments Bread Whole Wheat 570 g,2.48,each,TRUE,FALSE,2026-05-30,FALSE
CHALO! FreshCo 138 St & 72 Ave,V3W 7T9,Whole Wheat Bread,Others,bulk,No 2-loaf pack available — product unavailable,,each,FALSE,FALSE,2026-05-30,TRUE
CHALO! FreshCo 138 St & 72 Ave,V3W 7T9,Whole Milk,Others,small,Lucerne 3.25% Whole Milk 1 L,3.19,each,TRUE,FALSE,2026-05-30,FALSE
CHALO! FreshCo 138 St & 72 Ave,V3W 7T9,Whole Milk,Others,bulk,Lucerne 3.35% Whole Milk 4 L,6.11,each,TRUE,FALSE,2026-05-30,FALSE
CHALO! FreshCo 138 St & 72 Ave,V3W 7T9,Eggs Large,Others,small,Compliments White Eggs Large 12 Count,4.17,each,TRUE,FALSE,2026-05-30,FALSE
CHALO! FreshCo 138 St & 72 Ave,V3W 7T9,Eggs Large,Others,bulk,Golden Valley White Eggs Large 18 Count,7.29,each,TRUE,FALSE,2026-05-30,FALSE
CHALO! FreshCo 138 St & 72 Ave,V3W 7T9,Chicken Breast,Others,small,Compliments Chicken Breasts Boneless Skinless $17.61/kg (target: 1 kg),17.61,per_kg,TRUE,TRUE,2026-05-30,FALSE
CHALO! FreshCo 138 St & 72 Ave,V3W 7T9,Chicken Breast,Others,bulk,Compliments Chicken Breast Air Chilled Boneless Skinless Value Size $17.39/kg (~1.6 kg),17.39,per_kg,TRUE,TRUE,2026-05-30,FALSE
CHALO! FreshCo 138 St & 72 Ave,V3W 7T9,Russet Potatoes,Others,small,Potatoes Russet Cello 2.27 kg (target: 5 lb = 2.27 kg),4.49,each,TRUE,FALSE,2026-05-30,FALSE
CHALO! FreshCo 138 St & 72 Ave,V3W 7T9,Russet Potatoes,Others,bulk,Russet Potatoes 4.54 kg — all sizes Out of Stock,,each,FALSE,FALSE,2026-05-30,FALSE
CHALO! FreshCo 138 St & 72 Ave,V3W 7T9,Carrots,Others,small,Carrots (3 lbs) 1.36 kg,4.99,each,TRUE,FALSE,2026-05-30,FALSE
CHALO! FreshCo 138 St & 72 Ave,V3W 7T9,Carrots,Others,bulk,No 5 lb carrot bag in stock — Out of Stock,,each,FALSE,FALSE,2026-05-30,FALSE
CHALO! FreshCo 138 St & 72 Ave,V3W 7T9,Black Beans,Others,small,Unico Black Beans 540 ml (on sale from $1.99),1.49,each,TRUE,FALSE,2026-05-30,FALSE
CHALO! FreshCo 138 St & 72 Ave,V3W 7T9,Black Beans,Others,bulk,Black Beans 6-pack — not sold as pre-packaged 6-pack,,each,FALSE,FALSE,2026-05-30,TRUE
CHALO! FreshCo 138 St & 72 Ave,V3W 7T9,Canola Oil,Others,small,Compliments Canola Oil 100% Pure 946 ml (target: 1 L),5.79,each,TRUE,FALSE,2026-05-30,TRUE
CHALO! FreshCo 138 St & 72 Ave,V3W 7T9,Canola Oil,Others,bulk,Compliments Canola Oil Pure 3 L,13.79,each,TRUE,FALSE,2026-05-30,FALSE
CHALO! FreshCo 138 St & 72 Ave,V3W 7T9,Quaker Oats,Others,small,Quaker Quick Oats 100% Whole Grain 1 kg,3.99,each,TRUE,FALSE,2026-05-30,FALSE
CHALO! FreshCo 138 St & 72 Ave,V3W 7T9,Quaker Oats,Others,bulk,Quaker Quick Oats 2.25 kg,7.49,each,TRUE,FALSE,2026-05-30,FALSE
CHALO! FreshCo 138 St & 72 Ave,V3W 7T9,Bananas,Others,small,Bananas 1 Bunch (5-6 bananas) — $1.74/kg sold by weight,1.74,per_kg,TRUE,TRUE,2026-05-30,FALSE
CHALO! FreshCo 138 St & 72 Ave,V3W 7T9,Bananas,Others,bulk,Bananas sold by weight $1.74/kg; no 3 kg pre-packaged bag available,1.74,per_kg,TRUE,TRUE,2026-05-30,TRUE
Save-On-Foods Lonsdale,V7P1T3,Basmati Rice,South Asian,small,Western Family Basmati Rice 2kg,11.69,each,TRUE,FALSE,2026-06-01,FALSE
Save-On-Foods Lonsdale,V7P1T3,Basmati Rice,South Asian,bulk,Verka/Teja/Qilla Basmati Rice 10lb (4.54kg) - closest to 10kg target,13.99,each,TRUE,FALSE,2026-06-01,TRUE
Save-On-Foods Lonsdale,V7P1T3,Whole Wheat Atta,South Asian,small,Sher Durum Atta 20lb - no 10lb available; closest size,16.99,each,TRUE,FALSE,2026-06-01,TRUE
Save-On-Foods Lonsdale,V7P1T3,Whole Wheat Atta,South Asian,bulk,Sher Fibr Wala Atta 9.07kg (20lb),18.99,each,TRUE,FALSE,2026-06-01,FALSE
Save-On-Foods Lonsdale,V7P1T3,Toor Dal,South Asian,small,Product not found at this store,,each,FALSE,FALSE,2026-06-01,TRUE
Save-On-Foods Lonsdale,V7P1T3,Toor Dal,South Asian,bulk,Product not found at this store,,each,FALSE,FALSE,2026-06-01,TRUE
Save-On-Foods Lonsdale,V7P1T3,Whole Milk 3.25%,South Asian,small,Dairyland Whole Milk 3.25% 1L,3.25,each,TRUE,FALSE,2026-06-01,FALSE
Save-On-Foods Lonsdale,V7P1T3,Whole Milk 3.25%,South Asian,bulk,Dairyland Whole Milk 3.25% 4L,6.69,each,TRUE,FALSE,2026-06-01,FALSE
Save-On-Foods Lonsdale,V7P1T3,Yellow Onions,South Asian,small,Yellow onions sold by weight only - no 1kg bag; $4.40/kg,4.4,per_kg,TRUE,TRUE,2026-06-01,TRUE
Save-On-Foods Lonsdale,V7P1T3,Yellow Onions,South Asian,bulk,Yellow onions sold by weight only - no 5kg bag; $4.40/kg,4.4,per_kg,TRUE,TRUE,2026-06-01,TRUE
Save-On-Foods Lonsdale,V7P1T3,Roma Tomatoes,South Asian,small,Roma tomatoes sold by weight at $11.00/kg,11,per_kg,TRUE,TRUE,2026-06-01,TRUE
Save-On-Foods Lonsdale,V7P1T3,Roma Tomatoes,South Asian,bulk,Windset Farms Roma Tomatoes 3lb bag (fixed price),7.99,each,TRUE,FALSE,2026-06-01,TRUE
Save-On-Foods Lonsdale,V7P1T3,Chicken Thighs,South Asian,small,SOF Boneless Skinless Chicken Thighs ~750g; sold by weight at $23.10/kg,23.1,per_kg,TRUE,TRUE,2026-06-01,TRUE
Save-On-Foods Lonsdale,V7P1T3,Chicken Thighs,South Asian,bulk,Western Family Seasoned Boneless Chicken Thighs 3kg value pack,38.49,each,TRUE,FALSE,2026-06-01,TRUE
Save-On-Foods Lonsdale,V7P1T3,Plain Balkan Yogurt,South Asian,small,Astro Balkan Style Yogurt 750g (no 650g available),3.69,each,TRUE,FALSE,2026-06-01,TRUE
Save-On-Foods Lonsdale,V7P1T3,Plain Balkan Yogurt,South Asian,bulk,Olympic Greek Plain Yogurt 2% 1.75kg,16.49,each,TRUE,FALSE,2026-06-01,FALSE
Save-On-Foods Lonsdale,V7P1T3,Garlic,South Asian,small,Garlic Bulb Mesh 3-pack,1.29,each,TRUE,FALSE,2026-06-01,FALSE
Save-On-Foods Lonsdale,V7P1T3,Garlic,South Asian,bulk,Fresh Garlic Mesh Bag 1 Kilogram,6.99,each,TRUE,FALSE,2026-06-01,FALSE
Save-On-Foods Lonsdale,V7P1T3,Canola Oil,South Asian,small,Western Family Canola Oil 946ml,6.49,each,TRUE,FALSE,2026-06-01,TRUE
Save-On-Foods Lonsdale,V7P1T3,Canola Oil,South Asian,bulk,Western Family Canola Oil 3L,11.99,each,TRUE,FALSE,2026-06-01,FALSE
Save-On-Foods Lonsdale,V7P1T3,Jasmine Rice,Chinese,small,Texana Thai Jasmine Rice 2kg,9.49,each,TRUE,FALSE,2026-06-01,FALSE
Save-On-Foods Lonsdale,V7P1T3,Jasmine Rice,Chinese,bulk,Gia Gia Jasmine Rice 6kg (no 10kg available),16.69,each,TRUE,FALSE,2026-06-01,TRUE
Save-On-Foods Lonsdale,V7P1T3,Bok Choy,Chinese,small,YU Baby Bok Choy 454g; sold by weight $8.80/kg,8.8,per_kg,TRUE,TRUE,2026-06-01,FALSE
Save-On-Foods Lonsdale,V7P1T3,Bok Choy,Chinese,bulk,Bok Choy Fresh 1400g; sold by weight $5.50/kg (no 2kg bag),5.5,per_kg,TRUE,TRUE,2026-06-01,TRUE
Save-On-Foods Lonsdale,V7P1T3,Firm Tofu,Chinese,small,Sunrise Extra Firm Tofu 350g,3.99,each,TRUE,FALSE,2026-06-01,FALSE
Save-On-Foods Lonsdale,V7P1T3,Firm Tofu,Chinese,bulk,Sunrise Soyganic Firm Tofu 500g,4.49,each,TRUE,FALSE,2026-06-01,FALSE
Save-On-Foods Lonsdale,V7P1T3,Kikkoman Soy Sauce,Chinese,small,Kikkoman Soy Sauce 296ml (target 250ml; closest available),6.89,each,TRUE,FALSE,2026-06-01,TRUE
Save-On-Foods Lonsdale,V7P1T3,Kikkoman Soy Sauce,Chinese,bulk,Kikkoman Soy Sauce 1.2L (no 1.89L available),12.99,each,TRUE,FALSE,2026-06-01,TRUE
Save-On-Foods Lonsdale,V7P1T3,Silk Soy Milk,Chinese,small,Silk Original Soy Beverage 946ml,4.49,each,TRUE,FALSE,2026-06-01,FALSE
Save-On-Foods Lonsdale,V7P1T3,Silk Soy Milk,Chinese,bulk,Silk Unsweetened Soy Milk 1.89L,5.29,each,TRUE,FALSE,2026-06-01,FALSE
Save-On-Foods Lonsdale,V7P1T3,Eggs Large,Chinese,small,Western Family Extra Large White Eggs 12-pack,4.79,each,TRUE,FALSE,2026-06-01,FALSE
Save-On-Foods Lonsdale,V7P1T3,Eggs Large,Chinese,bulk,Western Family Large White Eggs 18-pack,7.35,each,TRUE,FALSE,2026-06-01,FALSE
Save-On-Foods Lonsdale,V7P1T3,Green Onions,Chinese,small,Green Onions/Scallions 1 bunch,2.69,each,TRUE,FALSE,2026-06-01,FALSE
Save-On-Foods Lonsdale,V7P1T3,Green Onions,Chinese,bulk,No 3-bunch pack available; sold as single bunches only,,each,FALSE,FALSE,2026-06-01,TRUE
Save-On-Foods Lonsdale,V7P1T3,Sesame Oil,Chinese,small,Western Family Pure Sesame Oil 300ml,5.99,each,TRUE,FALSE,2026-06-01,FALSE
Save-On-Foods Lonsdale,V7P1T3,Sesame Oil,Chinese,bulk,Lee Kum Kee Sesame Oil 443.6ml (no 500ml+ exact match),8.49,each,TRUE,FALSE,2026-06-01,TRUE
Save-On-Foods Lonsdale,V7P1T3,Pork Shoulder,Chinese,small,SOF Pork Shoulder sold by weight; smallest ~2kg roast at $12.10/kg,12.1,per_kg,TRUE,TRUE,2026-06-01,TRUE
Save-On-Foods Lonsdale,V7P1T3,Pork Shoulder,Chinese,bulk,SOF Pork Shoulder sold by weight ~3kg at $11.00/kg,11,per_kg,TRUE,TRUE,2026-06-01,TRUE
Save-On-Foods Lonsdale,V7P1T3,Napa Cabbage,Chinese,small,Cabbage Sui Choy sold by weight $5.90/kg (~1.5kg head),5.9,per_kg,TRUE,TRUE,2026-06-01,FALSE
Save-On-Foods Lonsdale,V7P1T3,Napa Cabbage,Chinese,bulk,Cabbage Sui Choy sold by weight $5.90/kg; no separate 3kg option,5.9,per_kg,TRUE,TRUE,2026-06-01,TRUE
Save-On-Foods Lonsdale,V7P1T3,White Long Grain Rice,Filipino,small,Western Family Long Grain White Rice 1.81kg (no 2kg exact),6.99,each,TRUE,FALSE,2026-06-01,TRUE
Save-On-Foods Lonsdale,V7P1T3,White Long Grain Rice,Filipino,bulk,Western Family Long Grain White Rice 8kg (no 10kg available),18.99,each,TRUE,FALSE,2026-06-01,TRUE
Save-On-Foods Lonsdale,V7P1T3,Frozen Tilapia,Filipino,small,High Liner Tilapia 540g (no 500g exact; closest available),10.5,each,TRUE,FALSE,2026-06-01,TRUE
Save-On-Foods Lonsdale,V7P1T3,Frozen Tilapia,Filipino,bulk,Frozen tilapia 2kg not available; largest pack is 540g,,each,FALSE,FALSE,2026-06-01,TRUE
Save-On-Foods Lonsdale,V7P1T3,Yellow Onions,Filipino,small,Yellow onions sold by weight only - no 2kg bag; $4.40/kg,4.4,per_kg,TRUE,TRUE,2026-06-01,TRUE
Save-On-Foods Lonsdale,V7P1T3,Yellow Onions,Filipino,bulk,Yellow onions sold by weight only - no 5kg bag; $4.40/kg,4.4,per_kg,TRUE,TRUE,2026-06-01,TRUE
Save-On-Foods Lonsdale,V7P1T3,Coconut Milk,Filipino,small,Kosa Coconut Milk 400ml can,2.54,each,TRUE,FALSE,2026-06-01,FALSE
Save-On-Foods Lonsdale,V7P1T3,Coconut Milk,Filipino,bulk,Coconut milk 6-pack not available; sold as single 400ml cans only,,each,FALSE,FALSE,2026-06-01,TRUE
Save-On-Foods Lonsdale,V7P1T3,Fish Sauce,Filipino,small,Squid Brand Fish Sauce 300ml (target 350ml; closest available),1.99,each,TRUE,FALSE,2026-06-01,TRUE
Save-On-Foods Lonsdale,V7P1T3,Fish Sauce,Filipino,bulk,Fish sauce 750ml not found; largest available is 375ml (Little Saigon),6.99,each,TRUE,FALSE,2026-06-01,TRUE
Save-On-Foods Lonsdale,V7P1T3,Pork Belly,Filipino,small,SOF Pork Belly ~907g; sold by weight at $20.50/kg,20.5,per_kg,TRUE,TRUE,2026-06-01,TRUE
Save-On-Foods Lonsdale,V7P1T3,Pork Belly,Filipino,bulk,SOF Pork Belly sold by weight at $20.50/kg; no fixed 3kg pack,20.5,per_kg,TRUE,TRUE,2026-06-01,TRUE
Save-On-Foods Lonsdale,V7P1T3,Eggs Large,Filipino,small,Western Family Extra Large White Eggs 12-pack,4.79,each,TRUE,FALSE,2026-06-01,FALSE
Save-On-Foods Lonsdale,V7P1T3,Eggs Large,Filipino,bulk,Western Family Large White Eggs 18-pack,7.35,each,TRUE,FALSE,2026-06-01,FALSE
Save-On-Foods Lonsdale,V7P1T3,Eggplant,Filipino,small,Long Eggplant sold by weight at $6.60/kg (avg ~250g each),6.6,per_kg,TRUE,TRUE,2026-06-01,FALSE
Save-On-Foods Lonsdale,V7P1T3,Eggplant,Filipino,bulk,Long Eggplant sold by weight at $6.60/kg; no 2kg bag,6.6,per_kg,TRUE,TRUE,2026-06-01,TRUE
Save-On-Foods Lonsdale,V7P1T3,Garlic,Filipino,small,Garlic Bulb Mesh 3-pack,1.29,each,TRUE,FALSE,2026-06-01,FALSE
Save-On-Foods Lonsdale,V7P1T3,Garlic,Filipino,bulk,Fresh Garlic Mesh Bag 1 Kilogram,6.99,each,TRUE,FALSE,2026-06-01,FALSE
Save-On-Foods Lonsdale,V7P1T3,Cane Vinegar,Filipino,small,Cane vinegar not available; substituted Allen's Pure White Vinegar 500ml,2.99,each,TRUE,FALSE,2026-06-01,TRUE
Save-On-Foods Lonsdale,V7P1T3,Cane Vinegar,Filipino,bulk,Cane vinegar not available; substituted Allen's Original White Vinegar 4L,6.29,each,TRUE,FALSE,2026-06-01,TRUE
Save-On-Foods Lonsdale,V7P1T3,Calrose Short Grain Rice,Korean,small,HEIWA Calrose Rice 5lb (2.27kg),11.99,each,TRUE,FALSE,2026-06-01,TRUE
Save-On-Foods Lonsdale,V7P1T3,Calrose Short Grain Rice,Korean,bulk,Short grain rice largest available 4kg (no 9kg); Katsumi or similar,16.49,each,TRUE,FALSE,2026-06-01,TRUE
Save-On-Foods Lonsdale,V7P1T3,Kimchi,Korean,small,Hankook Kimchi 900g (no 1kg exact),15.49,each,TRUE,FALSE,2026-06-01,TRUE
Save-On-Foods Lonsdale,V7P1T3,Kimchi,Korean,bulk,Kimchi 5kg not available; largest is 900g (Hankook),,each,FALSE,FALSE,2026-06-01,TRUE
Save-On-Foods Lonsdale,V7P1T3,Gochujang,Korean,small,Gochujang not found at this store,,each,FALSE,FALSE,2026-06-01,TRUE
Save-On-Foods Lonsdale,V7P1T3,Gochujang,Korean,bulk,Gochujang not found at this store,,each,FALSE,FALSE,2026-06-01,TRUE
Save-On-Foods Lonsdale,V7P1T3,Bean Sprouts,Korean,small,Zimmerman Farm Bean Sprouts 227g (target 340g; closest available),2.99,each,TRUE,FALSE,2026-06-01,TRUE
Save-On-Foods Lonsdale,V7P1T3,Bean Sprouts,Korean,bulk,Bean sprouts 1kg not available; largest is 227g,,each,FALSE,FALSE,2026-06-01,TRUE
Save-On-Foods Lonsdale,V7P1T3,Ground Beef,Korean,small,Western Canadian Lean Ground Beef 454g,9.5,each,TRUE,FALSE,2026-06-01,TRUE
Save-On-Foods Lonsdale,V7P1T3,Ground Beef,Korean,bulk,Western Canadian Lean Ground Beef ~1.36kg; sold by weight avg $25.46/ea,25.46,each,TRUE,TRUE,2026-06-01,TRUE
Save-On-Foods Lonsdale,V7P1T3,Sesame Oil,Korean,small,Western Family Pure Sesame Oil 300ml,5.99,each,TRUE,FALSE,2026-06-01,FALSE
Save-On-Foods Lonsdale,V7P1T3,Sesame Oil,Korean,bulk,Lee Kum Kee Sesame Oil 443.6ml (no 500ml+ exact),8.49,each,TRUE,FALSE,2026-06-01,TRUE
Save-On-Foods Lonsdale,V7P1T3,Nori Sheets,Korean,small,Western Family Roasted Seaweed Sushi Nori 28g (target 20g; closest available),3.99,each,TRUE,FALSE,2026-06-01,TRUE
Save-On-Foods Lonsdale,V7P1T3,Nori Sheets,Korean,bulk,Nori 100g pack not available; largest is WF 28g,3.99,each,TRUE,FALSE,2026-06-01,TRUE
Save-On-Foods Lonsdale,V7P1T3,Silken Tofu,Korean,small,Silken tofu not found at this store; only firm/medium tofu available,,each,FALSE,FALSE,2026-06-01,TRUE
Save-On-Foods Lonsdale,V7P1T3,Silken Tofu,Korean,bulk,Silken tofu not found at this store,,each,FALSE,FALSE,2026-06-01,TRUE
Save-On-Foods Lonsdale,V7P1T3,Frozen Mackerel,Korean,small,Frozen mackerel not found at this store,,each,FALSE,FALSE,2026-06-01,TRUE
Save-On-Foods Lonsdale,V7P1T3,Frozen Mackerel,Korean,bulk,Frozen mackerel not found at this store,,each,FALSE,FALSE,2026-06-01,TRUE
Save-On-Foods Lonsdale,V7P1T3,Eggs Large,Korean,small,Western Family Extra Large White Eggs 12-pack,4.79,each,TRUE,FALSE,2026-06-01,FALSE
Save-On-Foods Lonsdale,V7P1T3,Eggs Large,Korean,bulk,Western Family Large White Eggs 18-pack,7.35,each,TRUE,FALSE,2026-06-01,FALSE
Save-On-Foods Lonsdale,V7P1T3,Whole Wheat Bread,European,small,Bake Shop 100% Whole Wheat Bread 567g (target 570g),2.99,each,TRUE,FALSE,2026-06-01,TRUE
Save-On-Foods Lonsdale,V7P1T3,Whole Wheat Bread,European,bulk,Whole wheat bread 2-loaf pack not available; sold as individual loaves only,,each,FALSE,FALSE,2026-06-01,TRUE
Save-On-Foods Lonsdale,V7P1T3,Whole Milk 3.25%,European,small,Dairyland Whole Milk 3.25% 1L,3.25,each,TRUE,FALSE,2026-06-01,FALSE
Save-On-Foods Lonsdale,V7P1T3,Whole Milk 3.25%,European,bulk,Dairyland Whole Milk 3.25% 4L,6.69,each,TRUE,FALSE,2026-06-01,FALSE
Save-On-Foods Lonsdale,V7P1T3,Cheddar Cheese,European,small,Western Family Old Cheddar Block 400g,8.29,each,TRUE,FALSE,2026-06-01,FALSE
Save-On-Foods Lonsdale,V7P1T3,Cheddar Cheese,European,bulk,Value Priced Old Cheddar 820g (no 1kg exact),14.99,each,TRUE,FALSE,2026-06-01,TRUE
Save-On-Foods Lonsdale,V7P1T3,Eggs Large,European,small,Western Family Extra Large White Eggs 12-pack,4.79,each,TRUE,FALSE,2026-06-01,FALSE
Save-On-Foods Lonsdale,V7P1T3,Eggs Large,European,bulk,Western Family Large White Eggs 18-pack,7.35,each,TRUE,FALSE,2026-06-01,FALSE
Save-On-Foods Lonsdale,V7P1T3,Ground Beef,European,small,Western Canadian Lean Ground Beef 454g,9.5,each,TRUE,FALSE,2026-06-01,FALSE
Save-On-Foods Lonsdale,V7P1T3,Ground Beef,European,bulk,Western Canadian Lean Ground Beef ~1.36kg; sold by weight avg $25.46/ea,25.46,each,TRUE,TRUE,2026-06-01,TRUE
Save-On-Foods Lonsdale,V7P1T3,Russet Potatoes,European,small,Russet Potatoes 5lb bag,6.99,each,TRUE,FALSE,2026-06-01,FALSE
Save-On-Foods Lonsdale,V7P1T3,Russet Potatoes,European,bulk,Russet Potatoes 10lb bag,8.99,each,TRUE,FALSE,2026-06-01,FALSE
Save-On-Foods Lonsdale,V7P1T3,Carrots,European,small,Carrots Cello Bag 3lb,4.99,each,TRUE,FALSE,2026-06-01,FALSE
Save-On-Foods Lonsdale,V7P1T3,Carrots,European,bulk,Carrots Orange 5lb Cello,7.49,each,TRUE,FALSE,2026-06-01,FALSE
Save-On-Foods Lonsdale,V7P1T3,Extra Virgin Olive Oil,European,small,Western Family Extra Virgin Olive Oil 500ml,9.99,each,TRUE,FALSE,2026-06-01,FALSE
Save-On-Foods Lonsdale,V7P1T3,Extra Virgin Olive Oil,European,bulk,No 2L EVOO available; largest is Western Family 1L,19.99,each,TRUE,FALSE,2026-06-01,TRUE
Save-On-Foods Lonsdale,V7P1T3,Diced Tomatoes Canned,European,small,Western Family Diced Tomatoes In Juice 796ml,2.79,each,TRUE,FALSE,2026-06-01,FALSE
Save-On-Foods Lonsdale,V7P1T3,Diced Tomatoes Canned,European,bulk,Diced tomatoes 6-pack not available; sold as individual cans,,each,FALSE,FALSE,2026-06-01,TRUE
Save-On-Foods Lonsdale,V7P1T3,Greek Yogurt Plain,European,small,Western Family Greek Style Yogurt Plain 500g,5.29,each,TRUE,FALSE,2026-06-01,FALSE
Save-On-Foods Lonsdale,V7P1T3,Greek Yogurt Plain,European,bulk,OIKOS Greek Yogurt Plain 1.5kg,12.99,each,TRUE,FALSE,2026-06-01,FALSE
Save-On-Foods Lonsdale,V7P1T3,Canned Salmon,Indigenous,small,Gold Seal Wild Pink Salmon 213g,5.99,each,TRUE,FALSE,2026-06-01,FALSE
Save-On-Foods Lonsdale,V7P1T3,Canned Salmon,Indigenous,bulk,Canned salmon 6-pack not available; sold as individual 213g cans,,each,FALSE,FALSE,2026-06-01,TRUE
Save-On-Foods Lonsdale,V7P1T3,Robin Hood All Purpose Flour,Indigenous,small,Robin Hood All Purpose Flour Original 1kg (no 2kg available),4.99,each,TRUE,FALSE,2026-06-01,TRUE
Save-On-Foods Lonsdale,V7P1T3,Robin Hood All Purpose Flour,Indigenous,bulk,Robin Hood All Purpose Flour Original 10kg,22.49,each,TRUE,FALSE,2026-06-01,FALSE
Save-On-Foods Lonsdale,V7P1T3,Frozen Wild Blueberries,Indigenous,small,Western Family Cultivated Blueberries 600g (no 300g wild; closest available),5.49,each,TRUE,FALSE,2026-06-01,TRUE
Save-On-Foods Lonsdale,V7P1T3,Frozen Wild Blueberries,Indigenous,bulk,Madalea Growers Frozen Blueberries 1kg,11.79,each,TRUE,FALSE,2026-06-01,TRUE
Save-On-Foods Lonsdale,V7P1T3,Bison Meat,Indigenous,small,Legends Haul Bison Ground Free Range 454g (target ~400g; closest available),17.99,each,TRUE,FALSE,2026-06-01,TRUE
Save-On-Foods Lonsdale,V7P1T3,Bison Meat,Indigenous,bulk,Bison meat larger pack not available; only 454g pack found,17.99,each,TRUE,FALSE,2026-06-01,TRUE
Save-On-Foods Lonsdale,V7P1T3,Russet Potatoes,Indigenous,small,Russet Potatoes 5lb bag,6.99,each,TRUE,FALSE,2026-06-01,FALSE
Save-On-Foods Lonsdale,V7P1T3,Russet Potatoes,Indigenous,bulk,Russet Potatoes 10lb bag,8.99,each,TRUE,FALSE,2026-06-01,FALSE
Save-On-Foods Lonsdale,V7P1T3,Whole Milk 3.25%,Indigenous,small,Dairyland Whole Milk 3.25% 1L,3.25,each,TRUE,FALSE,2026-06-01,FALSE
Save-On-Foods Lonsdale,V7P1T3,Whole Milk 3.25%,Indigenous,bulk,Dairyland Whole Milk 3.25% 4L,6.69,each,TRUE,FALSE,2026-06-01,FALSE
Save-On-Foods Lonsdale,V7P1T3,Eggs Large,Indigenous,small,Western Family Extra Large White Eggs 12-pack,4.79,each,TRUE,FALSE,2026-06-01,FALSE
Save-On-Foods Lonsdale,V7P1T3,Eggs Large,Indigenous,bulk,Western Family Large White Eggs 18-pack,7.35,each,TRUE,FALSE,2026-06-01,FALSE
Save-On-Foods Lonsdale,V7P1T3,Pinto Beans Canned,Indigenous,small,Western Family Pinto Beans 540ml,2.29,each,TRUE,FALSE,2026-06-01,FALSE
Save-On-Foods Lonsdale,V7P1T3,Pinto Beans Canned,Indigenous,bulk,Pinto beans 6-pack not available; sold as individual 540ml cans,,each,FALSE,FALSE,2026-06-01,TRUE
Save-On-Foods Lonsdale,V7P1T3,Quaker Oats,Indigenous,small,Quaker Quick Oats 1kg,6.99,each,TRUE,FALSE,2026-06-01,FALSE
Save-On-Foods Lonsdale,V7P1T3,Quaker Oats,Indigenous,bulk,Quaker Quick Oats 2.25kg,9.99,each,TRUE,FALSE,2026-06-01,FALSE
Save-On-Foods Lonsdale,V7P1T3,Crisco Shortening,Indigenous,small,Crisco All-Vegetable Shortening 454g,5.69,each,TRUE,FALSE,2026-06-01,FALSE
Save-On-Foods Lonsdale,V7P1T3,Crisco Shortening,Indigenous,bulk,Crisco All-Vegetable Shortening 1.36kg,14.69,each,TRUE,FALSE,2026-06-01,FALSE
Save-On-Foods Lonsdale,V7P1T3,Whole Wheat Bread,Others,small,Bake Shop 100% Whole Wheat Bread 567g (target 570g),2.99,each,TRUE,FALSE,2026-06-01,TRUE
Save-On-Foods Lonsdale,V7P1T3,Whole Wheat Bread,Others,bulk,Whole wheat bread 2-loaf pack not available; sold as individual loaves only,,each,FALSE,FALSE,2026-06-01,TRUE
Save-On-Foods Lonsdale,V7P1T3,Whole Milk 3.25%,Others,small,Dairyland Whole Milk 3.25% 1L,3.25,each,TRUE,FALSE,2026-06-01,FALSE
Save-On-Foods Lonsdale,V7P1T3,Whole Milk 3.25%,Others,bulk,Dairyland Whole Milk 3.25% 4L,6.69,each,TRUE,FALSE,2026-06-01,FALSE
Save-On-Foods Lonsdale,V7P1T3,Eggs Large,Others,small,Western Family Extra Large White Eggs 12-pack,4.79,each,TRUE,FALSE,2026-06-01,FALSE
Save-On-Foods Lonsdale,V7P1T3,Eggs Large,Others,bulk,Western Family Large White Eggs 18-pack,7.35,each,TRUE,FALSE,2026-06-01,FALSE
Save-On-Foods Lonsdale,V7P1T3,Chicken Breast Boneless Skinless,Others,small,SOF Chicken Breast Boneless Skinless ~500g; sold by weight at $26.40/kg,26.4,per_kg,TRUE,TRUE,2026-06-01,TRUE
Save-On-Foods Lonsdale,V7P1T3,Chicken Breast Boneless Skinless,Others,bulk,SOF Boneless Skinless Chicken Breast Warehouse Pack ~1.25kg; sold by weight at $20.90/kg,20.9,per_kg,TRUE,TRUE,2026-06-01,TRUE
Save-On-Foods Lonsdale,V7P1T3,Russet Potatoes,Others,small,Russet Potatoes 5lb bag,6.99,each,TRUE,FALSE,2026-06-01,FALSE
Save-On-Foods Lonsdale,V7P1T3,Russet Potatoes,Others,bulk,Russet Potatoes 10lb bag,8.99,each,TRUE,FALSE,2026-06-01,FALSE
Save-On-Foods Lonsdale,V7P1T3,Carrots,Others,small,Carrots Cello Bag 3lb,4.99,each,TRUE,FALSE,2026-06-01,FALSE
Save-On-Foods Lonsdale,V7P1T3,Carrots,Others,bulk,Carrots Orange 5lb Cello,7.49,each,TRUE,FALSE,2026-06-01,FALSE
Save-On-Foods Lonsdale,V7P1T3,Black Beans Canned,Others,small,Western Family Black Beans 540ml,2.29,each,TRUE,FALSE,2026-06-01,FALSE
Save-On-Foods Lonsdale,V7P1T3,Black Beans Canned,Others,bulk,Black beans 6-pack not available; sold as individual 540ml cans,,each,FALSE,FALSE,2026-06-01,TRUE
Save-On-Foods Lonsdale,V7P1T3,Canola Oil,Others,small,Western Family Canola Oil 946ml,6.49,each,TRUE,FALSE,2026-06-01,TRUE
Save-On-Foods Lonsdale,V7P1T3,Canola Oil,Others,bulk,Western Family Canola Oil 3L,11.99,each,TRUE,FALSE,2026-06-01,FALSE
Save-On-Foods Lonsdale,V7P1T3,Quaker Oats,Others,small,Quaker Quick Oats 1kg,6.99,each,TRUE,FALSE,2026-06-01,FALSE
Save-On-Foods Lonsdale,V7P1T3,Quaker Oats,Others,bulk,Quaker Quick Oats 2.25kg,9.99,each,TRUE,FALSE,2026-06-01,FALSE
Save-On-Foods Lonsdale,V7P1T3,Bananas,Others,small,Bananas Yellow sold by weight at $2.00/kg (~1kg bunch),2,per_kg,TRUE,TRUE,2026-06-01,FALSE
Save-On-Foods Lonsdale,V7P1T3,Bananas,Others,bulk,Bananas Yellow sold by weight at $2.00/kg (~3kg),2,per_kg,TRUE,TRUE,2026-06-01,FALSE
Save-On-Foods New Westminster,V3M1C4,Basmati Rice,South Asian,small,Western Family Basmati Rice 2kg,11.69,each,TRUE,FALSE,2026-06-01,FALSE
Save-On-Foods New Westminster,V3M1C4,Basmati Rice,South Asian,bulk,Sundar Basmati Rice 8lb (3.63kg); no 10kg found - closest available,9.99,each,TRUE,FALSE,2026-06-01,TRUE
Save-On-Foods New Westminster,V3M1C4,Whole Wheat Atta,South Asian,small,Sher Whole Wheat Atta 9.07kg/20lb; no 10lb found - closest available,18.99,each,TRUE,FALSE,2026-06-01,TRUE
Save-On-Foods New Westminster,V3M1C4,Whole Wheat Atta,South Asian,bulk,Sher Whole Wheat Atta 20lb (9.07kg),17.99,each,TRUE,FALSE,2026-06-01,FALSE
Save-On-Foods New Westminster,V3M1C4,Toor Dal,South Asian,small,Western Family Yellow Split Peas 900g; toor dal not found - closest substitute,5.19,each,TRUE,FALSE,2026-06-01,TRUE
Save-On-Foods New Westminster,V3M1C4,Toor Dal,South Asian,bulk,No 4kg toor dal found; product absent,,each,FALSE,FALSE,2026-06-01,TRUE
Save-On-Foods New Westminster,V3M1C4,Whole Milk 3.25%,South Asian,small,Dairyland Homo Milk 3.25% 1L,3.25,each,TRUE,FALSE,2026-06-01,FALSE
Save-On-Foods New Westminster,V3M1C4,Whole Milk 3.25%,South Asian,bulk,Dairyland Homo Milk 3.25% 4L,6.69,each,TRUE,FALSE,2026-06-01,FALSE
Save-On-Foods New Westminster,V3M1C4,Yellow Onions,South Asian,small,Yellow Onions 3-pack (approx 900g-1kg),3.99,each,TRUE,FALSE,2026-06-01,FALSE
Save-On-Foods New Westminster,V3M1C4,Yellow Onions,South Asian,bulk,Yellow Onions 3lb tri-pack; no 5kg bag found - closest available,3.99,each,TRUE,FALSE,2026-06-01,TRUE
Save-On-Foods New Westminster,V3M1C4,Roma Tomatoes,South Asian,small,Roma Tomatoes sold by weight approx $0.99 avg/ea,0.99,each,TRUE,TRUE,2026-06-01,FALSE
Save-On-Foods New Westminster,V3M1C4,Roma Tomatoes,South Asian,bulk,Windset Farms Roma Tomatoes 3lb (1.36kg) pack,7.99,each,TRUE,FALSE,2026-06-01,TRUE
Save-On-Foods New Westminster,V3M1C4,Chicken Thighs,South Asian,small,SOF Chicken Thighs approx 750g sold by weight $17.34/ea ($2.31/100g),17.34,each,TRUE,TRUE,2026-06-01,TRUE
Save-On-Foods New Westminster,V3M1C4,Chicken Thighs,South Asian,bulk,Western Family Boneless Skinless Chicken Thighs 3kg,38.49,each,TRUE,FALSE,2026-06-01,FALSE
Save-On-Foods New Westminster,V3M1C4,Plain Balkan Yogurt,South Asian,small,Olympic Krema Balkan Style Yogurt 650g,4.49,each,TRUE,FALSE,2026-06-01,FALSE
Save-On-Foods New Westminster,V3M1C4,Plain Balkan Yogurt,South Asian,bulk,Olympic Krema Balkan Style Yogurt 1.75kg,10.49,each,TRUE,FALSE,2026-06-01,FALSE
Save-On-Foods New Westminster,V3M1C4,Garlic,South Asian,small,Fresh Garlic 3-pack,1.29,each,TRUE,FALSE,2026-06-01,FALSE
Save-On-Foods New Westminster,V3M1C4,Garlic,South Asian,bulk,Fresh Garlic 1kg bag,6.99,each,TRUE,FALSE,2026-06-01,FALSE
Save-On-Foods New Westminster,V3M1C4,Canola Oil,South Asian,small,Western Family Canola Oil 946ml,6.49,each,TRUE,FALSE,2026-06-01,FALSE
Save-On-Foods New Westminster,V3M1C4,Canola Oil,South Asian,bulk,Western Family Canola Oil 3L,11.99,each,TRUE,FALSE,2026-06-01,FALSE
Save-On-Foods New Westminster,V3M1C4,Jasmine Rice,Chinese,small,Western Family Jasmine Rice 1.81kg,8.99,each,TRUE,FALSE,2026-06-01,FALSE
Save-On-Foods New Westminster,V3M1C4,Jasmine Rice,Chinese,bulk,Western Family Jasmine Rice 4.54kg,15.99,each,TRUE,FALSE,2026-06-01,FALSE
Save-On-Foods New Westminster,V3M1C4,Bok Choy,Chinese,small,Yu Choy/Bok Choy bunch 454g,3.99,each,TRUE,FALSE,2026-06-01,FALSE
Save-On-Foods New Westminster,V3M1C4,Bok Choy,Chinese,bulk,No 2kg pack found; single 454g bunch closest available,3.99,each,TRUE,FALSE,2026-06-01,TRUE
Save-On-Foods New Westminster,V3M1C4,Firm Tofu,Chinese,small,Sunrise Extra Firm Tofu 350g,3.99,each,TRUE,FALSE,2026-06-01,FALSE
Save-On-Foods New Westminster,V3M1C4,Firm Tofu,Chinese,bulk,Sunrise Firm Tofu 500g; no larger bulk found,3.99,each,TRUE,FALSE,2026-06-01,TRUE
Save-On-Foods New Westminster,V3M1C4,Kikkoman Soy Sauce,Chinese,small,Kikkoman Soy Sauce 296ml,6.89,each,TRUE,FALSE,2026-06-01,FALSE
Save-On-Foods New Westminster,V3M1C4,Kikkoman Soy Sauce,Chinese,bulk,Kikkoman Soy Sauce 591ml; no 1.89L found - closest available,5.99,each,TRUE,FALSE,2026-06-01,TRUE
Save-On-Foods New Westminster,V3M1C4,Silk Soy Milk,Chinese,small,Silk Original Soy Milk 946ml,4.49,each,TRUE,FALSE,2026-06-01,FALSE
Save-On-Foods New Westminster,V3M1C4,Silk Soy Milk,Chinese,bulk,Silk Original Soy Milk 1.89L,5.29,each,TRUE,FALSE,2026-06-01,FALSE
Save-On-Foods New Westminster,V3M1C4,Eggs Large,Chinese,small,Western Family Large White Eggs 12-pack,4.29,each,TRUE,FALSE,2026-06-01,FALSE
Save-On-Foods New Westminster,V3M1C4,Eggs Large,Chinese,bulk,Western Family Large Eggs 18-pack,7.35,each,TRUE,FALSE,2026-06-01,FALSE
Save-On-Foods New Westminster,V3M1C4,Green Onions,Chinese,small,Green Onions 1 bunch,2.69,each,TRUE,FALSE,2026-06-01,FALSE
Save-On-Foods New Westminster,V3M1C4,Green Onions,Chinese,bulk,No 3-bunch pack found; single bunch closest available,2.69,each,TRUE,FALSE,2026-06-01,TRUE
Save-On-Foods New Westminster,V3M1C4,Sesame Oil,Chinese,small,Western Family Sesame Oil 300ml,5.99,each,TRUE,FALSE,2026-06-01,FALSE
Save-On-Foods New Westminster,V3M1C4,Sesame Oil,Chinese,bulk,Maison Orphee Organic Sesame Oil 500ml; no conventional 500ml found,14.99,each,TRUE,FALSE,2026-06-01,TRUE
Save-On-Foods New Westminster,V3M1C4,Pork Shoulder,Chinese,small,SOF Pork Shoulder approx 726g sold by weight ($12.79/ea at $1.76/100g),12.79,each,TRUE,TRUE,2026-06-01,TRUE
Save-On-Foods New Westminster,V3M1C4,Pork Shoulder,Chinese,bulk,SOF Pork Shoulder approx 2kg sold by weight ($24.21/ea at $1.21/100g),24.21,each,TRUE,TRUE,2026-06-01,TRUE
Save-On-Foods New Westminster,V3M1C4,Napa Cabbage,Chinese,small,Sui Choy Napa Cabbage sold by weight $0.59/100g (approx $8.78/ea),8.78,each,TRUE,TRUE,2026-06-01,TRUE
Save-On-Foods New Westminster,V3M1C4,Napa Cabbage,Chinese,bulk,Sui Choy Napa Cabbage sold by weight $0.59/100g; no separate bulk pack,8.78,each,TRUE,TRUE,2026-06-01,TRUE
Save-On-Foods New Westminster,V3M1C4,White Long Grain Rice,Filipino,small,Western Family White Long Grain Rice 1.81kg,6.99,each,TRUE,FALSE,2026-06-01,FALSE
Save-On-Foods New Westminster,V3M1C4,White Long Grain Rice,Filipino,bulk,Western Family White Long Grain Rice 8kg,18.99,each,TRUE,FALSE,2026-06-01,FALSE
Save-On-Foods New Westminster,V3M1C4,Frozen Tilapia,Filipino,small,Not available at this store,,each,FALSE,FALSE,2026-06-01,TRUE
Save-On-Foods New Westminster,V3M1C4,Frozen Tilapia,Filipino,bulk,Not available at this store,,each,FALSE,FALSE,2026-06-01,TRUE
Save-On-Foods New Westminster,V3M1C4,Yellow Onions,Filipino,small,Yellow Onions 3-pack (approx 900g-1kg),3.99,each,TRUE,FALSE,2026-06-01,FALSE
Save-On-Foods New Westminster,V3M1C4,Yellow Onions,Filipino,bulk,Yellow Onions 3lb tri-pack; no 5kg bag found - closest available,3.99,each,TRUE,FALSE,2026-06-01,TRUE
Save-On-Foods New Westminster,V3M1C4,Coconut Milk,Filipino,small,Thai Kitchen Coconut Milk 400ml can,2.99,each,TRUE,FALSE,2026-06-01,FALSE
Save-On-Foods New Westminster,V3M1C4,Coconut Milk,Filipino,bulk,No 6-pack coconut milk found; single 400ml can closest available,2.99,each,TRUE,FALSE,2026-06-01,TRUE
Save-On-Foods New Westminster,V3M1C4,Fish Sauce,Filipino,small,Little Saigon Fish Sauce 375ml,6.99,each,TRUE,FALSE,2026-06-01,FALSE
Save-On-Foods New Westminster,V3M1C4,Fish Sauce,Filipino,bulk,No 750ml found; 375ml closest available,6.99,each,TRUE,FALSE,2026-06-01,TRUE
Save-On-Foods New Westminster,V3M1C4,Pork Belly,Filipino,small,SOF Pork Belly approx 907g sold by weight ($18.58/ea at $1.92/100g),18.58,each,TRUE,TRUE,2026-06-01,TRUE
Save-On-Foods New Westminster,V3M1C4,Pork Belly,Filipino,bulk,SOF Pork Belly approx 1kg sold by weight ($19.16/ea at $1.92/100g),19.16,each,TRUE,TRUE,2026-06-01,TRUE
Save-On-Foods New Westminster,V3M1C4,Eggs Large,Filipino,small,Western Family Large White Eggs 12-pack,4.29,each,TRUE,FALSE,2026-06-01,FALSE
Save-On-Foods New Westminster,V3M1C4,Eggs Large,Filipino,bulk,Western Family Large Eggs 18-pack,7.35,each,TRUE,FALSE,2026-06-01,FALSE
Save-On-Foods New Westminster,V3M1C4,Eggplant,Filipino,small,Eggplant 1 each sold by weight approx $3.99/ea,3.99,each,TRUE,TRUE,2026-06-01,FALSE
Save-On-Foods New Westminster,V3M1C4,Eggplant,Filipino,bulk,No 2kg bag found; single eggplant closest available,3.99,each,TRUE,TRUE,2026-06-01,TRUE
Save-On-Foods New Westminster,V3M1C4,Garlic,Filipino,small,Fresh Garlic 3-pack,1.29,each,TRUE,FALSE,2026-06-01,FALSE
Save-On-Foods New Westminster,V3M1C4,Garlic,Filipino,bulk,Fresh Garlic 1kg bag,6.99,each,TRUE,FALSE,2026-06-01,FALSE
Save-On-Foods New Westminster,V3M1C4,Cane Vinegar,Filipino,small,Cane vinegar not available; Allen's White Vinegar 500ml substitute,2.99,each,TRUE,FALSE,2026-06-01,TRUE
Save-On-Foods New Westminster,V3M1C4,Cane Vinegar,Filipino,bulk,Cane vinegar not available; Western Family White Vinegar 2.5L substitute,4.89,each,TRUE,FALSE,2026-06-01,TRUE
Save-On-Foods New Westminster,V3M1C4,Calrose Short Grain Rice,Korean,small,Katsumi Calrose Rice 2.26kg,12.49,each,TRUE,FALSE,2026-06-01,FALSE
Save-On-Foods New Westminster,V3M1C4,Calrose Short Grain Rice,Korean,bulk,Kokuho Rose Short Grain Rice 2kg; no 9kg found - closest available,15.49,each,TRUE,FALSE,2026-06-01,TRUE
Save-On-Foods New Westminster,V3M1C4,Kimchi,Korean,small,Hankook Kimchi 900g,15.49,each,TRUE,FALSE,2026-06-01,FALSE
Save-On-Foods New Westminster,V3M1C4,Kimchi,Korean,bulk,No 5kg kimchi found; 900g closest available,15.49,each,TRUE,FALSE,2026-06-01,TRUE
Save-On-Foods New Westminster,V3M1C4,Gochujang,Korean,small,Not available at this store,,each,FALSE,FALSE,2026-06-01,TRUE
Save-On-Foods New Westminster,V3M1C4,Gochujang,Korean,bulk,Not available at this store,,each,FALSE,FALSE,2026-06-01,TRUE
Save-On-Foods New Westminster,V3M1C4,Bean Sprouts,Korean,small,Zimmerman Farms Bean Sprouts 227g,2.99,each,TRUE,FALSE,2026-06-01,FALSE
Save-On-Foods New Westminster,V3M1C4,Bean Sprouts,Korean,bulk,No 1kg bag found; 227g closest available,2.99,each,TRUE,FALSE,2026-06-01,TRUE
Save-On-Foods New Westminster,V3M1C4,Ground Beef,Korean,small,Western Canadian Lean Ground Beef 454g,9.5,each,TRUE,FALSE,2026-06-01,FALSE
Save-On-Foods New Westminster,V3M1C4,Ground Beef,Korean,bulk,Western Canadian Lean Ground Beef 1.36kg sold by weight,25.46,each,TRUE,TRUE,2026-06-01,FALSE
Save-On-Foods New Westminster,V3M1C4,Sesame Oil,Korean,small,Western Family Sesame Oil 300ml,5.99,each,TRUE,FALSE,2026-06-01,FALSE
Save-On-Foods New Westminster,V3M1C4,Sesame Oil,Korean,bulk,Maison Orphee Organic Sesame Oil 500ml; no conventional 500ml found,14.99,each,TRUE,FALSE,2026-06-01,TRUE
Save-On-Foods New Westminster,V3M1C4,Nori Sheets,Korean,small,Western Family Roasted Seaweed Nori 28g,3.99,each,TRUE,FALSE,2026-06-01,FALSE
Save-On-Foods New Westminster,V3M1C4,Nori Sheets,Korean,bulk,Jayone Roasted Seaweed 24-pack,12.99,each,TRUE,FALSE,2026-06-01,FALSE
Save-On-Foods New Westminster,V3M1C4,Silken Tofu,Korean,small,Sunrise Blue Label Soft Tofu 300g,2.49,each,TRUE,FALSE,2026-06-01,FALSE
Save-On-Foods New Westminster,V3M1C4,Silken Tofu,Korean,bulk,No 2-pack silken tofu found; single 300g closest available,2.49,each,TRUE,FALSE,2026-06-01,TRUE
Save-On-Foods New Westminster,V3M1C4,Frozen Mackerel,Korean,small,Not available at this store,,each,FALSE,FALSE,2026-06-01,TRUE
Save-On-Foods New Westminster,V3M1C4,Frozen Mackerel,Korean,bulk,Not available at this store,,each,FALSE,FALSE,2026-06-01,TRUE
Save-On-Foods New Westminster,V3M1C4,Eggs Large,Korean,small,Western Family Large White Eggs 12-pack,4.29,each,TRUE,FALSE,2026-06-01,FALSE
Save-On-Foods New Westminster,V3M1C4,Eggs Large,Korean,bulk,Western Family Large Eggs 18-pack,7.35,each,TRUE,FALSE,2026-06-01,FALSE
Save-On-Foods New Westminster,V3M1C4,Whole Wheat Bread,European,small,Wonder Whole Wheat Bread 570g,3.99,each,TRUE,FALSE,2026-06-01,FALSE
Save-On-Foods New Westminster,V3M1C4,Whole Wheat Bread,European,bulk,No 2-loaf pack found; single 570g loaf closest available,3.99,each,TRUE,FALSE,2026-06-01,TRUE
Save-On-Foods New Westminster,V3M1C4,Whole Milk 3.25%,European,small,Dairyland Homo Milk 3.25% 1L,3.25,each,TRUE,FALSE,2026-06-01,FALSE
Save-On-Foods New Westminster,V3M1C4,Whole Milk 3.25%,European,bulk,Dairyland Homo Milk 3.25% 4L,6.69,each,TRUE,FALSE,2026-06-01,FALSE
Save-On-Foods New Westminster,V3M1C4,Cheddar Cheese,European,small,Western Family Old Cheddar Cheese Block 400g,8.29,each,TRUE,FALSE,2026-06-01,FALSE
Save-On-Foods New Westminster,V3M1C4,Cheddar Cheese,European,bulk,Value Priced Old Cheddar Cheese Block 820g,14.99,each,TRUE,FALSE,2026-06-01,FALSE
Save-On-Foods New Westminster,V3M1C4,Eggs Large,European,small,Western Family Large White Eggs 12-pack,4.29,each,TRUE,FALSE,2026-06-01,FALSE
Save-On-Foods New Westminster,V3M1C4,Eggs Large,European,bulk,Western Family Large Eggs 18-pack,7.35,each,TRUE,FALSE,2026-06-01,FALSE
Save-On-Foods New Westminster,V3M1C4,Ground Beef,European,small,Western Canadian Lean Ground Beef 454g,9.5,each,TRUE,FALSE,2026-06-01,FALSE
Save-On-Foods New Westminster,V3M1C4,Ground Beef,European,bulk,Western Canadian Lean Ground Beef 1.36kg sold by weight,25.46,each,TRUE,TRUE,2026-06-01,FALSE
Save-On-Foods New Westminster,V3M1C4,Russet Potatoes,European,small,Russet Potatoes 5lb bag,6.99,each,TRUE,FALSE,2026-06-01,FALSE
Save-On-Foods New Westminster,V3M1C4,Russet Potatoes,European,bulk,Russet Potatoes 10lb bag,8.99,each,TRUE,FALSE,2026-06-01,FALSE
Save-On-Foods New Westminster,V3M1C4,Carrots,European,small,Cello Bag Carrots 3lb,4.99,each,TRUE,FALSE,2026-06-01,FALSE
Save-On-Foods New Westminster,V3M1C4,Carrots,European,bulk,Orange Carrots 5lb bag,7.49,each,TRUE,FALSE,2026-06-01,FALSE
Save-On-Foods New Westminster,V3M1C4,Extra Virgin Olive Oil,European,small,Western Family Extra Virgin Olive Oil 500ml,9.99,each,TRUE,FALSE,2026-06-01,FALSE
Save-On-Foods New Westminster,V3M1C4,Extra Virgin Olive Oil,European,bulk,Filippo Berio Extra Virgin Olive Oil 3L; no 2L found - closest available,54.99,each,TRUE,FALSE,2026-06-01,TRUE
Save-On-Foods New Westminster,V3M1C4,Diced Tomatoes Canned,European,small,Aylmer Diced Tomatoes 796ml,3.49,each,TRUE,FALSE,2026-06-01,FALSE
Save-On-Foods New Westminster,V3M1C4,Diced Tomatoes Canned,European,bulk,No 6-pack found; single 796ml can closest available,3.49,each,TRUE,FALSE,2026-06-01,TRUE
Save-On-Foods New Westminster,V3M1C4,Greek Yogurt,European,small,Olympic Krema Plain Greek Yogurt 650g,5.29,each,TRUE,FALSE,2026-06-01,FALSE
Save-On-Foods New Westminster,V3M1C4,Greek Yogurt,European,bulk,Olympic Krema Plain Greek Yogurt 1.75kg,11.49,each,TRUE,FALSE,2026-06-01,FALSE
Save-On-Foods New Westminster,V3M1C4,Canned Salmon,Indigenous,small,Gold Seal Wild Pink Salmon 213g,5.99,each,TRUE,FALSE,2026-06-01,FALSE
Save-On-Foods New Westminster,V3M1C4,Canned Salmon,Indigenous,bulk,No 6-pack found; single 213g can closest available,5.99,each,TRUE,FALSE,2026-06-01,TRUE
Save-On-Foods New Westminster,V3M1C4,Robin Hood All Purpose Flour,Indigenous,small,Robin Hood All Purpose Flour 5kg; no 2kg found - closest available,9.99,each,TRUE,FALSE,2026-06-01,TRUE
Save-On-Foods New Westminster,V3M1C4,Robin Hood All Purpose Flour,Indigenous,bulk,Robin Hood All Purpose Flour 10kg,22.49,each,TRUE,FALSE,2026-06-01,FALSE
Save-On-Foods New Westminster,V3M1C4,Frozen Wild Blueberries,Indigenous,small,Western Family Cultivated Blueberries 600g; no wild blueberries found,5.49,each,TRUE,FALSE,2026-06-01,TRUE
Save-On-Foods New Westminster,V3M1C4,Frozen Wild Blueberries,Indigenous,bulk,Western Family Cultivated Blueberries 1.5kg; no wild blueberries found,15.99,each,TRUE,FALSE,2026-06-01,TRUE
Save-On-Foods New Westminster,V3M1C4,Bison Meat,Indigenous,small,Not available at this store,,each,FALSE,FALSE,2026-06-01,TRUE
Save-On-Foods New Westminster,V3M1C4,Bison Meat,Indigenous,bulk,Not available at this store,,each,FALSE,FALSE,2026-06-01,TRUE
Save-On-Foods New Westminster,V3M1C4,Russet Potatoes,Indigenous,small,Russet Potatoes 5lb bag (target 3lb; closest available),6.99,each,TRUE,FALSE,2026-06-01,TRUE
Save-On-Foods New Westminster,V3M1C4,Russet Potatoes,Indigenous,bulk,Russet Potatoes 10lb bag,8.99,each,TRUE,FALSE,2026-06-01,FALSE
Save-On-Foods New Westminster,V3M1C4,Whole Milk 3.25%,Indigenous,small,Dairyland Homo Milk 3.25% 1L,3.25,each,TRUE,FALSE,2026-06-01,FALSE
Save-On-Foods New Westminster,V3M1C4,Whole Milk 3.25%,Indigenous,bulk,Dairyland Homo Milk 3.25% 4L,6.69,each,TRUE,FALSE,2026-06-01,FALSE
Save-On-Foods New Westminster,V3M1C4,Eggs Large,Indigenous,small,Western Family Large White Eggs 12-pack,4.29,each,TRUE,FALSE,2026-06-01,FALSE
Save-On-Foods New Westminster,V3M1C4,Eggs Large,Indigenous,bulk,Western Family Large Eggs 18-pack,7.35,each,TRUE,FALSE,2026-06-01,FALSE
Save-On-Foods New Westminster,V3M1C4,Pinto Beans Canned,Indigenous,small,Western Family Pinto Beans 540ml,2.29,each,TRUE,FALSE,2026-06-01,FALSE
Save-On-Foods New Westminster,V3M1C4,Pinto Beans Canned,Indigenous,bulk,No 6-pack found; single 540ml can closest available,2.29,each,TRUE,FALSE,2026-06-01,TRUE
Save-On-Foods New Westminster,V3M1C4,Quaker Oats,Indigenous,small,Quaker Quick Oats 1kg,6.99,each,TRUE,FALSE,2026-06-01,FALSE
Save-On-Foods New Westminster,V3M1C4,Quaker Oats,Indigenous,bulk,Quaker Quick Oats 2.25kg,9.99,each,TRUE,FALSE,2026-06-01,FALSE
Save-On-Foods New Westminster,V3M1C4,Crisco Shortening,Indigenous,small,Crisco All-Vegetable Shortening 454g,5.69,each,TRUE,FALSE,2026-06-01,FALSE
Save-On-Foods New Westminster,V3M1C4,Crisco Shortening,Indigenous,bulk,No 1.36kg found; Crisco All-Vegetable Shortening 454g closest available,5.69,each,TRUE,FALSE,2026-06-01,TRUE
Save-On-Foods New Westminster,V3M1C4,Whole Wheat Bread,Others,small,Wonder Whole Wheat Bread 570g,3.99,each,TRUE,FALSE,2026-06-01,FALSE
Save-On-Foods New Westminster,V3M1C4,Whole Wheat Bread,Others,bulk,No 2-loaf pack found; single 570g loaf closest available,3.99,each,TRUE,FALSE,2026-06-01,TRUE
Save-On-Foods New Westminster,V3M1C4,Whole Milk 3.25%,Others,small,Dairyland Homo Milk 3.25% 1L,3.25,each,TRUE,FALSE,2026-06-01,FALSE
Save-On-Foods New Westminster,V3M1C4,Whole Milk 3.25%,Others,bulk,Dairyland Homo Milk 3.25% 4L,6.69,each,TRUE,FALSE,2026-06-01,FALSE
Save-On-Foods New Westminster,V3M1C4,Eggs Large,Others,small,Western Family Large White Eggs 12-pack,4.29,each,TRUE,FALSE,2026-06-01,FALSE
Save-On-Foods New Westminster,V3M1C4,Eggs Large,Others,bulk,Western Family Large Eggs 18-pack,7.35,each,TRUE,FALSE,2026-06-01,FALSE
Save-On-Foods New Westminster,V3M1C4,Chicken Breast Boneless Skinless,Others,small,SOF Chicken Breast approx 500g sold by weight ($13.22/ea at $2.64/100g),13.22,each,TRUE,TRUE,2026-06-01,TRUE
Save-On-Foods New Westminster,V3M1C4,Chicken Breast Boneless Skinless,Others,bulk,SOF Chicken Breast Warehouse Pack approx 1.25kg sold by weight ($26.15/ea at $2.09/100g),26.15,each,TRUE,TRUE,2026-06-01,TRUE
Save-On-Foods New Westminster,V3M1C4,Russet Potatoes,Others,small,Russet Potatoes 5lb bag,6.99,each,TRUE,FALSE,2026-06-01,FALSE
Save-On-Foods New Westminster,V3M1C4,Russet Potatoes,Others,bulk,Russet Potatoes 10lb bag,8.99,each,TRUE,FALSE,2026-06-01,FALSE
Save-On-Foods New Westminster,V3M1C4,Carrots,Others,small,Cello Bag Carrots 3lb,4.99,each,TRUE,FALSE,2026-06-01,FALSE
Save-On-Foods New Westminster,V3M1C4,Carrots,Others,bulk,Orange Carrots 5lb bag,7.49,each,TRUE,FALSE,2026-06-01,FALSE
Save-On-Foods New Westminster,V3M1C4,Black Beans Canned,Others,small,Western Family Black Beans 540ml,2.29,each,TRUE,FALSE,2026-06-01,FALSE
Save-On-Foods New Westminster,V3M1C4,Black Beans Canned,Others,bulk,No 6-pack found; single 540ml can closest available,2.29,each,TRUE,FALSE,2026-06-01,TRUE
Save-On-Foods New Westminster,V3M1C4,Canola Oil,Others,small,Western Family Canola Oil 946ml,6.49,each,TRUE,FALSE,2026-06-01,FALSE
Save-On-Foods New Westminster,V3M1C4,Canola Oil,Others,bulk,Western Family Canola Oil 3L,11.99,each,TRUE,FALSE,2026-06-01,FALSE
Save-On-Foods New Westminster,V3M1C4,Quaker Oats,Others,small,Quaker Quick Oats 1kg,6.99,each,TRUE,FALSE,2026-06-01,FALSE
Save-On-Foods New Westminster,V3M1C4,Quaker Oats,Others,bulk,Quaker Quick Oats 2.25kg,9.99,each,TRUE,FALSE,2026-06-01,FALSE
Save-On-Foods New Westminster,V3M1C4,Bananas,Others,small,Bananas Yellow sold by weight approx $2.00/kg (~1kg bunch),2,per_kg,TRUE,TRUE,2026-06-01,FALSE
Save-On-Foods New Westminster,V3M1C4,Bananas,Others,bulk,Bananas Yellow sold by weight approx $2.00/kg; no 3kg pre-pack,2,per_kg,TRUE,TRUE,2026-06-01,TRUE
Save-On-Foods Langley,V4W2Z7,Basmati Rice,South Asian,small,Western Family Basmati Rice 2kg,11.69,each,TRUE,FALSE,2026-06-01,FALSE
Save-On-Foods Langley,V4W2Z7,Basmati Rice,South Asian,bulk,Qilla Basmati Rice 10 Pound (4.54kg); target 10kg not available — closest 10lb bag,15.99,each,TRUE,FALSE,2026-06-01,TRUE
Save-On-Foods Langley,V4W2Z7,Whole Wheat Atta,South Asian,small,Western Family Whole Wheat Flour 5kg — no 10lb atta; closest whole wheat flour,9.39,each,TRUE,FALSE,2026-06-01,TRUE
Save-On-Foods Langley,V4W2Z7,Whole Wheat Atta,South Asian,bulk,Sher Durum Atta Desi Style Flour 20 Pound (9.07kg),17.99,each,TRUE,FALSE,2026-06-01,FALSE
Save-On-Foods Langley,V4W2Z7,Toor Dal,South Asian,small,Product not found at this store,,each,FALSE,FALSE,2026-06-01,TRUE
Save-On-Foods Langley,V4W2Z7,Toor Dal,South Asian,bulk,Product not found at this store,,each,FALSE,FALSE,2026-06-01,TRUE
Save-On-Foods Langley,V4W2Z7,Whole Milk 3.25%,South Asian,small,Dairyland 3.25% Milk 1 Litre,3.25,each,TRUE,FALSE,2026-06-01,FALSE
Save-On-Foods Langley,V4W2Z7,Whole Milk 3.25%,South Asian,bulk,Dairyland 3.25% Milk 4 Litre,6.69,each,TRUE,FALSE,2026-06-01,FALSE
Save-On-Foods Langley,V4W2Z7,Yellow Onions,South Asian,small,Yellow Onions 3lb mesh bag; target 1kg — closest available bag,4.99,each,TRUE,FALSE,2026-06-01,TRUE
Save-On-Foods Langley,V4W2Z7,Yellow Onions,South Asian,bulk,Yellow Onions 3lb bag; target 5kg not available,4.99,each,TRUE,FALSE,2026-06-01,TRUE
Save-On-Foods Langley,V4W2Z7,Roma Tomatoes,South Asian,small,Roma Tomatoes sold by weight $11.00/kg,11,per_kg,TRUE,TRUE,2026-06-01,FALSE
Save-On-Foods Langley,V4W2Z7,Roma Tomatoes,South Asian,bulk,Windset Farms Roma Tomatoes 3lb bag; target 3kg — closest available,7.99,each,TRUE,FALSE,2026-06-01,TRUE
Save-On-Foods Langley,V4W2Z7,Chicken Thighs,South Asian,small,SOF Chicken Thighs ~425g avg sold by weight ($2.31/100g),9.83,each,TRUE,TRUE,2026-06-01,TRUE
Save-On-Foods Langley,V4W2Z7,Chicken Thighs,South Asian,bulk,SOF Chicken Thighs Family Pack ~1.13kg sold by weight ($2.31/100g); target ~3kg not found,17.41,each,TRUE,TRUE,2026-06-01,TRUE
Save-On-Foods Langley,V4W2Z7,Plain/Balkan Yogurt,South Asian,small,Olympic Organic Plain Yogurt 650g,4.49,each,TRUE,FALSE,2026-06-01,FALSE
Save-On-Foods Langley,V4W2Z7,Plain/Balkan Yogurt,South Asian,bulk,Olympic Organic Plain Yogurt 1.75kg,10.49,each,TRUE,FALSE,2026-06-01,FALSE
Save-On-Foods Langley,V4W2Z7,Garlic,South Asian,small,Garlic 3-pack bulbs,1.29,each,TRUE,FALSE,2026-06-01,FALSE
Save-On-Foods Langley,V4W2Z7,Garlic,South Asian,bulk,Garlic 1kg bag; target 500g not found — 1kg is closest,6.99,each,TRUE,FALSE,2026-06-01,TRUE
Save-On-Foods Langley,V4W2Z7,Canola Oil,South Asian,small,Western Family Canola Oil 946ml; target 1L — closest available,6.49,each,TRUE,FALSE,2026-06-01,TRUE
Save-On-Foods Langley,V4W2Z7,Canola Oil,South Asian,bulk,Western Family Canola Oil 3 Litre,11.99,each,TRUE,FALSE,2026-06-01,FALSE
Save-On-Foods Langley,V4W2Z7,Jasmine Rice,Chinese,small,Texana Jasmine Rice 2kg,9.49,each,TRUE,FALSE,2026-06-01,FALSE
Save-On-Foods Langley,V4W2Z7,Jasmine Rice,Chinese,bulk,Gia Jasmine Rice 6kg; target 10kg not available — 6kg is largest,16.69,each,TRUE,FALSE,2026-06-01,TRUE
Save-On-Foods Langley,V4W2Z7,Bok Choy,Chinese,small,Bok Choy 454g bunch sold by weight ($0.88/100g),3.99,each,TRUE,TRUE,2026-06-01,FALSE
Save-On-Foods Langley,V4W2Z7,Bok Choy,Chinese,bulk,Bok Choy 1400g sold by weight ($0.55/100g); target 2kg — largest available,7.69,each,TRUE,TRUE,2026-06-01,TRUE
Save-On-Foods Langley,V4W2Z7,Firm Tofu Extra Firm,Chinese,small,Sunrise Extra Firm Tofu 350g,3.99,each,TRUE,FALSE,2026-06-01,FALSE
Save-On-Foods Langley,V4W2Z7,Firm Tofu Extra Firm,Chinese,bulk,Sunrise Extra Firm Tofu 500g; no 2-pack found — 500g is next size up,3.99,each,TRUE,FALSE,2026-06-01,TRUE
Save-On-Foods Langley,V4W2Z7,Kikkoman Soy Sauce,Chinese,small,Kikkoman Soy Sauce 296ml; target 250ml — closest available,6.89,each,TRUE,FALSE,2026-06-01,TRUE
Save-On-Foods Langley,V4W2Z7,Kikkoman Soy Sauce,Chinese,bulk,Kikkoman Soy Sauce 591ml; target 1.89L not found — 591ml is largest available,5.99,each,TRUE,FALSE,2026-06-01,TRUE
Save-On-Foods Langley,V4W2Z7,Silk Soy Milk,Chinese,small,Silk Soy Beverage Original 946ml,4.49,each,TRUE,FALSE,2026-06-01,FALSE
Save-On-Foods Langley,V4W2Z7,Silk Soy Milk,Chinese,bulk,Silk Soy Beverage Original 1.89 Litre,5.29,each,TRUE,FALSE,2026-06-01,FALSE
Save-On-Foods Langley,V4W2Z7,Eggs Large,Chinese,small,Western Family Large Eggs 12-pack,4.29,each,TRUE,FALSE,2026-06-01,FALSE
Save-On-Foods Langley,V4W2Z7,Eggs Large,Chinese,bulk,Western Family Large Eggs 18-pack,7.35,each,TRUE,FALSE,2026-06-01,FALSE
Save-On-Foods Langley,V4W2Z7,Green Onions,Chinese,small,Green Onions 1 bunch,2.69,each,TRUE,FALSE,2026-06-01,FALSE
Save-On-Foods Langley,V4W2Z7,Green Onions,Chinese,bulk,Green Onions 1 bunch; target 3-bunch pack not found,2.69,each,TRUE,FALSE,2026-06-01,TRUE
Save-On-Foods Langley,V4W2Z7,Sesame Oil,Chinese,small,Western Family Sesame Oil 300ml,5.99,each,TRUE,FALSE,2026-06-01,FALSE
Save-On-Foods Langley,V4W2Z7,Sesame Oil,Chinese,bulk,Maison Orphee Sesame Oil 500ml,14.99,each,TRUE,FALSE,2026-06-01,FALSE
Save-On-Foods Langley,V4W2Z7,Pork Shoulder,Chinese,small,Western Canadian Pork Shoulder ~2kg avg sold by weight ($1.21/100g),24.21,each,TRUE,TRUE,2026-06-01,FALSE
Save-On-Foods Langley,V4W2Z7,Pork Shoulder,Chinese,bulk,Western Canadian Bone-in Pork Shoulder ~4kg avg sold by weight; target ~3kg — closest available,26.37,each,TRUE,TRUE,2026-06-01,TRUE
Save-On-Foods Langley,V4W2Z7,Napa Cabbage,Chinese,small,Sui Choy Napa Cabbage ~1.48kg avg sold by weight ($0.59/100g),8.78,each,TRUE,TRUE,2026-06-01,FALSE
Save-On-Foods Langley,V4W2Z7,Napa Cabbage,Chinese,bulk,Sui Choy Napa Cabbage ~1.48kg avg sold by weight; target ~3kg — only single heads available,8.78,each,TRUE,TRUE,2026-06-01,TRUE
Save-On-Foods Langley,V4W2Z7,White Long Grain Rice,Filipino,small,Western Family Long Grain White Rice 1.81kg; target 2kg — closest available,6.99,each,TRUE,FALSE,2026-06-01,TRUE
Save-On-Foods Langley,V4W2Z7,White Long Grain Rice,Filipino,bulk,Western Family Long Grain White Rice 8kg; target 10kg not found — 8kg is largest,18.99,each,TRUE,FALSE,2026-06-01,TRUE
Save-On-Foods Langley,V4W2Z7,Frozen Tilapia,Filipino,small,High Liner Tilapia Fillets 540g; target 500g — closest available,10.5,each,TRUE,FALSE,2026-06-01,TRUE
Save-On-Foods Langley,V4W2Z7,Frozen Tilapia,Filipino,bulk,High Liner Tilapia Fillets 540g; target 2kg not found — 540g is only size available,10.5,each,TRUE,FALSE,2026-06-01,TRUE
Save-On-Foods Langley,V4W2Z7,Yellow Onions,Filipino,small,Yellow Onions 3lb mesh bag; target 2kg — closest available,4.99,each,TRUE,FALSE,2026-06-01,TRUE
Save-On-Foods Langley,V4W2Z7,Yellow Onions,Filipino,bulk,Yellow Onions 3lb bag; target 5kg not available,4.99,each,TRUE,FALSE,2026-06-01,TRUE
Save-On-Foods Langley,V4W2Z7,Coconut Milk,Filipino,small,Aroy-D Coconut Milk 400ml,2.49,each,TRUE,FALSE,2026-06-01,FALSE
Save-On-Foods Langley,V4W2Z7,Coconut Milk,Filipino,bulk,Kosa UHT Coconut Milk 1 Litre; target 6-pack not found — 1L carton is largest single option,6.89,each,TRUE,FALSE,2026-06-01,TRUE
Save-On-Foods Langley,V4W2Z7,Fish Sauce,Filipino,small,Squid Fish Sauce 300ml; target 350ml — closest available,1.99,each,TRUE,FALSE,2026-06-01,TRUE
Save-On-Foods Langley,V4W2Z7,Fish Sauce,Filipino,bulk,Little Saigon Fish Sauce 375ml; target 750ml not found — 375ml is largest available,6.99,each,TRUE,FALSE,2026-06-01,TRUE
Save-On-Foods Langley,V4W2Z7,Pork Belly,Filipino,small,SOF Pork Belly ~907g avg sold by weight ($2.05/100g),18.58,each,TRUE,TRUE,2026-06-01,FALSE
Save-On-Foods Langley,V4W2Z7,Pork Belly,Filipino,bulk,SOF Pork Belly ~907g avg sold by weight; target ~3kg value pack not found,18.58,each,TRUE,TRUE,2026-06-01,TRUE
Save-On-Foods Langley,V4W2Z7,Eggs Large,Filipino,small,Western Family Large Eggs 12-pack,4.29,each,TRUE,FALSE,2026-06-01,FALSE
Save-On-Foods Langley,V4W2Z7,Eggs Large,Filipino,bulk,Western Family Large Eggs 18-pack,7.35,each,TRUE,FALSE,2026-06-01,FALSE
Save-On-Foods Langley,V4W2Z7,Eggplant,Filipino,small,Eggplant individual sold by weight approx $3.99/ea,3.99,each,TRUE,TRUE,2026-06-01,FALSE
Save-On-Foods Langley,V4W2Z7,Eggplant,Filipino,bulk,Eggplant individual sold by weight; target ~2kg not available as bag,3.99,each,TRUE,TRUE,2026-06-01,TRUE
Save-On-Foods Langley,V4W2Z7,Garlic,Filipino,small,Garlic 3-pack bulbs,1.29,each,TRUE,FALSE,2026-06-01,FALSE
Save-On-Foods Langley,V4W2Z7,Garlic,Filipino,bulk,Garlic 1kg bag; target 500g not found — 1kg is closest,6.99,each,TRUE,FALSE,2026-06-01,TRUE
Save-On-Foods Langley,V4W2Z7,Cane Vinegar,Filipino,small,Allen's Pure White Vinegar 500ml; cane vinegar not found — white vinegar substitute,2.99,each,TRUE,FALSE,2026-06-01,TRUE
Save-On-Foods Langley,V4W2Z7,Cane Vinegar,Filipino,bulk,Allen's Original White Vinegar 4 Litre; cane vinegar not found — white vinegar substitute,6.29,each,TRUE,FALSE,2026-06-01,TRUE
Save-On-Foods Langley,V4W2Z7,Short Grain Rice (Calrose),Korean,small,Katsumi Calrose Short Grain Rice 2.26kg; target 2kg — closest available,12.49,each,TRUE,FALSE,2026-06-01,TRUE
Save-On-Foods Langley,V4W2Z7,Short Grain Rice (Calrose),Korean,bulk,Sunbrown Short Grain Rice 4kg; target 9kg not found — 4kg is largest available,16.49,each,TRUE,FALSE,2026-06-01,TRUE
Save-On-Foods Langley,V4W2Z7,Kimchi,Korean,small,Hankook Kimchi 900g; target 1kg — closest available,15.49,each,TRUE,FALSE,2026-06-01,TRUE
Save-On-Foods Langley,V4W2Z7,Kimchi,Korean,bulk,Hankook Kimchi 900g; target 5kg not found — 900g is only size available,15.49,each,TRUE,FALSE,2026-06-01,TRUE
Save-On-Foods Langley,V4W2Z7,Gochujang,Korean,small,Product not found at this store,,each,FALSE,FALSE,2026-06-01,TRUE
Save-On-Foods Langley,V4W2Z7,Gochujang,Korean,bulk,Product not found at this store,,each,FALSE,FALSE,2026-06-01,TRUE
Save-On-Foods Langley,V4W2Z7,Bean Sprouts,Korean,small,Zimmerman Farm Bean Sprouts 227g; target 340g — closest available,2.99,each,TRUE,FALSE,2026-06-01,TRUE
Save-On-Foods Langley,V4W2Z7,Bean Sprouts,Korean,bulk,Zimmerman Farm Bean Sprouts 227g; target 1kg not found — 227g is only size available,2.99,each,TRUE,FALSE,2026-06-01,TRUE
Save-On-Foods Langley,V4W2Z7,Ground Beef,Korean,small,Western Canadian Ground Beef 454g,8.5,each,TRUE,FALSE,2026-06-01,TRUE
Save-On-Foods Langley,V4W2Z7,Ground Beef,Korean,bulk,Western Canadian Ground Beef ~1.36kg avg sold by weight ($1.87/100g); target ~2kg — closest available,25.46,each,TRUE,TRUE,2026-06-01,TRUE
Save-On-Foods Langley,V4W2Z7,Sesame Oil,Korean,small,Western Family Sesame Oil 300ml,5.99,each,TRUE,FALSE,2026-06-01,FALSE
Save-On-Foods Langley,V4W2Z7,Sesame Oil,Korean,bulk,Maison Orphee Sesame Oil 500ml,14.99,each,TRUE,FALSE,2026-06-01,FALSE
Save-On-Foods Langley,V4W2Z7,Nori Sheets,Korean,small,Western Family Roasted Seaweed Sushi Nori 28g; target 20g — closest available,3.99,each,TRUE,FALSE,2026-06-01,TRUE
Save-On-Foods Langley,V4W2Z7,Nori Sheets,Korean,bulk,Western Family Roasted Seaweed Sushi Nori 28g; target 100g pack not found — 28g only,3.99,each,TRUE,FALSE,2026-06-01,TRUE
Save-On-Foods Langley,V4W2Z7,Silken Tofu,Korean,small,Sunrise Soyganic Organic Tofu Soft 300g,2.49,each,TRUE,FALSE,2026-06-01,FALSE
Save-On-Foods Langley,V4W2Z7,Silken Tofu,Korean,bulk,Sunrise Soyganic Organic Tofu Soft 300g; target 2-pack not found — single 300g only,2.49,each,TRUE,FALSE,2026-06-01,TRUE
Save-On-Foods Langley,V4W2Z7,Frozen Mackerel,Korean,small,Product not found at this store,,each,FALSE,FALSE,2026-06-01,TRUE
Save-On-Foods Langley,V4W2Z7,Frozen Mackerel,Korean,bulk,Product not found at this store,,each,FALSE,FALSE,2026-06-01,TRUE
Save-On-Foods Langley,V4W2Z7,Eggs Large,Korean,small,Western Family Large Eggs 12-pack,4.29,each,TRUE,FALSE,2026-06-01,FALSE
Save-On-Foods Langley,V4W2Z7,Eggs Large,Korean,bulk,Western Family Large Eggs 18-pack,7.35,each,TRUE,FALSE,2026-06-01,FALSE
Save-On-Foods Langley,V4W2Z7,Whole Wheat Bread,European,small,Western Family Whole Wheat Bread 570g,2.99,each,TRUE,FALSE,2026-06-01,FALSE
Save-On-Foods Langley,V4W2Z7,Whole Wheat Bread,European,bulk,Western Family 100% Whole Wheat Traditional Loaf 600g; target 2-loaf pack not found,3.99,each,TRUE,FALSE,2026-06-01,TRUE
Save-On-Foods Langley,V4W2Z7,Whole Milk 3.25%,European,small,Dairyland 3.25% Milk 1 Litre,3.25,each,TRUE,FALSE,2026-06-01,FALSE
Save-On-Foods Langley,V4W2Z7,Whole Milk 3.25%,European,bulk,Dairyland 3.25% Milk 4 Litre,6.69,each,TRUE,FALSE,2026-06-01,FALSE
Save-On-Foods Langley,V4W2Z7,Cheddar Cheese,European,small,Western Family Old Cheddar Cheese 400g,8.29,each,TRUE,FALSE,2026-06-01,FALSE
Save-On-Foods Langley,V4W2Z7,Cheddar Cheese,European,bulk,Value Priced Old Cheddar Block 820g; target 1kg not found — 820g closest,14.99,each,TRUE,FALSE,2026-06-01,TRUE
Save-On-Foods Langley,V4W2Z7,Eggs Large,European,small,Western Family Large Eggs 12-pack,4.29,each,TRUE,FALSE,2026-06-01,FALSE
Save-On-Foods Langley,V4W2Z7,Eggs Large,European,bulk,Western Family Large Eggs 18-pack,7.35,each,TRUE,FALSE,2026-06-01,FALSE
Save-On-Foods Langley,V4W2Z7,Ground Beef,European,small,Western Canadian Ground Beef 454g,8.5,each,TRUE,FALSE,2026-06-01,TRUE
Save-On-Foods Langley,V4W2Z7,Ground Beef,European,bulk,Western Canadian Ground Beef ~1.36kg avg sold by weight ($1.87/100g); target ~2kg — closest available,25.46,each,TRUE,TRUE,2026-06-01,TRUE
Save-On-Foods Langley,V4W2Z7,Russet Potatoes,European,small,Russet Potatoes 5lb bag,6.99,each,TRUE,FALSE,2026-06-01,FALSE
Save-On-Foods Langley,V4W2Z7,Russet Potatoes,European,bulk,Russet Potatoes 10lb bag,8.99,each,TRUE,FALSE,2026-06-01,FALSE
Save-On-Foods Langley,V4W2Z7,Carrots,European,small,Carrots 3lb bag,4.99,each,TRUE,FALSE,2026-06-01,FALSE
Save-On-Foods Langley,V4W2Z7,Carrots,European,bulk,Carrots 5lb bag,7.49,each,TRUE,FALSE,2026-06-01,FALSE
Save-On-Foods Langley,V4W2Z7,Extra Virgin Olive Oil,European,small,Western Family Extra Virgin Olive Oil 500ml,9.99,each,TRUE,FALSE,2026-06-01,FALSE
Save-On-Foods Langley,V4W2Z7,Extra Virgin Olive Oil,European,bulk,Filippo Berio Extra Virgin Olive Oil 3 Litre; target 2L not found — 3L closest,54.99,each,TRUE,FALSE,2026-06-01,TRUE
Save-On-Foods Langley,V4W2Z7,Diced Tomatoes Canned,European,small,Aylmer Canned Diced Tomatoes 796ml,3.49,each,TRUE,FALSE,2026-06-01,FALSE
Save-On-Foods Langley,V4W2Z7,Diced Tomatoes Canned,European,bulk,Aylmer Canned Diced Tomatoes 796ml; target 6-pack not found — single can only,3.49,each,TRUE,FALSE,2026-06-01,TRUE
Save-On-Foods Langley,V4W2Z7,Greek Yogurt Plain,European,small,Liberte Greek Yogurt Plain 650g; target 500g — closest available,8.49,each,TRUE,FALSE,2026-06-01,TRUE
Save-On-Foods Langley,V4W2Z7,Greek Yogurt Plain,European,bulk,Western Family Greek Yogurt Plain 1.36kg; target 1.5kg — closest available,11.99,each,TRUE,FALSE,2026-06-01,TRUE
Save-On-Foods Langley,V4W2Z7,Canned Salmon,Indigenous,small,Gold Seal Wild Pink Salmon No Salt Added 213g,5.99,each,TRUE,FALSE,2026-06-01,FALSE
Save-On-Foods Langley,V4W2Z7,Canned Salmon,Indigenous,bulk,Gold Seal Wild Pink Salmon 213g; target 6-pack not found — single can only,5.99,each,TRUE,FALSE,2026-06-01,TRUE
Save-On-Foods Langley,V4W2Z7,Robin Hood All Purpose Flour,Indigenous,small,Robin Hood All Purpose Flour 1kg; target 2kg not available — 1kg closest smaller,4.99,each,TRUE,FALSE,2026-06-01,TRUE
Save-On-Foods Langley,V4W2Z7,Robin Hood All Purpose Flour,Indigenous,bulk,Robin Hood All Purpose Flour 10kg,22.49,each,TRUE,FALSE,2026-06-01,FALSE
Save-On-Foods Langley,V4W2Z7,Frozen Wild Blueberries,Indigenous,small,Western Family Cultivated Blueberries 600g; wild blueberries not found,5.49,each,TRUE,FALSE,2026-06-01,TRUE
Save-On-Foods Langley,V4W2Z7,Frozen Wild Blueberries,Indigenous,bulk,Western Family Cultivated Blueberries 1.5kg; wild blueberries not found,15.99,each,TRUE,FALSE,2026-06-01,TRUE
Save-On-Foods Langley,V4W2Z7,Bison Meat,Indigenous,small,Product not found at this store,,each,FALSE,FALSE,2026-06-01,TRUE
Save-On-Foods Langley,V4W2Z7,Bison Meat,Indigenous,bulk,Product not found at this store,,each,FALSE,FALSE,2026-06-01,TRUE
Save-On-Foods Langley,V4W2Z7,Russet Potatoes,Indigenous,small,Russet Potatoes 5lb bag; target 3lb — closest available,6.99,each,TRUE,FALSE,2026-06-01,TRUE
Save-On-Foods Langley,V4W2Z7,Russet Potatoes,Indigenous,bulk,Russet Potatoes 10lb bag,8.99,each,TRUE,FALSE,2026-06-01,FALSE
Save-On-Foods Langley,V4W2Z7,Whole Milk 3.25%,Indigenous,small,Dairyland 3.25% Milk 1 Litre,3.25,each,TRUE,FALSE,2026-06-01,FALSE
Save-On-Foods Langley,V4W2Z7,Whole Milk 3.25%,Indigenous,bulk,Dairyland 3.25% Milk 4 Litre,6.69,each,TRUE,FALSE,2026-06-01,FALSE
Save-On-Foods Langley,V4W2Z7,Eggs Large,Indigenous,small,Western Family Large Eggs 12-pack,4.29,each,TRUE,FALSE,2026-06-01,FALSE
Save-On-Foods Langley,V4W2Z7,Eggs Large,Indigenous,bulk,Western Family Large Eggs 18-pack,7.35,each,TRUE,FALSE,2026-06-01,FALSE
Save-On-Foods Langley,V4W2Z7,Pinto Beans Canned,Indigenous,small,Western Family Pinto Beans 540ml,2.29,each,TRUE,FALSE,2026-06-01,FALSE
Save-On-Foods Langley,V4W2Z7,Pinto Beans Canned,Indigenous,bulk,Western Family Pinto Beans 540ml; target 6-pack not found — single can only,2.29,each,TRUE,FALSE,2026-06-01,TRUE
Save-On-Foods Langley,V4W2Z7,Quaker Oats,Indigenous,small,Quaker Quick Oats 1 Kilogram,6.99,each,TRUE,FALSE,2026-06-01,FALSE
Save-On-Foods Langley,V4W2Z7,Quaker Oats,Indigenous,bulk,Quaker Quick Oats 2.25 Kilogram,9.99,each,TRUE,FALSE,2026-06-01,FALSE
Save-On-Foods Langley,V4W2Z7,Crisco Shortening,Indigenous,small,Crisco All-Vegetable Shortening 454g,5.69,each,TRUE,FALSE,2026-06-01,FALSE
Save-On-Foods Langley,V4W2Z7,Crisco Shortening,Indigenous,bulk,Crisco All-Vegetable Shortening 1.36kg,14.69,each,TRUE,FALSE,2026-06-01,FALSE
Save-On-Foods Langley,V4W2Z7,Whole Wheat Bread,Others,small,Western Family Whole Wheat Bread 570g,2.99,each,TRUE,FALSE,2026-06-01,FALSE
Save-On-Foods Langley,V4W2Z7,Whole Wheat Bread,Others,bulk,Western Family 100% Whole Wheat Traditional Loaf 600g; target 2-loaf pack not found,3.99,each,TRUE,FALSE,2026-06-01,TRUE
Save-On-Foods Langley,V4W2Z7,Whole Milk 3.25%,Others,small,Dairyland 3.25% Milk 1 Litre,3.25,each,TRUE,FALSE,2026-06-01,FALSE
Save-On-Foods Langley,V4W2Z7,Whole Milk 3.25%,Others,bulk,Dairyland 3.25% Milk 4 Litre,6.69,each,TRUE,FALSE,2026-06-01,FALSE
Save-On-Foods Langley,V4W2Z7,Eggs Large,Others,small,Western Family Large Eggs 12-pack,4.29,each,TRUE,FALSE,2026-06-01,FALSE
Save-On-Foods Langley,V4W2Z7,Eggs Large,Others,bulk,Western Family Large Eggs 18-pack,7.35,each,TRUE,FALSE,2026-06-01,FALSE
Save-On-Foods Langley,V4W2Z7,Chicken Breast Boneless Skinless,Others,small,Hallmark Farms Boneless Skinless Breast 1kg (fixed price),22,each,TRUE,FALSE,2026-06-01,FALSE
Save-On-Foods Langley,V4W2Z7,Chicken Breast Boneless Skinless,Others,bulk,SOF Boneless Skinless Chicken Breast Warehouse Pack ~1.25kg sold by weight ($2.09/100g),26.15,each,TRUE,TRUE,2026-06-01,TRUE
Save-On-Foods Langley,V4W2Z7,Russet Potatoes,Others,small,Russet Potatoes 5lb bag,6.99,each,TRUE,FALSE,2026-06-01,FALSE
Save-On-Foods Langley,V4W2Z7,Russet Potatoes,Others,bulk,Russet Potatoes 10lb bag,8.99,each,TRUE,FALSE,2026-06-01,FALSE
Save-On-Foods Langley,V4W2Z7,Carrots,Others,small,Carrots 3lb bag,4.99,each,TRUE,FALSE,2026-06-01,FALSE
Save-On-Foods Langley,V4W2Z7,Carrots,Others,bulk,Carrots 5lb bag,7.49,each,TRUE,FALSE,2026-06-01,FALSE
Save-On-Foods Langley,V4W2Z7,Black Beans Canned,Others,small,Western Family Black Beans 540ml,2.29,each,TRUE,FALSE,2026-06-01,FALSE
Save-On-Foods Langley,V4W2Z7,Black Beans Canned,Others,bulk,Western Family Black Beans 540ml; target 6-pack not found — single can only,2.29,each,TRUE,FALSE,2026-06-01,TRUE
Save-On-Foods Langley,V4W2Z7,Canola Oil,Others,small,Western Family Canola Oil 946ml; target 1L — closest available,6.49,each,TRUE,FALSE,2026-06-01,TRUE
Save-On-Foods Langley,V4W2Z7,Canola Oil,Others,bulk,Western Family Canola Oil 3 Litre,11.99,each,TRUE,FALSE,2026-06-01,FALSE
Save-On-Foods Langley,V4W2Z7,Quaker Oats,Others,small,Quaker Quick Oats 1 Kilogram,6.99,each,TRUE,FALSE,2026-06-01,FALSE
Save-On-Foods Langley,V4W2Z7,Quaker Oats,Others,bulk,Quaker Quick Oats 2.25 Kilogram,9.99,each,TRUE,FALSE,2026-06-01,FALSE
Save-On-Foods Langley,V4W2Z7,Bananas,Others,small,Bananas Yellow sold by weight $2.00/kg; target ~1kg,2,per_kg,TRUE,TRUE,2026-06-01,FALSE
Save-On-Foods Langley,V4W2Z7,Bananas,Others,bulk,Bananas Yellow sold by weight $2.00/kg; target ~3kg — same per-kg price,2,per_kg,TRUE,TRUE,2026-06-01,FALSE
Save-On-Foods Maple Ridge,V2X2V5,Basmati Rice,South Asian,small,Western Family White Basmati Rice 2kg,11.69,each,TRUE,FALSE,2026-06-01,FALSE
Save-On-Foods Maple Ridge,V2X2V5,Basmati Rice,South Asian,bulk,Qilla Premium Basmati Rice 10lb (~4.54kg) - no 10kg available; closest is 10lb bag,15.99,each,TRUE,FALSE,2026-06-01,TRUE
Save-On-Foods Maple Ridge,V2X2V5,Whole Wheat Atta,South Asian,small,Sher Durum Atta Desi Style Flour 20lb - no 10lb available; substituted with 20lb,17.99,each,TRUE,FALSE,2026-06-01,TRUE
Save-On-Foods Maple Ridge,V2X2V5,Whole Wheat Atta,South Asian,bulk,Sher Fibr Wala White W/W Atta Flour 9.07kg (20lb),18.99,each,TRUE,FALSE,2026-06-01,FALSE
Save-On-Foods Maple Ridge,V2X2V5,Toor Dal,South Asian,small,Not found at this store,,each,FALSE,FALSE,2026-06-01,TRUE
Save-On-Foods Maple Ridge,V2X2V5,Toor Dal,South Asian,bulk,Not found at this store,,each,FALSE,FALSE,2026-06-01,TRUE
Save-On-Foods Maple Ridge,V2X2V5,Whole Milk 3.25%,South Asian,small,Dairyland 3.25% Milk 1L,3.25,each,TRUE,FALSE,2026-06-01,FALSE
Save-On-Foods Maple Ridge,V2X2V5,Whole Milk 3.25%,South Asian,bulk,Dairyland 3.25% Milk 4L,6.69,each,TRUE,FALSE,2026-06-01,FALSE
Save-On-Foods Maple Ridge,V2X2V5,Yellow Onions,South Asian,small,Onions Yellow Mesh Bagged 3lb (~1.36kg) - no 1kg bag available,4.99,each,TRUE,FALSE,2026-06-01,TRUE
Save-On-Foods Maple Ridge,V2X2V5,Yellow Onions,South Asian,bulk,Onions Yellow 3lb bag - no 5kg bag available; only 3lb is largest bag,,each,FALSE,FALSE,2026-06-01,TRUE
Save-On-Foods Maple Ridge,V2X2V5,Roma Tomatoes,South Asian,small,Tomatoes Roma Fresh sold by weight $11.00/kg,11,per_kg,TRUE,TRUE,2026-06-01,TRUE
Save-On-Foods Maple Ridge,V2X2V5,Roma Tomatoes,South Asian,bulk,Tomatoes Roma Fresh sold by weight $11.00/kg; no 3kg bag available,11,per_kg,TRUE,TRUE,2026-06-01,TRUE
Save-On-Foods Maple Ridge,V2X2V5,Chicken Thighs,South Asian,small,SOF Chicken Thighs Skin On Bone In Family Pack ~1.13kg sold by weight ($1.54/100g),17.41,each,TRUE,TRUE,2026-06-01,TRUE
Save-On-Foods Maple Ridge,V2X2V5,Chicken Thighs,South Asian,bulk,Western Family Boneless Skinless Chicken Thighs Seasoned 3kg fixed price,38.49,each,TRUE,FALSE,2026-06-01,TRUE
Save-On-Foods Maple Ridge,V2X2V5,Plain/Balkan Yogurt,South Asian,small,Olympic Organic Plain Yogurt 3.5% M.F. 650g,4.49,each,TRUE,FALSE,2026-06-01,FALSE
Save-On-Foods Maple Ridge,V2X2V5,Plain/Balkan Yogurt,South Asian,bulk,Olympic Organic Plain Yogurt 3.5% M.F. 1.75kg,10.49,each,TRUE,FALSE,2026-06-01,FALSE
Save-On-Foods Maple Ridge,V2X2V5,Garlic,South Asian,small,Garlic Bulb Mesh 3-pack,1.29,each,TRUE,FALSE,2026-06-01,FALSE
Save-On-Foods Maple Ridge,V2X2V5,Garlic,South Asian,bulk,Garlic Fresh Mesh Bag 1kg - no 500g bag; substituted with 1kg,6.99,each,TRUE,FALSE,2026-06-01,TRUE
Save-On-Foods Maple Ridge,V2X2V5,Canola Oil,South Asian,small,Western Family Pure Canola Oil 946ml (closest to 1L),6.49,each,TRUE,FALSE,2026-06-01,FALSE
Save-On-Foods Maple Ridge,V2X2V5,Canola Oil,South Asian,bulk,Western Family Pure Canola Oil 3 Litre,11.99,each,TRUE,FALSE,2026-06-01,FALSE
Save-On-Foods Maple Ridge,V2X2V5,Jasmine Rice,Chinese,small,Texana Thai Jasmine Rice 2kg,9.49,each,TRUE,FALSE,2026-06-01,FALSE
Save-On-Foods Maple Ridge,V2X2V5,Jasmine Rice,Chinese,bulk,Gia Jasmine Rice 6kg - no 10kg available; largest is 6kg,16.69,each,TRUE,FALSE,2026-06-01,TRUE
Save-On-Foods Maple Ridge,V2X2V5,Bok Choy,Chinese,small,YU Baby Bok Choy Fresh Bunch 454g sold by weight ($0.88/100g),3.99,each,TRUE,TRUE,2026-06-01,FALSE
Save-On-Foods Maple Ridge,V2X2V5,Bok Choy,Chinese,bulk,Bok Choy Fresh 1400g sold by weight ($0.55/100g) - no 2kg; closest 1.4kg,7.69,each,TRUE,TRUE,2026-06-01,TRUE
Save-On-Foods Maple Ridge,V2X2V5,Firm Tofu Extra Firm,Chinese,small,Sunrise Extra Firm Tofu 350g,3.99,each,TRUE,FALSE,2026-06-01,FALSE
Save-On-Foods Maple Ridge,V2X2V5,Firm Tofu Extra Firm,Chinese,bulk,Sunrise Firm Tofu 500g - no 2-pack; closest 500g+ single,3.99,each,TRUE,FALSE,2026-06-01,TRUE
Save-On-Foods Maple Ridge,V2X2V5,Kikkoman Soy Sauce,Chinese,small,Kikkoman Soy Sauce 296ml - no 250ml; closest is 296ml,6.89,each,TRUE,FALSE,2026-06-01,TRUE
Save-On-Foods Maple Ridge,V2X2V5,Kikkoman Soy Sauce,Chinese,bulk,Kikkoman Soy Sauce 1.2L - no 1.89L; largest available is 1.2L,12.99,each,TRUE,FALSE,2026-06-01,TRUE
Save-On-Foods Maple Ridge,V2X2V5,Silk Soy Milk,Chinese,small,Silk Soy Beverage Original 946ml,4.49,each,TRUE,FALSE,2026-06-01,FALSE
Save-On-Foods Maple Ridge,V2X2V5,Silk Soy Milk,Chinese,bulk,Silk Soy Protein Milk Original Dairy Free 1.89L,5.29,each,TRUE,FALSE,2026-06-01,FALSE
Save-On-Foods Maple Ridge,V2X2V5,Eggs Large,Chinese,small,Western Family Large White Eggs 12-pack,4.29,each,TRUE,FALSE,2026-06-01,FALSE
Save-On-Foods Maple Ridge,V2X2V5,Eggs Large,Chinese,bulk,Western Family Large White Eggs 18-pack,7.35,each,TRUE,FALSE,2026-06-01,FALSE
Save-On-Foods Maple Ridge,V2X2V5,Green Onions,Chinese,small,Green Onions Scallions Bunch Fresh 1 bunch,2.69,each,TRUE,FALSE,2026-06-01,FALSE
Save-On-Foods Maple Ridge,V2X2V5,Green Onions,Chinese,bulk,3-bunch pack not available at this store,,each,FALSE,FALSE,2026-06-01,TRUE
Save-On-Foods Maple Ridge,V2X2V5,Sesame Oil,Chinese,small,Western Family Pure Sesame Oil 300ml,5.99,each,TRUE,FALSE,2026-06-01,FALSE
Save-On-Foods Maple Ridge,V2X2V5,Sesame Oil,Chinese,bulk,Maison Orphee Sesame Oil Virgin Organic 500ml,14.99,each,TRUE,FALSE,2026-06-01,FALSE
Save-On-Foods Maple Ridge,V2X2V5,Pork Shoulder,Chinese,small,Western Canadian Pork Butt Steak Bone In Value Pack ~800g sold by weight ($1.65/100g),13.21,each,TRUE,TRUE,2026-06-01,TRUE
Save-On-Foods Maple Ridge,V2X2V5,Pork Shoulder,Chinese,bulk,Western Canadian Pork Roast Shoulder Blade Boneless ~2kg sold by weight ($1.21/100g),24.21,each,TRUE,TRUE,2026-06-01,TRUE
Save-On-Foods Maple Ridge,V2X2V5,Napa Cabbage,Chinese,small,Cabbage Sui Choy Fresh ~1.48kg sold by weight ($0.59/100g),8.78,each,TRUE,TRUE,2026-06-01,FALSE
Save-On-Foods Maple Ridge,V2X2V5,Napa Cabbage,Chinese,bulk,Cabbage Sui Choy Fresh - no 3kg option; only single head (~1.48kg) available,,each,FALSE,FALSE,2026-06-01,TRUE
Save-On-Foods Maple Ridge,V2X2V5,White Long Grain Rice,Filipino,small,Western Family Long Grain White Rice 1.81kg - no 2kg; closest is 1.81kg,6.99,each,TRUE,FALSE,2026-06-01,TRUE
Save-On-Foods Maple Ridge,V2X2V5,White Long Grain Rice,Filipino,bulk,Western Family Long Grain White Rice 8kg - no 10kg; closest is 8kg,18.99,each,TRUE,FALSE,2026-06-01,TRUE
Save-On-Foods Maple Ridge,V2X2V5,Frozen Tilapia,Filipino,small,High Liner Pan Sear Tilapia 540g - no plain 500g; closest,10.5,each,TRUE,FALSE,2026-06-01,TRUE
Save-On-Foods Maple Ridge,V2X2V5,Frozen Tilapia,Filipino,bulk,Frozen tilapia 2kg not available at this store,,each,FALSE,FALSE,2026-06-01,TRUE
Save-On-Foods Maple Ridge,V2X2V5,Yellow Onions,Filipino,small,Onions Yellow Mesh Bagged 3lb (~1.36kg) - no 2kg bag; closest,4.99,each,TRUE,FALSE,2026-06-01,TRUE
Save-On-Foods Maple Ridge,V2X2V5,Yellow Onions,Filipino,bulk,Yellow onions 5kg bag not available; only 3lb bag is largest,,each,FALSE,FALSE,2026-06-01,TRUE
Save-On-Foods Maple Ridge,V2X2V5,Coconut Milk,Filipino,small,Aroy-D Coconut Milk 400ml can,2.49,each,TRUE,FALSE,2026-06-01,FALSE
Save-On-Foods Maple Ridge,V2X2V5,Coconut Milk,Filipino,bulk,Kosa UHT Coconut Milk 1L - no 6-pack; largest single unit,6.89,each,TRUE,FALSE,2026-06-01,TRUE
Save-On-Foods Maple Ridge,V2X2V5,Fish Sauce,Filipino,small,Squid Fish Sauce 300ml - no 350ml; closest smaller size,1.99,each,TRUE,FALSE,2026-06-01,TRUE
Save-On-Foods Maple Ridge,V2X2V5,Fish Sauce,Filipino,bulk,Fish sauce 750ml not available; only 300ml and 200ml sizes at store,,each,FALSE,FALSE,2026-06-01,TRUE
Save-On-Foods Maple Ridge,V2X2V5,Pork Belly,Filipino,small,SOF Pork Belly Skin On Quarter Cut ~907g sold by weight ($2.05/100g),18.58,each,TRUE,TRUE,2026-06-01,FALSE
Save-On-Foods Maple Ridge,V2X2V5,Pork Belly,Filipino,bulk,Pork belly 3kg value pack not available; only 907g portions,,each,FALSE,FALSE,2026-06-01,TRUE
Save-On-Foods Maple Ridge,V2X2V5,Eggs Large,Filipino,small,Western Family Large White Eggs 12-pack,4.29,each,TRUE,FALSE,2026-06-01,FALSE
Save-On-Foods Maple Ridge,V2X2V5,Eggs Large,Filipino,bulk,Western Family Large White Eggs 18-pack,7.35,each,TRUE,FALSE,2026-06-01,FALSE
Save-On-Foods Maple Ridge,V2X2V5,Eggplant,Filipino,small,Eggplant Purple Regular ~500g fixed price per unit,3.99,each,TRUE,FALSE,2026-06-01,FALSE
Save-On-Foods Maple Ridge,V2X2V5,Eggplant,Filipino,bulk,Eggplant Long Fresh sold by weight $6.60/kg - no 2kg bag,6.6,per_kg,TRUE,TRUE,2026-06-01,TRUE
Save-On-Foods Maple Ridge,V2X2V5,Garlic,Filipino,small,Garlic Bulb Mesh 3-pack,1.29,each,TRUE,FALSE,2026-06-01,FALSE
Save-On-Foods Maple Ridge,V2X2V5,Garlic,Filipino,bulk,Garlic Fresh Mesh Bag 1kg - no 500g bag; substituted with 1kg,6.99,each,TRUE,FALSE,2026-06-01,TRUE
Save-On-Foods Maple Ridge,V2X2V5,Cane Vinegar,Filipino,small,Cane vinegar not available; substituted Allen's Pure White Vinegar 500ml,2.99,each,TRUE,FALSE,2026-06-01,TRUE
Save-On-Foods Maple Ridge,V2X2V5,Cane Vinegar,Filipino,bulk,Cane vinegar not available; substituted Western Family Pure White Vinegar 2.5L,4.89,each,TRUE,FALSE,2026-06-01,TRUE
Save-On-Foods Maple Ridge,V2X2V5,Short Grain Rice Calrose,Korean,small,Katsumi US No.1 Premium Calrose Rice 2.26kg - closest to 2kg,12.49,each,TRUE,FALSE,2026-06-01,TRUE
Save-On-Foods Maple Ridge,V2X2V5,Short Grain Rice Calrose,Korean,bulk,Sunbrown Australia Calrose Brown Rice 4kg - no 9kg; largest available,16.49,each,TRUE,FALSE,2026-06-01,TRUE
Save-On-Foods Maple Ridge,V2X2V5,Kimchi,Korean,small,Hankook Kimchi 900g - closest to 1kg,15.49,each,TRUE,FALSE,2026-06-01,TRUE
Save-On-Foods Maple Ridge,V2X2V5,Kimchi,Korean,bulk,Kimchi 5kg not available; only 900g and 450g sizes,,each,FALSE,FALSE,2026-06-01,TRUE
Save-On-Foods Maple Ridge,V2X2V5,Gochujang,Korean,small,Gochujang paste not found at this store,,each,FALSE,FALSE,2026-06-01,TRUE
Save-On-Foods Maple Ridge,V2X2V5,Gochujang,Korean,bulk,Gochujang paste not found at this store,,each,FALSE,FALSE,2026-06-01,TRUE
Save-On-Foods Maple Ridge,V2X2V5,Bean Sprouts,Korean,small,Zimmerman Farm Bean Sprouts 227g - no 340g; closest,2.99,each,TRUE,FALSE,2026-06-01,TRUE
Save-On-Foods Maple Ridge,V2X2V5,Bean Sprouts,Korean,bulk,Bean sprouts 1kg not available; only 227g sizes,,each,FALSE,FALSE,2026-06-01,TRUE
Save-On-Foods Maple Ridge,V2X2V5,Ground Beef,Korean,small,Western Canadian Lean Ground Beef 454g,9.5,each,TRUE,FALSE,2026-06-01,FALSE
Save-On-Foods Maple Ridge,V2X2V5,Ground Beef,Korean,bulk,Western Canadian Lean Ground Beef Fine Grind 1.36kg - no 2kg; closest,25.46,each,TRUE,TRUE,2026-06-01,TRUE
Save-On-Foods Maple Ridge,V2X2V5,Sesame Oil,Korean,small,Western Family Pure Sesame Oil 300ml,5.99,each,TRUE,FALSE,2026-06-01,FALSE
Save-On-Foods Maple Ridge,V2X2V5,Sesame Oil,Korean,bulk,Maison Orphee Sesame Oil Virgin Organic 500ml,14.99,each,TRUE,FALSE,2026-06-01,FALSE
Save-On-Foods Maple Ridge,V2X2V5,Nori Sheets,Korean,small,Western Family Roasted Seaweed Sushi Nori 28g - no 20g; closest,3.99,each,TRUE,FALSE,2026-06-01,TRUE
Save-On-Foods Maple Ridge,V2X2V5,Nori Sheets,Korean,bulk,Nori 100g pack not available at this store,,each,FALSE,FALSE,2026-06-01,TRUE
Save-On-Foods Maple Ridge,V2X2V5,Silken Tofu,Korean,small,Sunrise Soyganic Organic Tofu Soft 300g,2.49,each,TRUE,FALSE,2026-06-01,TRUE
Save-On-Foods Maple Ridge,V2X2V5,Silken Tofu,Korean,bulk,Silken tofu 2-pack not available; only single units,,each,FALSE,FALSE,2026-06-01,TRUE
Save-On-Foods Maple Ridge,V2X2V5,Frozen Mackerel,Korean,small,Frozen mackerel not found at this store,,each,FALSE,FALSE,2026-06-01,TRUE
Save-On-Foods Maple Ridge,V2X2V5,Frozen Mackerel,Korean,bulk,Frozen mackerel not found at this store,,each,FALSE,FALSE,2026-06-01,TRUE
Save-On-Foods Maple Ridge,V2X2V5,Eggs Large,Korean,small,Western Family Large White Eggs 12-pack,4.29,each,TRUE,FALSE,2026-06-01,FALSE
Save-On-Foods Maple Ridge,V2X2V5,Eggs Large,Korean,bulk,Western Family Large White Eggs 18-pack,7.35,each,TRUE,FALSE,2026-06-01,FALSE
Save-On-Foods Maple Ridge,V2X2V5,Whole Wheat Bread,European,small,Western Family Whole Wheat Bread 570g,2.99,each,TRUE,FALSE,2026-06-01,FALSE
Save-On-Foods Maple Ridge,V2X2V5,Whole Wheat Bread,European,bulk,Whole wheat bread 2-loaf pack not available at this store,,each,FALSE,FALSE,2026-06-01,TRUE
Save-On-Foods Maple Ridge,V2X2V5,Whole Milk 3.25%,European,small,Dairyland 3.25% Milk 1L,3.25,each,TRUE,FALSE,2026-06-01,FALSE
Save-On-Foods Maple Ridge,V2X2V5,Whole Milk 3.25%,European,bulk,Dairyland 3.25% Milk 4L,6.69,each,TRUE,FALSE,2026-06-01,FALSE
Save-On-Foods Maple Ridge,V2X2V5,Cheddar Cheese,European,small,Western Family Old Cheddar Cheese Block 400g,8.29,each,TRUE,FALSE,2026-06-01,FALSE
Save-On-Foods Maple Ridge,V2X2V5,Cheddar Cheese,European,bulk,Value Priced Old Cheddar Block 820g - no 1kg block; closest,14.99,each,TRUE,FALSE,2026-06-01,TRUE
Save-On-Foods Maple Ridge,V2X2V5,Eggs Large,European,small,Western Family Large White Eggs 12-pack,4.29,each,TRUE,FALSE,2026-06-01,FALSE
Save-On-Foods Maple Ridge,V2X2V5,Eggs Large,European,bulk,Western Family Large White Eggs 18-pack,7.35,each,TRUE,FALSE,2026-06-01,FALSE
Save-On-Foods Maple Ridge,V2X2V5,Ground Beef,European,small,Western Canadian Lean Ground Beef 454g,9.5,each,TRUE,FALSE,2026-06-01,FALSE
Save-On-Foods Maple Ridge,V2X2V5,Ground Beef,European,bulk,Western Canadian Lean Ground Beef Fine Grind 1.36kg - no 2kg; closest,25.46,each,TRUE,TRUE,2026-06-01,TRUE
Save-On-Foods Maple Ridge,V2X2V5,Russet Potatoes,European,small,Potatoes Russet 5lb Bag,6.99,each,TRUE,FALSE,2026-06-01,FALSE
Save-On-Foods Maple Ridge,V2X2V5,Russet Potatoes,European,bulk,Potatoes Russet 10lb Bag,8.99,each,TRUE,FALSE,2026-06-01,FALSE
Save-On-Foods Maple Ridge,V2X2V5,Carrots,European,small,Carrots Cello Bag 3lb,4.99,each,TRUE,FALSE,2026-06-01,FALSE
Save-On-Foods Maple Ridge,V2X2V5,Carrots,European,bulk,Carrots Orange 5lb Cello,7.49,each,TRUE,FALSE,2026-06-01,FALSE
Save-On-Foods Maple Ridge,V2X2V5,Extra Virgin Olive Oil,European,small,Western Family Extra Virgin Olive Oil 500ml,9.99,each,TRUE,FALSE,2026-06-01,FALSE
Save-On-Foods Maple Ridge,V2X2V5,Extra Virgin Olive Oil,European,bulk,Filippo Berio Extra Virgin Olive Oil 3L - no 2L; closest,54.99,each,TRUE,FALSE,2026-06-01,TRUE
Save-On-Foods Maple Ridge,V2X2V5,Diced Tomatoes Canned,European,small,Western Family Diced Tomatoes In Juice 796ml,2.79,each,TRUE,FALSE,2026-06-01,FALSE
Save-On-Foods Maple Ridge,V2X2V5,Diced Tomatoes Canned,European,bulk,Diced tomatoes 6-pack not available at this store,,each,FALSE,FALSE,2026-06-01,TRUE
Save-On-Foods Maple Ridge,V2X2V5,Greek Yogurt Plain,European,small,Western Family Greek Style Yogurt 500g,5.29,each,TRUE,FALSE,2026-06-01,FALSE
Save-On-Foods Maple Ridge,V2X2V5,Greek Yogurt Plain,European,bulk,OIKOS Greek Yogurt Plain 1.5kg,12.99,each,TRUE,FALSE,2026-06-01,FALSE
Save-On-Foods Maple Ridge,V2X2V5,Canned Salmon,Indigenous,small,Gold Seal Wild Pink Salmon 213g,5.99,each,TRUE,FALSE,2026-06-01,FALSE
Save-On-Foods Maple Ridge,V2X2V5,Canned Salmon,Indigenous,bulk,Western Family Wild Pacific Sockeye Salmon 3-pack - no 6-pack; closest,21.49,each,TRUE,FALSE,2026-06-01,TRUE
Save-On-Foods Maple Ridge,V2X2V5,Robin Hood All Purpose Flour,Indigenous,small,Robin Hood All Purpose Flour 1kg - no 2kg; closest smaller size,4.99,each,TRUE,FALSE,2026-06-01,TRUE
Save-On-Foods Maple Ridge,V2X2V5,Robin Hood All Purpose Flour,Indigenous,bulk,Robin Hood All Purpose Flour 10kg,22.49,each,TRUE,FALSE,2026-06-01,FALSE
Save-On-Foods Maple Ridge,V2X2V5,Frozen Wild Blueberries,Indigenous,small,Western Family Cultivated Blueberries 600g - no wild; substituted cultivated 600g,5.49,each,TRUE,FALSE,2026-06-01,TRUE
Save-On-Foods Maple Ridge,V2X2V5,Frozen Wild Blueberries,Indigenous,bulk,Western Family Cultivated Blueberries 1.5kg - no wild; substituted cultivated 1.5kg,15.99,each,TRUE,FALSE,2026-06-01,TRUE
Save-On-Foods Maple Ridge,V2X2V5,Bison Meat,Indigenous,small,Legends Haul Ground Bison Free Range 454g - closest to 400g,17.99,each,TRUE,FALSE,2026-06-01,TRUE
Save-On-Foods Maple Ridge,V2X2V5,Bison Meat,Indigenous,bulk,Legends Haul Ground Bison Free Range 454g - largest available; no larger pack,17.99,each,TRUE,FALSE,2026-06-01,TRUE
Save-On-Foods Maple Ridge,V2X2V5,Russet Potatoes,Indigenous,small,Potatoes Russet 5lb Bag - no 3lb; closest is 5lb,6.99,each,TRUE,FALSE,2026-06-01,TRUE
Save-On-Foods Maple Ridge,V2X2V5,Russet Potatoes,Indigenous,bulk,Potatoes Russet 10lb Bag,8.99,each,TRUE,FALSE,2026-06-01,FALSE
Save-On-Foods Maple Ridge,V2X2V5,Whole Milk 3.25%,Indigenous,small,Dairyland 3.25% Milk 1L,3.25,each,TRUE,FALSE,2026-06-01,FALSE
Save-On-Foods Maple Ridge,V2X2V5,Whole Milk 3.25%,Indigenous,bulk,Dairyland 3.25% Milk 4L,6.69,each,TRUE,FALSE,2026-06-01,FALSE
Save-On-Foods Maple Ridge,V2X2V5,Eggs Large,Indigenous,small,Western Family Large White Eggs 12-pack,4.29,each,TRUE,FALSE,2026-06-01,FALSE
Save-On-Foods Maple Ridge,V2X2V5,Eggs Large,Indigenous,bulk,Western Family Large White Eggs 18-pack,7.35,each,TRUE,FALSE,2026-06-01,FALSE
Save-On-Foods Maple Ridge,V2X2V5,Pinto Beans Canned,Indigenous,small,Western Family Pinto Beans 540ml,2.29,each,TRUE,FALSE,2026-06-01,FALSE
Save-On-Foods Maple Ridge,V2X2V5,Pinto Beans Canned,Indigenous,bulk,Pinto beans 6-pack not available at this store,,each,FALSE,FALSE,2026-06-01,TRUE
Save-On-Foods Maple Ridge,V2X2V5,Quaker Oats,Indigenous,small,Quaker Quick Oats 1kg,6.99,each,TRUE,FALSE,2026-06-01,FALSE
Save-On-Foods Maple Ridge,V2X2V5,Quaker Oats,Indigenous,bulk,Quaker Quick Oats 2.25kg,9.99,each,TRUE,FALSE,2026-06-01,FALSE
Save-On-Foods Maple Ridge,V2X2V5,Crisco Shortening,Indigenous,small,Crisco All-Vegetable Shortening 454g,5.69,each,TRUE,FALSE,2026-06-01,FALSE
Save-On-Foods Maple Ridge,V2X2V5,Crisco Shortening,Indigenous,bulk,Crisco All-Vegetable Shortening 1.36kg,14.69,each,TRUE,FALSE,2026-06-01,FALSE
Save-On-Foods Maple Ridge,V2X2V5,Whole Wheat Bread,Others,small,Western Family Whole Wheat Bread 570g,2.99,each,TRUE,FALSE,2026-06-01,FALSE
Save-On-Foods Maple Ridge,V2X2V5,Whole Wheat Bread,Others,bulk,Whole wheat bread 2-loaf pack not available at this store,,each,FALSE,FALSE,2026-06-01,TRUE
Save-On-Foods Maple Ridge,V2X2V5,Whole Milk 3.25%,Others,small,Dairyland 3.25% Milk 1L,3.25,each,TRUE,FALSE,2026-06-01,FALSE
Save-On-Foods Maple Ridge,V2X2V5,Whole Milk 3.25%,Others,bulk,Dairyland 3.25% Milk 4L,6.69,each,TRUE,FALSE,2026-06-01,FALSE
Save-On-Foods Maple Ridge,V2X2V5,Eggs Large,Others,small,Western Family Large White Eggs 12-pack,4.29,each,TRUE,FALSE,2026-06-01,FALSE
Save-On-Foods Maple Ridge,V2X2V5,Eggs Large,Others,bulk,Western Family Large White Eggs 18-pack,7.35,each,TRUE,FALSE,2026-06-01,FALSE
Save-On-Foods Maple Ridge,V2X2V5,Chicken Breast Boneless Skinless,Others,small,Hallmark Farms Boneless Skinless Breast 1kg,22,each,TRUE,FALSE,2026-06-01,FALSE
Save-On-Foods Maple Ridge,V2X2V5,Chicken Breast Boneless Skinless,Others,bulk,SOF Boneless Skinless Chicken Breast Warehouse Pack ~1.25kg sold by weight ($2.09/100g),26.15,each,TRUE,TRUE,2026-06-01,TRUE
Save-On-Foods Maple Ridge,V2X2V5,Russet Potatoes,Others,small,Potatoes Russet 5lb Bag,6.99,each,TRUE,FALSE,2026-06-01,FALSE
Save-On-Foods Maple Ridge,V2X2V5,Russet Potatoes,Others,bulk,Potatoes Russet 10lb Bag,8.99,each,TRUE,FALSE,2026-06-01,FALSE
Save-On-Foods Maple Ridge,V2X2V5,Carrots,Others,small,Carrots Cello Bag 3lb,4.99,each,TRUE,FALSE,2026-06-01,FALSE
Save-On-Foods Maple Ridge,V2X2V5,Carrots,Others,bulk,Carrots Orange 5lb Cello,7.49,each,TRUE,FALSE,2026-06-01,FALSE
Save-On-Foods Maple Ridge,V2X2V5,Black Beans Canned,Others,small,Western Family Black Beans 540ml,2.29,each,TRUE,FALSE,2026-06-01,FALSE
Save-On-Foods Maple Ridge,V2X2V5,Black Beans Canned,Others,bulk,Black beans 6-pack not available at this store,,each,FALSE,FALSE,2026-06-01,TRUE
Save-On-Foods Maple Ridge,V2X2V5,Canola Oil,Others,small,Western Family Pure Canola Oil 946ml (closest to 1L),6.49,each,TRUE,FALSE,2026-06-01,FALSE
Save-On-Foods Maple Ridge,V2X2V5,Canola Oil,Others,bulk,Western Family Pure Canola Oil 3 Litre,11.99,each,TRUE,FALSE,2026-06-01,FALSE
Save-On-Foods Maple Ridge,V2X2V5,Quaker Oats,Others,small,Quaker Quick Oats 1kg,6.99,each,TRUE,FALSE,2026-06-01,FALSE
Save-On-Foods Maple Ridge,V2X2V5,Quaker Oats,Others,bulk,Quaker Quick Oats 2.25kg,9.99,each,TRUE,FALSE,2026-06-01,FALSE
Save-On-Foods Maple Ridge,V2X2V5,Bananas,Others,small,Bananas Yellow Fresh sold by weight $2.00/kg,2,per_kg,TRUE,TRUE,2026-06-01,TRUE
Save-On-Foods Maple Ridge,V2X2V5,Bananas,Others,bulk,Bananas Yellow Fresh sold by weight $2.00/kg; no 3kg pre-pack,2,per_kg,TRUE,TRUE,2026-06-01,TRUE
Save-On-Foods Delta,V4E2A9,Basmati Rice,South Asian,small,Western Family White Basmati Rice 2kg,11.69,each,TRUE,FALSE,2026-06-01,FALSE
Save-On-Foods Delta,V4E2A9,Basmati Rice,South Asian,bulk,Sher Golden Sella Basmati Rice 4.55kg (10kg not available; largest found),16.49,each,TRUE,FALSE,2026-06-01,TRUE
Save-On-Foods Delta,V4E2A9,Whole Wheat Atta,South Asian,small,Sher Brown Whole Wheat Atta 9.07kg used as small (4.54kg/10lb not found separately),19.99,each,TRUE,FALSE,2026-06-01,TRUE
Save-On-Foods Delta,V4E2A9,Whole Wheat Atta,South Asian,bulk,Sher Brown Whole Wheat Atta 9.07kg (~20lb),19.99,each,TRUE,FALSE,2026-06-01,FALSE
Save-On-Foods Delta,V4E2A9,Toor Dal,South Asian,small,Sundar Toor Dal 2 Pound (~907g) closest to 900g target,5.99,each,TRUE,FALSE,2026-06-01,FALSE
Save-On-Foods Delta,V4E2A9,Toor Dal,South Asian,bulk,Verka Arhar Dal Toor 1.6kg (4kg not available; largest found),8.19,each,TRUE,FALSE,2026-06-01,TRUE
Save-On-Foods Delta,V4E2A9,Whole Milk 3.25%,South Asian,small,Dairyland Whole Milk 3.25% 1L,3.25,each,TRUE,FALSE,2026-06-01,FALSE
Save-On-Foods Delta,V4E2A9,Whole Milk 3.25%,South Asian,bulk,Dairyland Whole Milk 3.25% 4L,6.19,each,TRUE,FALSE,2026-06-01,FALSE
Save-On-Foods Delta,V4E2A9,Yellow Onions,South Asian,small,Yellow Onions Mesh Bag 3lb/1.36kg (1kg bag not available),3.99,each,TRUE,FALSE,2026-06-01,TRUE
Save-On-Foods Delta,V4E2A9,Yellow Onions,South Asian,bulk,Yellow Onions 5kg bag not found; no larger bag available,,each,FALSE,FALSE,2026-06-01,TRUE
Save-On-Foods Delta,V4E2A9,Roma Tomatoes,South Asian,small,Roma Tomatoes Fresh sold by weight $4.40/kg,4.4,per_kg,TRUE,TRUE,2026-06-01,FALSE
Save-On-Foods Delta,V4E2A9,Roma Tomatoes,South Asian,bulk,Roma Tomatoes Fresh sold by weight $4.40/kg; no 3kg bag,4.4,per_kg,TRUE,TRUE,2026-06-01,FALSE
Save-On-Foods Delta,V4E2A9,Chicken Thighs,South Asian,small,SOF Butter Chicken Skinless Thighs Bone In ~1kg avg sold by weight,19.82,each,TRUE,TRUE,2026-06-01,FALSE
Save-On-Foods Delta,V4E2A9,Chicken Thighs,South Asian,bulk,Western Family Boneless Skinless Chicken Thighs Seasoned 3kg,38.49,each,TRUE,FALSE,2026-06-01,FALSE
Save-On-Foods Delta,V4E2A9,Plain Balkan Yogurt,South Asian,small,Olympic Organic Plain Yogurt 3.5% 650g,4.69,each,TRUE,FALSE,2026-06-01,FALSE
Save-On-Foods Delta,V4E2A9,Plain Balkan Yogurt,South Asian,bulk,Olympic Organic Plain Yogurt 3.5% 1.75kg,10.49,each,TRUE,FALSE,2026-06-01,FALSE
Save-On-Foods Delta,V4E2A9,Garlic,South Asian,small,Garlic Bulb Mesh 3 Each (3-pack),0.99,each,TRUE,FALSE,2026-06-01,FALSE
Save-On-Foods Delta,V4E2A9,Garlic,South Asian,bulk,Garlic Fresh Mesh Bag 1kg (500g bag not available; 1kg substituted),6.99,each,TRUE,FALSE,2026-06-01,TRUE
Save-On-Foods Delta,V4E2A9,Canola Oil,South Asian,small,Western Family Pure Canola Oil 946ml (closest to 1L),6.49,each,TRUE,FALSE,2026-06-01,TRUE
Save-On-Foods Delta,V4E2A9,Canola Oil,South Asian,bulk,Western Family Pure Canola Oil 3L,12.99,each,TRUE,FALSE,2026-06-01,FALSE
Save-On-Foods Delta,V4E2A9,Jasmine Rice,Chinese,small,Texana Thai Jasmine Rice 2kg,9.49,each,TRUE,FALSE,2026-06-01,FALSE
Save-On-Foods Delta,V4E2A9,Jasmine Rice,Chinese,bulk,Golden Phoenix Thai Jasmine Rice 16.3kg (10kg not available; closest bulk),54.99,each,TRUE,FALSE,2026-06-01,TRUE
Save-On-Foods Delta,V4E2A9,Bok Choy,Chinese,small,YU Baby Bok Choy 454g avg sold by weight ($0.66/100g),2.99,each,TRUE,TRUE,2026-06-01,FALSE
Save-On-Foods Delta,V4E2A9,Bok Choy,Chinese,bulk,Bok Choy Fresh 1.4kg avg sold by weight ($0.55/100g; 2kg target not exact),7.69,each,TRUE,TRUE,2026-06-01,TRUE
Save-On-Foods Delta,V4E2A9,Firm Tofu,Chinese,small,Sunrise Tofu Extra Firm 350g,3.99,each,TRUE,FALSE,2026-06-01,FALSE
Save-On-Foods Delta,V4E2A9,Firm Tofu,Chinese,bulk,Sunrise Firm Tofu 500g,3.5,each,TRUE,FALSE,2026-06-01,FALSE
Save-On-Foods Delta,V4E2A9,Kikkoman Soy Sauce,Chinese,small,Kikkoman Soy Sauce 296ml (closest to 250ml target),6.89,each,TRUE,FALSE,2026-06-01,TRUE
Save-On-Foods Delta,V4E2A9,Kikkoman Soy Sauce,Chinese,bulk,Kikkoman Soy Sauce 1.2L (1.89L not available; largest found),12.99,each,TRUE,FALSE,2026-06-01,TRUE
Save-On-Foods Delta,V4E2A9,Silk Soy Milk,Chinese,small,Silk Soy Beverage Original 946ml,4.49,each,TRUE,FALSE,2026-06-01,FALSE
Save-On-Foods Delta,V4E2A9,Silk Soy Milk,Chinese,bulk,Silk Soy Milk Alt Unsweetened 1.89L,6.29,each,TRUE,FALSE,2026-06-01,FALSE
Save-On-Foods Delta,V4E2A9,Eggs Large,Chinese,small,Western Family Large Brown Eggs 12-pack,5.79,each,TRUE,FALSE,2026-06-01,FALSE
Save-On-Foods Delta,V4E2A9,Eggs Large,Chinese,bulk,Western Family Large White Eggs 18-pack,7.35,each,TRUE,FALSE,2026-06-01,FALSE
Save-On-Foods Delta,V4E2A9,Green Onions,Chinese,small,Green Onions Scallions Bunch Fresh 1 Each,1.29,each,TRUE,FALSE,2026-06-01,FALSE
Save-On-Foods Delta,V4E2A9,Green Onions,Chinese,bulk,Green onion 3-bunch pack not available,,each,FALSE,FALSE,2026-06-01,TRUE
Save-On-Foods Delta,V4E2A9,Sesame Oil,Chinese,small,Western Family Pure Sesame Oil 300ml,5.99,each,TRUE,FALSE,2026-06-01,FALSE
Save-On-Foods Delta,V4E2A9,Sesame Oil,Chinese,bulk,Maison Orphee Sesame Oil 500ml,14.99,each,TRUE,FALSE,2026-06-01,FALSE
Save-On-Foods Delta,V4E2A9,Pork Shoulder,Chinese,small,Fresh Pork Shoulder Butt Collar ~726g avg sold by weight ($1.76/100g),12.79,each,TRUE,TRUE,2026-06-01,FALSE
Save-On-Foods Delta,V4E2A9,Pork Shoulder,Chinese,bulk,Western Canadian Pork Roast Shoulder Blade Boneless ~2kg avg (3kg not exact),26.41,each,TRUE,TRUE,2026-06-01,TRUE
Save-On-Foods Delta,V4E2A9,Napa Cabbage,Chinese,small,Cabbage Sui Choy Fresh ~1.48kg avg sold by weight ($0.37/100g),5.51,each,TRUE,TRUE,2026-06-01,FALSE
Save-On-Foods Delta,V4E2A9,Napa Cabbage,Chinese,bulk,Napa Cabbage Fresh sold by weight $3.70/kg,3.7,per_kg,TRUE,TRUE,2026-06-01,TRUE
Save-On-Foods Delta,V4E2A9,White Long Grain Rice,Filipino,small,Western Family Long Grain White Rice 1.81kg (2kg not available),6.99,each,TRUE,FALSE,2026-06-01,TRUE
Save-On-Foods Delta,V4E2A9,White Long Grain Rice,Filipino,bulk,Western Family Long Grain White Rice 8kg (10kg not available),18.99,each,TRUE,FALSE,2026-06-01,TRUE
Save-On-Foods Delta,V4E2A9,Frozen Tilapia,Filipino,small,Tilapia Frozen Cleaned 500g,3.3,each,TRUE,FALSE,2026-06-01,FALSE
Save-On-Foods Delta,V4E2A9,Frozen Tilapia,Filipino,bulk,Frozen Tilapia 2kg not available; only 500g found,,each,FALSE,FALSE,2026-06-01,TRUE
Save-On-Foods Delta,V4E2A9,Yellow Onions,Filipino,small,Yellow Onions Mesh Bag 3lb/1.36kg (2kg bag not available),3.99,each,TRUE,FALSE,2026-06-01,TRUE
Save-On-Foods Delta,V4E2A9,Yellow Onions,Filipino,bulk,Yellow Onions 5kg bag not available,,each,FALSE,FALSE,2026-06-01,TRUE
Save-On-Foods Delta,V4E2A9,Coconut Milk,Filipino,small,Kosa Can Coconut Milk 400ml,2.54,each,TRUE,FALSE,2026-06-01,FALSE
Save-On-Foods Delta,V4E2A9,Coconut Milk,Filipino,bulk,Coconut Milk 6-pack not available,,each,FALSE,FALSE,2026-06-01,TRUE
Save-On-Foods Delta,V4E2A9,Fish Sauce,Filipino,small,Squid Fish Sauce 300ml (350ml not available; 300ml substituted),1.99,each,TRUE,FALSE,2026-06-01,TRUE
Save-On-Foods Delta,V4E2A9,Fish Sauce,Filipino,bulk,Squid Fish Sauce 700ml (750ml not available; 700ml substituted),4.19,each,TRUE,FALSE,2026-06-01,TRUE
Save-On-Foods Delta,V4E2A9,Pork Belly,Filipino,small,PriceSmart Foods Pork Belly Boneless ~1kg avg sold by weight,19.16,each,TRUE,TRUE,2026-06-01,FALSE
Save-On-Foods Delta,V4E2A9,Pork Belly,Filipino,bulk,SOF Frozen Pork Belly 5kg avg sold by weight (3kg value pack not found; 5kg substituted),77.05,each,TRUE,TRUE,2026-06-01,TRUE
Save-On-Foods Delta,V4E2A9,Eggs Large,Filipino,small,Western Family Large Brown Eggs 12-pack,5.79,each,TRUE,FALSE,2026-06-01,FALSE
Save-On-Foods Delta,V4E2A9,Eggs Large,Filipino,bulk,Western Family Large White Eggs 18-pack,7.35,each,TRUE,FALSE,2026-06-01,FALSE
Save-On-Foods Delta,V4E2A9,Eggplant,Filipino,small,Eggplant Purple Regular ~500g sold by weight ($0.50/100g),2.79,each,TRUE,TRUE,2026-06-01,FALSE
Save-On-Foods Delta,V4E2A9,Eggplant,Filipino,bulk,Eggplant Fresh sold by weight $5.00/kg,5,per_kg,TRUE,TRUE,2026-06-01,TRUE
Save-On-Foods Delta,V4E2A9,Garlic,Filipino,small,Garlic Bulb Mesh 3 Each (3-pack),0.99,each,TRUE,FALSE,2026-06-01,FALSE
Save-On-Foods Delta,V4E2A9,Garlic,Filipino,bulk,Garlic Fresh Mesh Bag 1kg (500g bag not available; 1kg substituted),6.99,each,TRUE,FALSE,2026-06-01,TRUE
Save-On-Foods Delta,V4E2A9,Cane Vinegar,Filipino,small,Western Family Pure White Vinegar 1L (cane vinegar not available; white vinegar substituted),1.49,each,TRUE,FALSE,2026-06-01,TRUE
Save-On-Foods Delta,V4E2A9,Cane Vinegar,Filipino,bulk,Western Family Pure White Vinegar 4L (cane vinegar not available; white vinegar substituted),4.99,each,TRUE,FALSE,2026-06-01,TRUE
Save-On-Foods Delta,V4E2A9,Short Grain Rice (Calrose),Korean,small,Shirakiku Premium Short Grain Rice 2kg,16.44,each,TRUE,FALSE,2026-06-01,FALSE
Save-On-Foods Delta,V4E2A9,Short Grain Rice (Calrose),Korean,bulk,HEIWA Calrose Rice Extra Fancy 15lb (~6.8kg; 9kg not available),29.99,each,TRUE,FALSE,2026-06-01,TRUE
Save-On-Foods Delta,V4E2A9,Kimchi,Korean,small,Hankook Kimchi 900g (1kg not available; 900g substituted),15.49,each,TRUE,FALSE,2026-06-01,TRUE
Save-On-Foods Delta,V4E2A9,Kimchi,Korean,bulk,Kimchi 5kg not available; largest found is 900g,,each,FALSE,FALSE,2026-06-01,TRUE
Save-On-Foods Delta,V4E2A9,Gochujang,Korean,small,Gochujang not found at this store,,each,FALSE,FALSE,2026-06-01,TRUE
Save-On-Foods Delta,V4E2A9,Gochujang,Korean,bulk,Gochujang not found at this store,,each,FALSE,FALSE,2026-06-01,TRUE
Save-On-Foods Delta,V4E2A9,Bean Sprouts,Korean,small,Zimmerman Farm Bean Sprouts 227g (340g not available; 227g substituted),2.99,each,TRUE,FALSE,2026-06-01,TRUE
Save-On-Foods Delta,V4E2A9,Bean Sprouts,Korean,bulk,Bean Sprouts 1kg not available,,each,FALSE,FALSE,2026-06-01,TRUE
Save-On-Foods Delta,V4E2A9,Ground Beef,Korean,small,Western Canadian Lean Ground Beef 454g,9.5,each,TRUE,FALSE,2026-06-01,FALSE
Save-On-Foods Delta,V4E2A9,Ground Beef,Korean,bulk,Western Canadian Lean Ground Beef 1.36kg avg sold by weight,20.96,each,TRUE,TRUE,2026-06-01,TRUE
Save-On-Foods Delta,V4E2A9,Sesame Oil,Korean,small,Western Family Pure Sesame Oil 300ml,5.99,each,TRUE,FALSE,2026-06-01,FALSE
Save-On-Foods Delta,V4E2A9,Sesame Oil,Korean,bulk,Maison Orphee Sesame Oil 500ml,14.99,each,TRUE,FALSE,2026-06-01,FALSE
Save-On-Foods Delta,V4E2A9,Nori Sheets,Korean,small,Western Family Roasted Seaweed Sushi Nori 28g (20g target; 28g substituted),3.99,each,TRUE,FALSE,2026-06-01,TRUE
Save-On-Foods Delta,V4E2A9,Nori Sheets,Korean,bulk,Shirakiku Yaki Nori 130g (100g target; 130g substituted),13.99,each,TRUE,FALSE,2026-06-01,TRUE
Save-On-Foods Delta,V4E2A9,Silken Tofu,Korean,small,Silken tofu not found at this store,,each,FALSE,FALSE,2026-06-01,TRUE
Save-On-Foods Delta,V4E2A9,Silken Tofu,Korean,bulk,Silken tofu 2-pack not found at this store,,each,FALSE,FALSE,2026-06-01,TRUE
Save-On-Foods Delta,V4E2A9,Frozen Mackerel,Korean,small,Smart Choice Seafood Frozen Norway Mackerel Fillet Salted 400g (300g not available),7.99,each,TRUE,FALSE,2026-06-01,TRUE
Save-On-Foods Delta,V4E2A9,Frozen Mackerel,Korean,bulk,Frozen Mackerel 1kg not available,,each,FALSE,FALSE,2026-06-01,TRUE
Save-On-Foods Delta,V4E2A9,Eggs Large,Korean,small,Western Family Large Brown Eggs 12-pack,5.79,each,TRUE,FALSE,2026-06-01,FALSE
Save-On-Foods Delta,V4E2A9,Eggs Large,Korean,bulk,Western Family Large White Eggs 18-pack,7.35,each,TRUE,FALSE,2026-06-01,FALSE
Save-On-Foods Delta,V4E2A9,Whole Wheat Bread,European,small,Western Family 100% Whole Wheat Traditional Loaf 570g,2.99,each,TRUE,FALSE,2026-06-01,FALSE
Save-On-Foods Delta,V4E2A9,Whole Wheat Bread,European,bulk,Whole Wheat Bread 2-loaf pack not available,,each,FALSE,FALSE,2026-06-01,TRUE
Save-On-Foods Delta,V4E2A9,Whole Milk 3.25%,European,small,Dairyland Whole Milk 3.25% 1L,3.25,each,TRUE,FALSE,2026-06-01,FALSE
Save-On-Foods Delta,V4E2A9,Whole Milk 3.25%,European,bulk,Dairyland Whole Milk 3.25% 4L,6.19,each,TRUE,FALSE,2026-06-01,FALSE
Save-On-Foods Delta,V4E2A9,Cheddar Cheese,European,small,Value Priced Medium Cheddar Block 500g (400g not available; 500g substituted),7.99,each,TRUE,FALSE,2026-06-01,TRUE
Save-On-Foods Delta,V4E2A9,Cheddar Cheese,European,bulk,Value Priced Old Cheddar Block 820g (1kg not available; 820g substituted),14.99,each,TRUE,FALSE,2026-06-01,TRUE
Save-On-Foods Delta,V4E2A9,Eggs Large,European,small,Western Family Large Brown Eggs 12-pack,5.79,each,TRUE,FALSE,2026-06-01,FALSE
Save-On-Foods Delta,V4E2A9,Eggs Large,European,bulk,Western Family Large White Eggs 18-pack,7.35,each,TRUE,FALSE,2026-06-01,FALSE
Save-On-Foods Delta,V4E2A9,Ground Beef,European,small,Western Canadian Lean Ground Beef 454g,9.5,each,TRUE,FALSE,2026-06-01,FALSE
Save-On-Foods Delta,V4E2A9,Ground Beef,European,bulk,Western Canadian Lean Ground Beef 1.36kg avg sold by weight,20.96,each,TRUE,TRUE,2026-06-01,TRUE
Save-On-Foods Delta,V4E2A9,Russet Potatoes,European,small,Russet Potatoes 5lb (2.27kg),6.99,each,TRUE,FALSE,2026-06-01,FALSE
Save-On-Foods Delta,V4E2A9,Russet Potatoes,European,bulk,Russet Potatoes 10lb (4.54kg),4.99,each,TRUE,FALSE,2026-06-01,FALSE
Save-On-Foods Delta,V4E2A9,Carrots,European,small,Carrots Cello Bag 3lb (1.36kg),4.99,each,TRUE,FALSE,2026-06-01,FALSE
Save-On-Foods Delta,V4E2A9,Carrots,European,bulk,Carrots Orange 5lb Cello (2.27kg),7.49,each,TRUE,FALSE,2026-06-01,FALSE
Save-On-Foods Delta,V4E2A9,Extra Virgin Olive Oil,European,small,Western Family Extra Virgin Olive Oil 500ml,9.99,each,TRUE,FALSE,2026-06-01,FALSE
Save-On-Foods Delta,V4E2A9,Extra Virgin Olive Oil,European,bulk,Brio Extra Virgin Olive Oil 3L (2L not available; 3L substituted),29.99,each,TRUE,FALSE,2026-06-01,TRUE
Save-On-Foods Delta,V4E2A9,Diced Tomatoes Canned,European,small,Aylmer No Salt Added Canned Diced Tomatoes 796ml,3.49,each,TRUE,FALSE,2026-06-01,FALSE
Save-On-Foods Delta,V4E2A9,Diced Tomatoes Canned,European,bulk,Diced Tomatoes 6-pack not available,,each,FALSE,FALSE,2026-06-01,TRUE
Save-On-Foods Delta,V4E2A9,Greek Yogurt Plain,European,small,Western Family Greek Style Yogurt 500g,5.29,each,TRUE,FALSE,2026-06-01,FALSE
Save-On-Foods Delta,V4E2A9,Greek Yogurt Plain,European,bulk,OIKOS Greek Yogurt Plain 1.5kg,12.99,each,TRUE,FALSE,2026-06-01,FALSE
Save-On-Foods Delta,V4E2A9,Canned Salmon,Indigenous,small,Gold Seal Wild Pink Salmon 213g,3.5,each,TRUE,FALSE,2026-06-01,FALSE
Save-On-Foods Delta,V4E2A9,Canned Salmon,Indigenous,bulk,Western Family Wild Pacific Sockeye Salmon 3-pack (~639g; 6-pack not available),21.49,each,TRUE,FALSE,2026-06-01,TRUE
Save-On-Foods Delta,V4E2A9,Robin Hood All Purpose Flour,Indigenous,small,Robin Hood All Purpose Flour Original 1kg (2kg not available; 1kg substituted),4.99,each,TRUE,FALSE,2026-06-01,TRUE
Save-On-Foods Delta,V4E2A9,Robin Hood All Purpose Flour,Indigenous,bulk,Robin Hood All Purpose Flour Original 10kg,22.49,each,TRUE,FALSE,2026-06-01,FALSE
Save-On-Foods Delta,V4E2A9,Frozen Wild Blueberries,Indigenous,small,Western Family Cultivated Blueberries 600g (wild not available; cultivated substituted),5.49,each,TRUE,FALSE,2026-06-01,TRUE
Save-On-Foods Delta,V4E2A9,Frozen Wild Blueberries,Indigenous,bulk,Western Family Cultivated Blueberries 1.5kg (wild not available; cultivated substituted),12.99,each,TRUE,FALSE,2026-06-01,TRUE
Save-On-Foods Delta,V4E2A9,Bison Meat,Indigenous,small,Bison meat not found at this store,,each,FALSE,FALSE,2026-06-01,TRUE
Save-On-Foods Delta,V4E2A9,Bison Meat,Indigenous,bulk,Bison meat not found at this store,,each,FALSE,FALSE,2026-06-01,TRUE
Save-On-Foods Delta,V4E2A9,Russet Potatoes,Indigenous,small,Russet Potatoes 5lb (3lb/1.36kg bag not available; 5lb substituted),6.99,each,TRUE,FALSE,2026-06-01,TRUE
Save-On-Foods Delta,V4E2A9,Russet Potatoes,Indigenous,bulk,Russet Potatoes 10lb (4.54kg),4.99,each,TRUE,FALSE,2026-06-01,FALSE
Save-On-Foods Delta,V4E2A9,Whole Milk 3.25%,Indigenous,small,Dairyland Whole Milk 3.25% 1L,3.25,each,TRUE,FALSE,2026-06-01,FALSE
Save-On-Foods Delta,V4E2A9,Whole Milk 3.25%,Indigenous,bulk,Dairyland Whole Milk 3.25% 4L,6.19,each,TRUE,FALSE,2026-06-01,FALSE
Save-On-Foods Delta,V4E2A9,Eggs Large,Indigenous,small,Western Family Large Brown Eggs 12-pack,5.79,each,TRUE,FALSE,2026-06-01,FALSE
Save-On-Foods Delta,V4E2A9,Eggs Large,Indigenous,bulk,Western Family Large White Eggs 18-pack,7.35,each,TRUE,FALSE,2026-06-01,FALSE
Save-On-Foods Delta,V4E2A9,Pinto Beans Canned,Indigenous,small,Western Family Pinto Beans 540ml,1.67,each,TRUE,FALSE,2026-06-01,FALSE
Save-On-Foods Delta,V4E2A9,Pinto Beans Canned,Indigenous,bulk,Pinto Beans 6-pack not available,,each,FALSE,FALSE,2026-06-01,TRUE
Save-On-Foods Delta,V4E2A9,Quaker Oats,Indigenous,small,Quaker Quick Oats 1kg,6.99,each,TRUE,FALSE,2026-06-01,FALSE
Save-On-Foods Delta,V4E2A9,Quaker Oats,Indigenous,bulk,Quaker Quick Oats 2.25kg,9.99,each,TRUE,FALSE,2026-06-01,FALSE
Save-On-Foods Delta,V4E2A9,Crisco Shortening,Indigenous,small,Crisco All-Vegetable Shortening 454g,5.69,each,TRUE,FALSE,2026-06-01,FALSE
Save-On-Foods Delta,V4E2A9,Crisco Shortening,Indigenous,bulk,Crisco All-Vegetable Shortening 1.36kg,14.69,each,TRUE,FALSE,2026-06-01,FALSE
Save-On-Foods Delta,V4E2A9,Whole Wheat Bread,Others,small,Western Family 100% Whole Wheat Traditional Loaf 570g,2.99,each,TRUE,FALSE,2026-06-01,FALSE
Save-On-Foods Delta,V4E2A9,Whole Wheat Bread,Others,bulk,Whole Wheat Bread 2-loaf pack not available,,each,FALSE,FALSE,2026-06-01,TRUE
Save-On-Foods Delta,V4E2A9,Whole Milk 3.25%,Others,small,Dairyland Whole Milk 3.25% 1L,3.25,each,TRUE,FALSE,2026-06-01,FALSE
Save-On-Foods Delta,V4E2A9,Whole Milk 3.25%,Others,bulk,Dairyland Whole Milk 3.25% 4L,6.19,each,TRUE,FALSE,2026-06-01,FALSE
Save-On-Foods Delta,V4E2A9,Eggs Large,Others,small,Western Family Large Brown Eggs 12-pack,5.79,each,TRUE,FALSE,2026-06-01,FALSE
Save-On-Foods Delta,V4E2A9,Eggs Large,Others,bulk,Western Family Large White Eggs 18-pack,7.35,each,TRUE,FALSE,2026-06-01,FALSE
Save-On-Foods Delta,V4E2A9,Chicken Breast Boneless Skinless,Others,small,SOF Chicken Breast Boneless Skinless Fresh ~500g avg sold by weight ($2.64/100g),13.22,each,TRUE,TRUE,2026-06-01,TRUE
Save-On-Foods Delta,V4E2A9,Chicken Breast Boneless Skinless,Others,bulk,SOF Chicken Breast Boneless Combo Pack ~800g avg sold by weight ($2.31/100g; 1.8kg not found),18.5,each,TRUE,TRUE,2026-06-01,TRUE
Save-On-Foods Delta,V4E2A9,Russet Potatoes,Others,small,Russet Potatoes 5lb (2.27kg),6.99,each,TRUE,FALSE,2026-06-01,FALSE
Save-On-Foods Delta,V4E2A9,Russet Potatoes,Others,bulk,Russet Potatoes 10lb (4.54kg),4.99,each,TRUE,FALSE,2026-06-01,FALSE
Save-On-Foods Delta,V4E2A9,Carrots,Others,small,Carrots Cello Bag 3lb (1.36kg),4.99,each,TRUE,FALSE,2026-06-01,FALSE
Save-On-Foods Delta,V4E2A9,Carrots,Others,bulk,Carrots Orange 5lb Cello (2.27kg),7.49,each,TRUE,FALSE,2026-06-01,FALSE
Save-On-Foods Delta,V4E2A9,Black Beans Canned,Others,small,Western Family Black Beans 540ml,1.67,each,TRUE,FALSE,2026-06-01,FALSE
Save-On-Foods Delta,V4E2A9,Black Beans Canned,Others,bulk,Black Beans 6-pack not available,,each,FALSE,FALSE,2026-06-01,TRUE
Save-On-Foods Delta,V4E2A9,Canola Oil,Others,small,Western Family Pure Canola Oil 946ml (closest to 1L),6.49,each,TRUE,FALSE,2026-06-01,TRUE
Save-On-Foods Delta,V4E2A9,Canola Oil,Others,bulk,Western Family Pure Canola Oil 3L,12.99,each,TRUE,FALSE,2026-06-01,FALSE
Save-On-Foods Delta,V4E2A9,Quaker Oats,Others,small,Quaker Quick Oats 1kg,6.99,each,TRUE,FALSE,2026-06-01,FALSE
Save-On-Foods Delta,V4E2A9,Quaker Oats,Others,bulk,Quaker Quick Oats 2.25kg,9.99,each,TRUE,FALSE,2026-06-01,FALSE
Save-On-Foods Delta,V4E2A9,Bananas,Others,small,Bananas Yellow Fresh sold by weight $2.00/kg,2,per_kg,TRUE,TRUE,2026-06-01,FALSE
Save-On-Foods Delta,V4E2A9,Bananas,Others,bulk,Bananas Yellow Fresh sold by weight $2.00/kg; no 3kg pre-pack,2,per_kg,TRUE,TRUE,2026-06-01,FALSE
